,naselje,rodilnik,mestnik,lat,lng,region_name,region_id
0,Abitanti,Abitantov,Abitantih,45.55,13.7333,Obalno-kraška,SI044
1,Adamovo,Adamova,Adamovu,45.8363,14.6377,Osrednjeslovenska,SI041
2,Adlešiči,Adlešičev,Adlešičih,45.5711,15.1889,Jugovzhodna Slovenija,SI037
3,Adrijanci,Adrijancev,Adrijancih,46.805,16.2172,Pomurska,SI031
4,Ajba,Ajbe,Ajbi,46.088,13.6347,Goriška,SI043
5,Ajbelj,Ajbelja,Ajbelju,45.5088,14.91,Jugovzhodna Slovenija,SI037
6,Ajdovščina,Ajdovščine,Ajdovščini,45.8861,13.9097,Goriška,SI043
7,Ajševica,Ajševice,Ajševici,45.9558,13.6433,Goriška,SI043
8,Ambrus,Ambrusa,Ambrusu,45.9374,14.8029,Osrednjeslovenska,SI041
9,Andol,Andola,Andolu,45.74,14.7308,Jugovzhodna Slovenija,SI037
10,Andol,Andola,Andolu,46.5372,15.2733,Koroška,SI033
11,Andraž Nad Polzelo,Andraža Nada Polzela,Andražu Nadu Polzelu,46.2809,15.074,Savinjska,SI034
12,Andrenci,Andrenciv,Andrencih,46.566,15.9429,Podravska,SI032
13,Anhovo,Anhova,Anhovu,46.088,13.6347,Goriška,SI043
14,Ankaran,Ankarana,Ankaranu,45.5793,13.7379,Obalno-kraška,SI044
15,Anovec,Anovca,Anovcu,45.95,15.4833,Posavska,SI036
18,Apnenik,Apnenika,Apneniku,45.8389,15.3361,Jugovzhodna Slovenija,SI037
19,Apnenik Pri Boštanju,Apnenika Priv Boštanjua,Apneniku Prih Boštanjuu,46.0092,15.3041,Posavska,SI036
20,Apnenik Pri Velikem Trnu,Apnenika Priv Velikema Trnua,Apneniku Prih Velikemu Trnuu,45.95,15.4833,Posavska,SI036
21,Arclin,Arclina,Arclinu,46.2933,15.3052,Savinjska,SI034
22,Arčelca,Arčelce,Arčelci,45.9104,15.0086,Jugovzhodna Slovenija,SI037
23,Ardro Pod Velikim Trnom,Ardra Poda Velikima Trnoma,Ardru Podu Velikimu Trnomu,45.95,15.4833,Posavska,SI036
24,Ardro Pri Raki,Ardra Priv Rakiv,Ardru Prih Rakih,45.95,15.4833,Posavska,SI036
25,Arja Vas,Arje Vasa,Arji Vasu,46.251,15.1639,Savinjska,SI034
26,Armeško,Armeška,Armešku,45.95,15.4833,Posavska,SI036
27,Arnače,Arnača,Arnaču,46.3625,15.1144,Savinjska,SI034
28,Arnovo Selo,Arnova Sela,Arnovu Selu,45.9048,15.5922,Posavska,SI036
29,Artiče,Artič,Artičah,45.9048,15.5922,Posavska,SI036
30,Artiža Vas,Artiže Vasa,Artiži Vasu,45.9374,14.8029,Osrednjeslovenska,SI041
31,Artmanja Vas,Artmanje Vasa,Artmanji Vasu,45.9104,15.0086,Jugovzhodna Slovenija,SI037
32,Arto,Arta,Artu,46.0092,15.3041,Posavska,SI036
33,Avber,Avbera,Avberu,45.7034,13.8706,Obalno-kraška,SI044
34,Avče,Avča,Avču,46.088,13.6347,Goriška,SI043
35,Avsa,Avse,Avsi,46.2464,13.578,Goriška,SI043
36,Babiči,Babičev,Babičih,45.55,13.7333,Obalno-kraška,SI044
37,Babinci,Babinciv,Babincih,46.5168,16.2027,Pomurska,SI031
38,Babna Gora,Babne Gore,Babni Gori,45.9104,15.0086,Jugovzhodna Slovenija,SI037
39,Babni Vrt,Babnega Vrta,Babnem Vrtu,46.2333,14.3667,Gorenjska,SI042
40,Bač,Bača,Baču,45.5679,14.2527,Primorsko-notranjska,SI038
41,Bača Pri Modreju,Bače Priv Modrejua,Bači Prih Modrejuu,46.1857,13.7352,Goriška,SI043
42,Bača Pri Podbrdu,Bače Priv Podbrdua,Bači Prih Podbrduu,46.1857,13.7352,Goriška,SI043
43,Bakovci,Bakovcev,Bakovcih,46.6667,16.1667,Pomurska,SI031
44,Bakrc,Bakrca,Bakrcu,45.9374,14.8029,Osrednjeslovenska,SI041
45,Balkovci,Balkovcev,Balkovcih,45.5711,15.1889,Jugovzhodna Slovenija,SI037
46,Bane,Bana,Banu,45.8363,14.6377,Osrednjeslovenska,SI041
47,Banja Loka,Banje Loke,Banji Loki,45.5088,14.91,Jugovzhodna Slovenija,SI037
48,Banjšice,Banjšic,Banjšicah,45.9558,13.6433,Goriška,SI043
49,Banovci,Banovcev,Banovcih,46.5818,16.1623,Pomurska,SI031
50,Banuta,Banute,Banuti,46.5631,16.4519,Pomurska,SI031
51,Baredi,Barediv,Baredih,45.5344,13.6675,Obalno-kraška,SI044
52,Barislovci,Barislovcev,Barislovcih,45.8484,14.6944,Osrednjeslovenska,SI041
53,Barizoni,Barizoniv,Barizonih,45.55,13.7333,Obalno-kraška,SI044
54,Barka,Barke,Barki,45.682,13.9702,Obalno-kraška,SI044
55,Bašelj,Bašelja,Bašelju,46.3052,14.4203,Gorenjska,SI042
57,Batuje,Batuj,Batujah,45.8861,13.9097,Goriška,SI043
58,Bavdek,Bavdka,Bavdku,45.8363,14.6377,Osrednjeslovenska,SI041
59,Bavšica,Bavšice,Bavšici,46.3378,13.5522,Goriška,SI043
60,Beč,Beča,Beču,45.7964,14.3581,Primorsko-notranjska,SI038
61,Bečaje,Bečaja,Bečaju,45.7964,14.3581,Primorsko-notranjska,SI038
62,Bedenj,Bedenja,Bedenju,45.5711,15.1889,Jugovzhodna Slovenija,SI037
63,Begunje Na Gorenjskem,Begunja Ne Gorenjskema,Begunju Ni Gorenjskemu,46.3425,14.1721,Gorenjska,SI042
64,Begunje Pri Cerknici,Begunja Priv Cerkniciv,Begunju Prih Cerknicih,45.7964,14.3581,Primorsko-notranjska,SI038
67,Bela Cerkev,Bele Cerkve,Beli Cerkvi,45.8622,15.2214,Jugovzhodna Slovenija,SI037
68,Bela Peč,Bele Peča,Beli Peču,46.2257,14.612,Osrednjeslovenska,SI041
69,Belavšek,Belavšeka,Belavšeku,45.8484,14.6944,Osrednjeslovenska,SI041
70,Belca,Belce,Belci,46.4854,13.7871,Gorenjska,SI042
71,Belčji Vrh,Belčjiv Vrha,Belčjih Vrhu,45.5711,15.1889,Jugovzhodna Slovenija,SI037
72,Bele Vode,Bela Voda,Belu Vodu,46.3798,15.0482,Savinjska,SI034
73,Beli Potok Pri Frankolovem,Beliv Potoka Priv Frankolovema,Belih Potoku Prih Frankolovemu,46.2933,15.3052,Savinjska,SI034
75,Belovo,Belova,Belovu,46.1563,15.2386,Savinjska,SI034
76,Belski Vrh,Belskiv Vrha,Belskih Vrhu,46.3917,16.0497,Podravska,SI032
77,Belsko,Belska,Belsku,45.7759,14.2137,Primorsko-notranjska,SI038
78,Belšak,Belšaka,Belšaku,46.5438,14.9119,Koroška,SI033
79,Belšinja Vas,Belšinje Vasa,Belšinji Vasu,45.9104,15.0086,Jugovzhodna Slovenija,SI037
80,Beltinci,Beltincev,Beltincih,46.606,16.2328,Pomurska,SI031
81,Belvedur,Belvedura,Belveduru,45.55,13.7333,Obalno-kraška,SI044
82,Benečija,Benečije,Benečiji,45.9104,15.0086,Jugovzhodna Slovenija,SI037
83,Benedikt,Benedikta,Benediktu,46.6065,15.8842,Podravska,SI032
84,Benica,Benice,Benici,46.5631,16.4519,Pomurska,SI031
85,Berinjak,Berinjaka,Berinjaku,45.8484,14.6944,Osrednjeslovenska,SI041
86,Berinjek,Berinjeka,Berinjeku,46.0667,14.8167,Zasavska,SI035
87,Berkovci,Berkovciv,Berkovcih,46.5631,16.1399,Pomurska,SI031
88,Berkovski Prelogi,Berkovskiv Prelogiv,Berkovskih Prelogih,46.5631,16.1399,Pomurska,SI031
89,Bertoki,Bertokiv,Bertokih,45.55,13.7333,Obalno-kraška,SI044
90,Besnica,Besnice,Besnici,46.0514,14.5061,Osrednjeslovenska,SI041
91,Betanja,Betanje,Betanji,45.682,13.9702,Obalno-kraška,SI044
92,Betonovo,Betonovega,Betonovem,45.7616,14.6363,Jugovzhodna Slovenija,SI037
93,Bevče,Bevč,Bevčah,46.3625,15.1144,Savinjska,SI034
94,Bevke,Bevk,Bevkah,45.9624,14.2937,Osrednjeslovenska,SI041
95,Bezena,Bezene,Bezeni,46.5386,15.5154,Podravska,SI032
96,Bezenškovo Bukovje,Bezenškova Bukovja,Bezenškovu Bukovju,46.2933,15.3052,Savinjska,SI034
97,Bezina,Bezine,Bezini,46.3383,15.4233,Savinjska,SI034
98,Beznovci,Beznovciv,Beznovcih,46.7039,16.1572,Pomurska,SI031
99,Bezovica,Bezovice,Bezovici,45.55,13.7333,Obalno-kraška,SI044
100,Bezovica,Bezovice,Bezovici,46.2933,15.3052,Savinjska,SI034
101,Bezovje Nad Zrečami,Bezovja Nada Zrečamiv,Bezovju Nadu Zrečamih,46.375,15.3854,Savinjska,SI034
102,Bezovje Pri Šentjurju,Bezovja Priv Šentjurjua,Bezovju Prih Šentjurjuu,46.2176,15.396,Savinjska,SI034
103,Bezuljak,Bezuljaka,Bezuljaku,45.7964,14.3581,Primorsko-notranjska,SI038
105,Bičje,Bičja,Bičju,45.9551,14.6562,Osrednjeslovenska,SI041
106,Binkelj,Binklja,Binklju,46.1672,14.303,Gorenjska,SI042
107,Birčna Vas,Birčne Vasa,Birčni Vasu,45.8,15.1667,Jugovzhodna Slovenija,SI037
108,Birna Vas,Birne Vasa,Birni Vasu,46.0092,15.3041,Posavska,SI036
110,Bistrica,Bistrice,Bistrici,45.5711,15.1889,Jugovzhodna Slovenija,SI037
111,Bistrica,Bistrice,Bistrici,46.074,15.559,Savinjska,SI034
112,Bistrica,Bistrice,Bistrici,46.0667,14.8167,Zasavska,SI035
113,Bistrica,Bistrice,Bistrici,46.2749,14.3176,Gorenjska,SI042
114,Bistrica,Bistrice,Bistrici,45.9769,15.0897,Jugovzhodna Slovenija,SI037
115,Bistrica Ob Dravi,Bistrice Oba Draviv,Bistrici Obu Dravih,46.5386,15.5154,Podravska,SI032
116,Bistrica Pri Tržiču,Bistrice Priv Tržičua,Bistrici Prih Tržičuu,46.3581,14.293,Gorenjska,SI042
117,Bistričica,Bistričice,Bistričici,46.2257,14.612,Osrednjeslovenska,SI041
118,Biš,Biša,Bišu,46.5231,15.8978,Podravska,SI032
119,Bišče,Bišča,Bišču,46.1394,14.595,Osrednjeslovenska,SI041
120,Bišečki Vrh,Bišečkega Vrha,Bišečkem Vrhu,46.5231,15.8978,Podravska,SI032
121,Biška Vas,Biške Vasa,Biški Vasu,45.858,15.0876,Jugovzhodna Slovenija,SI037
122,Bitiče,Bitiča,Bitiču,46.0667,14.8167,Zasavska,SI035
123,Bizeljska Vas,Bizeljske Vasi,Bizeljski Vasi,45.9048,15.5922,Posavska,SI036
124,Bizeljsko,Bizeljskega,Bizeljskem,45.9048,15.5922,Posavska,SI036
125,Blagovica,Blagovice,Blagovici,46.1686,14.6892,Osrednjeslovenska,SI041
126,Blanca,Blance,Blanci,46.0092,15.3041,Posavska,SI036
129,Blatna Brezovica,Blatne Brezovice,Blatni Brezovici,45.9624,14.2937,Osrednjeslovenska,SI041
130,Blatni Vrh,Blatniv Vrha,Blatnih Vrhu,46.1563,15.2386,Savinjska,SI034
131,Blatnik Pri Črmošnjicah,Blatnika Priv Črmošnjicaha,Blatniku Prih Črmošnjicahu,45.6546,15.1783,Jugovzhodna Slovenija,SI037
132,Blatnik Pri Črnomlju,Blatnika Priv Črnomljua,Blatniku Prih Črnomljuu,45.5711,15.1889,Jugovzhodna Slovenija,SI037
136,Blečji Vrh,Blečjega Vrha,Blečjem Vrhu,45.9551,14.6562,Osrednjeslovenska,SI041
137,Bled,Bleda,Bledu,46.3688,14.114,Gorenjska,SI042
138,Blejska Dobrava,Blejske Dobrave,Blejski Dobravi,46.4366,14.0602,Gorenjska,SI042
139,Bločice,Bločic,Bločicah,45.7964,14.3581,Primorsko-notranjska,SI038
140,Bloška Polica,Bloške Police,Bloški Polici,45.7964,14.3581,Primorsko-notranjska,SI038
141,Boben,Bobna,Bobnu,46.1479,15.1528,Savinjska,SI034
142,Bobovek,Bobovka,Bobovku,46.2333,14.3667,Gorenjska,SI042
143,Bobovo Pri Ponikvi,Bobova Priv Ponikviv,Bobovu Prih Ponikvih,46.2176,15.396,Savinjska,SI034
144,Bočaji,Bočajiv,Bočajih,45.55,13.7333,Obalno-kraška,SI044
145,Bočna,Bočne,Bočni,46.2961,14.8052,Savinjska,SI034
146,Bodešče,Bodešča,Bodešču,46.3688,14.114,Gorenjska,SI042
147,Bodislavci,Bodislavcev,Bodislavcih,46.5168,16.2027,Pomurska,SI031
148,Bodkovci,Bodkovcev,Bodkovcih,46.4853,15.971,Podravska,SI032
149,Bodonci,Bodoncev,Bodoncih,46.7039,16.1572,Pomurska,SI031
150,Bodovlje,Bodovlja,Bodovlju,46.1672,14.303,Gorenjska,SI042
151,Bodrež,Bodreža,Bodrežu,46.088,13.6347,Goriška,SI043
152,Boga Vas,Boge Vasa,Bogi Vasu,45.9374,14.8029,Osrednjeslovenska,SI041
154,Boharina,Boharine,Boharini,46.375,15.3854,Savinjska,SI034
155,Bohinjska Bela,Bohinjske Bele,Bohinjski Beli,46.3688,14.114,Gorenjska,SI042
156,Bojanci,Bojancev,Bojancih,45.5711,15.1889,Jugovzhodna Slovenija,SI037
157,Bojanji Vrh,Bojanjiv Vrha,Bojanjih Vrhu,45.9374,14.8029,Osrednjeslovenska,SI041
158,Bojsno,Bojsna,Bojsnu,45.9048,15.5922,Posavska,SI036
159,Bojtina,Bojtine,Bojtini,46.3903,15.575,Podravska,SI032
160,Bokrači,Bokračev,Bokračih,46.7039,16.1572,Pomurska,SI031
161,Bolečka Vas,Bolečke Vasa,Bolečki Vasu,46.35,15.7333,Podravska,SI032
162,Boletina,Boletine,Boletini,46.2176,15.396,Savinjska,SI034
163,Boltija,Boltije,Boltiji,46.0667,14.8167,Zasavska,SI035
164,Bonini,Boninov,Boninih,45.55,13.7333,Obalno-kraška,SI044
165,Boračeva,Boračeve,Boračevi,46.6428,16.0453,Pomurska,SI031
166,Boreci,Borecev,Borecih,46.5631,16.1399,Pomurska,SI031
167,Boreča,Boreče,Boreči,46.805,16.2172,Pomurska,SI031
168,Borejci,Borejcev,Borejcih,46.6558,16.0933,Pomurska,SI031
169,Boričevo,Boričevega,Boričevem,45.8,15.1667,Jugovzhodna Slovenija,SI037
170,Borjana,Borjane,Borjani,46.2464,13.578,Goriška,SI043
171,Borovak Pri Polšniku,Borovaka Priv Polšnikua,Borovaku Prih Polšnikuu,46.0667,14.8167,Zasavska,SI035
172,Borovci,Borovcev,Borovcih,46.3956,15.9314,Podravska,SI032
173,Borovec Pri Karlovici,Borovca Priv Karloviciv,Borovcu Prih Karlovicih,45.8363,14.6377,Osrednjeslovenska,SI041
174,Borovec Pri Kočevski Reki,Borovca Priv Kočevskiv Rekiv,Borovcu Prih Kočevskih Rekih,45.643,14.8594,Jugovzhodna Slovenija,SI037
175,Borovnica,Borovnice,Borovnici,45.9197,14.3572,Osrednjeslovenska,SI041
178,Boršt Pri Dvoru,Boršta Priv Dvorua,Borštu Prih Dvoruu,45.8339,14.9292,Jugovzhodna Slovenija,SI037
179,Bošamarin,Bošamarina,Bošamarinu,45.55,13.7333,Obalno-kraška,SI044
180,Boštanj,Boštanja,Boštanju,46.0092,15.3041,Posavska,SI036
181,Boštetje,Boštetja,Boštetju,45.8363,14.6377,Osrednjeslovenska,SI041
182,Botričnica,Botričnice,Botričnici,46.2176,15.396,Savinjska,SI034
183,Bovec,Bovca,Bovcu,46.3378,13.5522,Goriška,SI043
184,Bovše,Bovš,Bovšah,46.2933,15.3052,Savinjska,SI034
185,Božje,Božja,Božju,46.386,15.4458,Podravska,SI032
186,Bračna Vas,Bračne Vasa,Bračni Vasu,45.9048,15.5922,Posavska,SI036
187,Branik,Branika,Braniku,45.9558,13.6433,Goriška,SI043
188,Brankovo,Brankova,Brankovu,45.8363,14.6377,Osrednjeslovenska,SI041
189,Branoslavci,Branoslavcev,Branoslavcih,46.5168,16.2027,Pomurska,SI031
190,Braslovče,Braslovča,Braslovču,46.2884,15.0386,Savinjska,SI034
191,Bratislavci,Bratislavcev,Bratislavcih,46.4299,15.9488,Podravska,SI032
192,Bratnice,Bratnic,Bratnicah,45.9374,14.8029,Osrednjeslovenska,SI041
193,Bratonci,Bratoncev,Bratoncih,46.606,16.2328,Pomurska,SI031
194,Brce,Brc,Brcah,45.5679,14.2527,Primorsko-notranjska,SI038
197,Brdarci,Brdarciv,Brdarcih,45.5711,15.1889,Jugovzhodna Slovenija,SI037
198,Brdce,Brdc,Brdcah,46.1479,15.1528,Savinjska,SI034
199,Brdce,Brdc,Brdcah,46.2933,15.3052,Savinjska,SI034
200,Brdce Nad Dobrno,Brdca Nada Dobrna,Brdcu Nadu Dobrnu,46.3381,15.2293,Savinjska,SI034
207,Brdo Pri Lukovici,Brda Priv Lukoviciv,Brdu Prih Lukovicih,46.1686,14.6892,Osrednjeslovenska,SI041
211,Breg Ob Bistrici,Brega Oba Bistriciv,Bregu Obu Bistricih,46.3581,14.293,Gorenjska,SI042
212,Breg Ob Kokri,Brega Oba Kokriv,Bregu Obu Kokrih,46.3052,14.4203,Gorenjska,SI042
213,Breg Ob Savi,Brega Oba Saviv,Bregu Obu Savih,46.2333,14.3667,Gorenjska,SI042
214,Breg Pri Borovnici,Brega Priv Borovniciv,Bregu Prih Borovnicih,45.9197,14.3572,Osrednjeslovenska,SI041
215,Breg Pri Dobu,Brega Priv Dobua,Bregu Prih Dobuu,45.9374,14.8029,Osrednjeslovenska,SI041
216,Breg Pri Kočevju,Brega Priv Kočevjua,Bregu Prih Kočevjuu,45.643,14.8594,Jugovzhodna Slovenija,SI037
217,Breg Pri Komendi,Brega Priv Komendiv,Bregu Prih Komendih,46.2073,14.539,Osrednjeslovenska,SI041
218,Breg Pri Konjicah,Brega Priv Konjicaha,Bregu Prih Konjicahu,46.3383,15.4233,Savinjska,SI034
219,Breg Pri Litiji,Brega Priv Litijiv,Bregu Prih Litijih,46.0667,14.8167,Zasavska,SI035
220,Breg Pri Polzeli,Brega Priv Polzeliv,Bregu Prih Polzelih,46.2809,15.074,Savinjska,SI034
221,Breg Pri Ribnici Na Dol.,Brega Priv Ribniciv Ne Dol.a,Bregu Prih Ribnicih Ni Dol.u,45.74,14.7308,Jugovzhodna Slovenija,SI037
222,Breg Pri Ribnici Na Dol.,Brega Priv Ribniciv Ne Dol.a,Bregu Prih Ribnicih Ni Dol.u,46.5372,15.2733,Koroška,SI033
223,Breg Pri Sinjem Vrhu,Brega Priv Sinjema Vrhua,Bregu Prih Sinjemu Vrhuu,45.5711,15.1889,Jugovzhodna Slovenija,SI037
224,Breg Pri Temenici,Brega Priv Temeniciv,Bregu Prih Temenicih,45.9374,14.8029,Osrednjeslovenska,SI041
225,Breg Pri Zagradcu,Brega Priv Zagradcua,Bregu Prih Zagradcuu,45.9374,14.8029,Osrednjeslovenska,SI041
227,Breginj,Breginja,Breginju,46.2464,13.578,Goriška,SI043
228,Brekovice,Brekovic,Brekovicah,46.0469,14.1097,Gorenjska,SI042
229,Brengova,Brengove,Brengovi,46.566,15.9429,Podravska,SI032
230,Bresnica,Bresnice,Bresnici,46.4086,16.1475,Podravska,SI032
231,Brest,Bresta,Brestu,45.9692,14.5394,Osrednjeslovenska,SI041
232,Brestanica,Brestanice,Brestanici,45.95,15.4833,Posavska,SI036
233,Bresternica,Bresternice,Bresternici,46.5575,15.6456,Podravska,SI032
234,Brestovec,Brestovca,Brestovcu,46.2314,15.6381,Savinjska,SI034
235,Brestovica Pri Komnu,Brestovice Priv Komnua,Brestovici Prih Komnuu,45.8159,13.7507,Obalno-kraška,SI044
236,Brestovica Pri Povirju,Brestovice Priv Povirjua,Brestovici Prih Povirjuu,45.7034,13.8706,Obalno-kraška,SI044
237,Breška Vas,Breške Vasa,Breški Vasu,45.8389,15.3361,Jugovzhodna Slovenija,SI037
238,Breza,Breze,Brezi,45.9104,15.0086,Jugovzhodna Slovenija,SI037
240,Brezje,Brezja,Brezju,45.7964,14.3581,Primorsko-notranjska,SI038
241,Brezje,Brezja,Brezju,46.3381,14.9572,Savinjska,SI034
242,Brezje,Brezja,Brezju,45.8,15.1667,Jugovzhodna Slovenija,SI037
243,Brezje,Brezja,Brezju,46.3425,14.1721,Gorenjska,SI042
244,Brezje,Brezja,Brezju,46.0092,15.3041,Posavska,SI036
245,Brezje Nad Kamnikom,Brezja Nada Kamnikoma,Brezju Nadu Kamnikomu,46.2257,14.612,Osrednjeslovenska,SI041
246,Brezje Ob Slomu,Brezja Oba Slomua,Brezju Obu Slomuu,46.2176,15.396,Savinjska,SI034
247,Brezje Pod Nanosom,Brezja Poda Nanosoma,Brezju Podu Nanosomu,45.7759,14.2137,Primorsko-notranjska,SI038
248,Brezje Pri Bojsnem,Brezja Priv Bojsnema,Brezju Prih Bojsnemu,45.9048,15.5922,Posavska,SI036
249,Brezje Pri Dobjem,Brezja Priv Dobjema,Brezju Prih Dobjemu,46.1369,15.3945,Savinjska,SI034
250,Brezje Pri Dobu,Brezja Priv Dobua,Brezju Prih Dobuu,46.1394,14.595,Osrednjeslovenska,SI041
251,Brezje Pri Dovškem,Brezja Priv Dovškema,Brezju Prih Dovškemu,45.95,15.4833,Posavska,SI036
252,Brezje Pri Grosupljem,Brezja Priv Grosupljema,Brezju Prih Grosupljemu,45.9551,14.6562,Osrednjeslovenska,SI041
253,Brezje Pri Kumpolju,Brezja Priv Kumpoljua,Brezju Prih Kumpoljuu,46.0667,14.8167,Zasavska,SI035
254,Brezje Pri Lipoglavu,Brezja Priv Lipoglavua,Brezju Prih Lipoglavuu,46.0514,14.5061,Osrednjeslovenska,SI041
255,Brezje Pri Ločah,Brezja Priv Ločaha,Brezju Prih Ločahu,46.3383,15.4233,Savinjska,SI034
256,Brezje Pri Oplotnici,Brezja Priv Oplotniciv,Brezju Prih Oplotnicih,46.386,15.4458,Podravska,SI032
257,Brezje Pri Podplatu,Brezja Priv Podplatua,Brezju Prih Podplatuu,46.2314,15.6381,Savinjska,SI034
258,Brezje Pri Poljčanah,Brezja Priv Poljčanaha,Brezju Prih Poljčanahu,46.3135,15.5791,Podravska,SI032
259,Brezje Pri Raki,Brezja Priv Rakiv,Brezju Prih Rakih,45.95,15.4833,Posavska,SI036
260,Brezje Pri Rožnem Dolu,Brezja Priv Rožnema Dolua,Brezju Prih Rožnemu Doluu,45.6546,15.1783,Jugovzhodna Slovenija,SI037
261,Brezje Pri Senušah,Brezja Priv Senušaha,Brezju Prih Senušahu,45.95,15.4833,Posavska,SI036
262,Brezje Pri Slov. Bistrici,Brezja Priv Slov.a Bistriciv,Brezju Prih Slov.u Bistricih,46.3903,15.575,Podravska,SI032
263,Brezje Pri Šentjerneju,Brezja Priv Šentjernejua,Brezju Prih Šentjernejuu,45.8389,15.3361,Jugovzhodna Slovenija,SI037
264,Brezje Pri Tržiču,Brezja Priv Tržičua,Brezju Prih Tržičuu,46.3581,14.293,Gorenjska,SI042
265,Brezje Pri Veliki Dolini,Brezja Priv Velikiv Doliniv,Brezju Prih Velikih Dolinih,45.9048,15.5922,Posavska,SI036
266,Brezje Pri Vinjem Vrhu,Brezja Priv Vinjema Vrhua,Brezju Prih Vinjemu Vrhuu,45.6546,15.1783,Jugovzhodna Slovenija,SI037
267,Brezje V Podbočju,Brezja Va Podbočjua,Brezju Vu Podbočjuu,45.95,15.4833,Posavska,SI036
268,Breznica,Breznice,Breznici,46.5438,14.9119,Koroška,SI033
269,Breznica Pod Lubnikom,Breznice Poda Lubnikoma,Breznici Podu Lubnikomu,46.1672,14.303,Gorenjska,SI042
270,Breznica Pri Žireh,Breznice Priv Žireha,Breznici Prih Žirehu,46.0469,14.1097,Gorenjska,SI042
271,Breznik,Breznika,Brezniku,45.5711,15.1889,Jugovzhodna Slovenija,SI037
272,Brezno,Brezna,Breznu,46.1563,15.2386,Savinjska,SI034
273,Brezno,Brezna,Breznu,46.5864,15.3286,Koroška,SI033
274,Brezova,Brezove,Brezovi,46.2358,15.2675,Savinjska,SI034
275,Brezova Reber,Brezove Reberi,Brezovi Reberi,45.6546,15.1783,Jugovzhodna Slovenija,SI037
276,Brezova Reber Pri Dvoru,Brezove Rebera Priv Dvorua,Brezovi Reberu Prih Dvoruu,45.8339,14.9292,Jugovzhodna Slovenija,SI037
277,Brezovci,Brezovcev,Brezovcih,46.4299,15.9488,Podravska,SI032
278,Brezovci,Brezovcev,Brezovcih,46.7039,16.1572,Pomurska,SI031
279,Brezovec,Brezovca,Brezovcu,46.3436,15.9941,Podravska,SI032
280,Brezovec – Del,Brezovca –a Dla,Brezovcu –u Dlu,46.5631,16.4519,Pomurska,SI031
281,Brezovec Pri Polju,Brezovca Priv Poljua,Brezovcu Prih Poljuu,46.1573,15.5974,Savinjska,SI034
282,Brezovi Dol,Brezoviv Dola,Brezovih Dolu,45.9374,14.8029,Osrednjeslovenska,SI041
283,Brezovica,Brezovice,Brezovici,46.3425,14.1721,Gorenjska,SI042
284,Brezovica,Brezovice,Brezovici,45.8622,15.2214,Jugovzhodna Slovenija,SI037
285,Brezovica,Brezovice,Brezovici,46.5719,16.3472,Pomurska,SI031
286,Brezovica Na Bizeljskem,Brezovice Ne Bizeljskema,Brezovici Ni Bizeljskemu,45.9048,15.5922,Posavska,SI036
287,Brezovica Pri Borovnici,Brezovice Priv Borovniciv,Brezovici Prih Borovnicih,45.9197,14.3572,Osrednjeslovenska,SI041
288,Brezovica Pri Črmošnjicah,Brezovice Priv Črmošnjicaha,Brezovici Prih Črmošnjicahu,45.6546,15.1783,Jugovzhodna Slovenija,SI037
289,Brezovica Pri Dobu,Brezovice Priv Dobua,Brezovici Prih Dobuu,46.1394,14.595,Osrednjeslovenska,SI041
290,Brezovica Pri Gradinu,Brezovice Priv Gradinua,Brezovici Prih Gradinuu,45.55,13.7333,Obalno-kraška,SI044
291,Brezovica Pri Ljubljani,Brezovice Priv Ljubljaniv,Brezovici Prih Ljubljanih,46.0207,14.4178,Osrednjeslovenska,SI041
292,Brezovica Pri Medvodah,Brezovice Priv Medvodaha,Brezovici Prih Medvodahu,46.1382,14.4147,Osrednjeslovenska,SI041
293,Brezovica Pri Mirni,Brezovice Priv Mirniv,Brezovici Prih Mirnih,45.9476,15.0664,Jugovzhodna Slovenija,SI037
294,Brezovica Pri Predgradu,Brezovice Priv Predgradua,Brezovici Prih Predgraduu,45.643,14.8594,Jugovzhodna Slovenija,SI037
295,Brezovica Pri Stopičah,Brezovice Priv Stopičaha,Brezovici Prih Stopičahu,45.8,15.1667,Jugovzhodna Slovenija,SI037
296,Brezovica Pri Zlatem Polju,Brezovice Priv Zlatema Poljua,Brezovici Prih Zlatemu Poljuu,46.1686,14.6892,Osrednjeslovenska,SI041
297,Brezovica V Podbočju,Brezovice Va Podbočjua,Brezovici Vu Podbočjuu,45.95,15.4833,Posavska,SI036
298,Brezovo,Brezovega,Brezovem,46.0667,14.8167,Zasavska,SI035
299,Brezovo,Brezovega,Brezovem,46.0092,15.3041,Posavska,SI036
300,Brezovska Gora,Brezovske Gore,Brezovski Gori,45.95,15.4833,Posavska,SI036
301,Breže,Breža,Brežu,45.74,14.7308,Jugovzhodna Slovenija,SI037
302,Breže,Breža,Brežu,46.5372,15.2733,Koroška,SI033
303,Brežec Pri Divači,Brežca Priv Divačiv,Brežcu Prih Divačih,45.682,13.9702,Obalno-kraška,SI044
304,Brežec Pri Podgorju,Brežca Priv Podgorjua,Brežcu Prih Podgorjuu,45.55,13.7333,Obalno-kraška,SI044
305,Brežice,Brežica,Brežicu,45.9048,15.5922,Posavska,SI036
306,Brglez,Brgleza,Brglezu,46.0667,14.8167,Zasavska,SI035
307,Brič,Briča,Briču,45.55,13.7333,Obalno-kraška,SI044
308,Briga,Brige,Brigi,45.5088,14.91,Jugovzhodna Slovenija,SI037
309,Brinje,Brinja,Brinju,45.9769,15.0897,Jugovzhodna Slovenija,SI037
310,Brinovščica,Brinovščice,Brinovščici,45.74,14.7308,Jugovzhodna Slovenija,SI037
311,Brinovščica,Brinovščice,Brinovščici,46.5372,15.2733,Koroška,SI033
312,Briše,Briš,Brišah,46.2257,14.612,Osrednjeslovenska,SI041
313,Britof,Britofa,Britofu,46.2333,14.3667,Gorenjska,SI042
314,Brje,Brj,Brjah,45.8861,13.9097,Goriška,SI043
315,Brje Pri Komnu,Brja Priv Komnua,Brju Prih Komnuu,45.8159,13.7507,Obalno-kraška,SI044
316,Brje Pri Koprivi,Brja Priv Kopriviv,Brju Prih Koprivih,45.7034,13.8706,Obalno-kraška,SI044
318,Brlog – Del,Brloga –a Dla,Brlogu –u Dlu,45.7616,14.6363,Jugovzhodna Slovenija,SI037
319,Brlog – Del,Brloga –a Dla,Brlogu –u Dlu,45.8363,14.6377,Osrednjeslovenska,SI041
320,Brnica,Brnice,Brnici,46.1479,15.1528,Savinjska,SI034
321,Brnica,Brnice,Brnici,46.251,15.1639,Savinjska,SI034
322,Brod V Podbočju,Broda Va Podbočjua,Brodu Vu Podbočjuu,45.95,15.4833,Posavska,SI036
323,Brode,Brod,Brodah,46.1672,14.303,Gorenjska,SI042
324,Brode,Brod,Brodah,46.172,14.8217,Osrednjeslovenska,SI041
325,Brodnice,Brodnica,Brodnicu,46.1563,15.2386,Savinjska,SI034
326,Brsnik,Brsnika,Brsniku,45.5088,14.91,Jugovzhodna Slovenija,SI037
327,Brstnik,Brstnika,Brstniku,46.1563,15.2386,Savinjska,SI034
328,Brstovec,Brstovca,Brstovcu,45.6546,15.1783,Jugovzhodna Slovenija,SI037
329,Brstovnica,Brstovnice,Brstovnici,46.1563,15.2386,Savinjska,SI034
330,Bršlenovica,Bršlenovice,Bršlenovici,46.1686,14.6892,Osrednjeslovenska,SI041
331,Brunk,Brunka,Brunku,46.0658,15.1728,Posavska,SI036
332,Brunška Gora,Brunške Gore,Brunški Gori,46.0658,15.1728,Posavska,SI036
333,Brunšvik,Brunšvika,Brunšviku,46.4664,15.7675,Podravska,SI032
334,Brvace,Brvac,Brvacah,45.9551,14.6562,Osrednjeslovenska,SI041
335,Brvi,Brviv,Brvih,45.9048,15.5922,Posavska,SI036
336,Buč,Buča,Buču,46.2257,14.612,Osrednjeslovenska,SI041
338,Bučečovci,Bučečovcev,Bučečovcih,46.5631,16.1399,Pomurska,SI031
339,Bučerca,Bučerce,Bučerci,45.95,15.4833,Posavska,SI036
340,Bučka,Bučke,Bučki,45.9069,15.2914,Jugovzhodna Slovenija,SI037
341,Bučkovci,Bučkovcev,Bučkovcih,46.5168,16.2027,Pomurska,SI031
342,Budanje,Budanj,Budanjah,45.8861,13.9097,Goriška,SI043
343,Budganja Vas,Budganje Vasi,Budganji Vasi,45.8339,14.9292,Jugovzhodna Slovenija,SI037
344,Budihni,Budihniv,Budihnih,45.9558,13.6433,Goriška,SI043
345,Budinci,Budincev,Budincih,46.825,16.2981,Pomurska,SI031
346,Budna Vas,Budne Vasa,Budni Vasu,46.0092,15.3041,Posavska,SI036
347,Buje,Buj,Bujah,45.6833,14.2,Primorsko-notranjska,SI038
348,Bukošek,Bukošeka,Bukošeku,45.9048,15.5922,Posavska,SI036
349,Bukov Vrh Nad Visokim,Bukova Vrha Nada Visokima,Bukovu Vrhu Nadu Visokimu,46.1672,14.303,Gorenjska,SI042
350,Bukova Gora,Bukove Gore,Bukovi Gori,45.643,14.8594,Jugovzhodna Slovenija,SI037
351,Bukovca,Bukovce,Bukovci,46.1563,15.2386,Savinjska,SI034
352,Bukovci,Bukovciv,Bukovcih,46.3956,15.9314,Podravska,SI032
353,Bukovec,Bukovca,Bukovcu,46.3903,15.575,Podravska,SI032
354,Bukovec,Bukovca,Bukovcu,45.8363,14.6377,Osrednjeslovenska,SI041
355,Bukovec Pri Poljanah,Bukovca Priv Poljanaha,Bukovcu Prih Poljanahu,45.74,14.7308,Jugovzhodna Slovenija,SI037
356,Bukovec Pri Poljanah,Bukovca Priv Poljanaha,Bukovcu Prih Poljanahu,46.5372,15.2733,Koroška,SI033
357,Bukovica,Bukovice,Bukovici,45.9374,14.8029,Osrednjeslovenska,SI041
358,Bukovica,Bukovice,Bukovici,45.74,14.7308,Jugovzhodna Slovenija,SI037
359,Bukovica,Bukovice,Bukovici,46.5372,15.2733,Koroška,SI033
360,Bukovica,Bukovice,Bukovici,46.1672,14.303,Gorenjska,SI042
361,Bukovica Pri Vodicah,Bukovice Priv Vodicaha,Bukovici Prih Vodicahu,46.1897,14.4944,Osrednjeslovenska,SI041
362,Bukovje,Bukovja,Bukovju,45.9048,15.5922,Posavska,SI036
363,Bukovje,Bukovja,Bukovju,46.5903,15.0236,Koroška,SI033
364,Bukovje,Bukovja,Bukovju,45.7759,14.2137,Primorsko-notranjska,SI038
365,Bukovje Pri Slivnici,Bukovja Priv Slivniciv,Bukovju Prih Slivnicih,46.2176,15.396,Savinjska,SI034
366,Bukovlje,Bukovlja,Bukovlju,46.375,15.3854,Savinjska,SI034
367,Bukovo,Bukova,Bukovu,46.1278,13.9875,Goriška,SI043
368,Bukovska Vas,Bukovske Vasi,Bukovski Vasi,46.5903,15.0236,Koroška,SI033
369,Bukovski Vrh,Bukovskiv Vrha,Bukovskih Vrhu,46.1857,13.7352,Goriška,SI043
370,Bukovščica,Bukovščice,Bukovščici,46.1672,14.303,Gorenjska,SI042
371,Bukovžlak,Bukovžlaka,Bukovžlaku,46.2358,15.2675,Savinjska,SI034
372,Bunčani,Bunčanov,Bunčanih,46.5818,16.1623,Pomurska,SI031
373,Bušeča Vas,Bušeče Vasa,Bušeči Vasu,45.9048,15.5922,Posavska,SI036
374,Bušinec,Bušinca,Bušincu,45.7545,15.0583,Jugovzhodna Slovenija,SI037
375,Butari,Butarjev,Butarjih,45.55,13.7333,Obalno-kraška,SI044
376,Butoraj,Butoraja,Butoraju,45.5711,15.1889,Jugovzhodna Slovenija,SI037
377,Cajnarje,Cajnarja,Cajnarju,45.7964,14.3581,Primorsko-notranjska,SI038
378,Cegelnica,Cegelnice,Cegelnici,46.2749,14.3176,Gorenjska,SI042
379,Celestrina,Celestrine,Celestrini,46.5575,15.6456,Podravska,SI032
380,Celine,Celina,Celinu,45.95,15.4833,Posavska,SI036
381,Celje,Celja,Celju,46.2358,15.2675,Savinjska,SI034
382,Cenkova,Cenkove,Cenkovi,46.566,15.9429,Podravska,SI032
384,Cepki,Cepkiv,Cepkih,45.55,13.7333,Obalno-kraška,SI044
385,Cerej,Cereja,Cereju,45.55,13.7333,Obalno-kraška,SI044
386,Cerina,Cerine,Cerini,45.9048,15.5922,Posavska,SI036
387,Cerkljanski Vrh,Cerkljanskiv Vrha,Cerkljanskih Vrhu,46.1278,13.9875,Goriška,SI043
388,Cerklje Ob Krki,Cerklja Oba Krkiv,Cerklju Obu Krkih,45.9048,15.5922,Posavska,SI036
389,Cerknica,Cerknice,Cerknici,45.7964,14.3581,Primorsko-notranjska,SI038
390,Cerkno,Cerkna,Cerknu,46.1278,13.9875,Goriška,SI043
391,Cerkvenjak,Cerkvenjaka,Cerkvenjaku,46.566,15.9429,Podravska,SI032
392,Cerkvišče,Cerkvišča,Cerkvišču,45.5711,15.1889,Jugovzhodna Slovenija,SI037
393,Cerov Log,Cerova Loga,Cerovu Logu,45.8389,15.3361,Jugovzhodna Slovenija,SI037
394,Cerovec,Cerovca,Cerovcu,45.7545,15.0583,Jugovzhodna Slovenija,SI037
395,Cerovec,Cerovca,Cerovcu,46.0092,15.3041,Posavska,SI036
396,Cerovec,Cerovca,Cerovcu,46.2176,15.396,Savinjska,SI034
397,Cerovec Pod Bočem,Cerovca Poda Bočema,Cerovcu Podu Bočemu,46.2314,15.6381,Savinjska,SI034
398,Cerovec Pri Črešnjevcu,Cerovca Priv Črešnjevcua,Cerovcu Prih Črešnjevcuu,45.6546,15.1783,Jugovzhodna Slovenija,SI037
399,Cerovec Stanka Vraza,Cerovca Stanke Vraze,Cerovcu Stanki Vrazi,46.4086,16.1475,Podravska,SI032
400,Cerovo,Cerova,Cerovu,45.9551,14.6562,Osrednjeslovenska,SI041
401,Ceršak,Ceršaka,Ceršaku,46.6817,15.6481,Podravska,SI032
406,Cetore,Cetora,Cetoru,45.5344,13.6675,Obalno-kraška,SI044
407,Cezanjevci,Cezanjevciv,Cezanjevcih,46.5168,16.2027,Pomurska,SI031
408,Cezlak,Cezlaka,Cezlaku,46.3903,15.575,Podravska,SI032
409,Cigonca,Cigonce,Cigonci,46.3903,15.575,Podravska,SI032
410,Cikava,Cikave,Cikavi,45.9551,14.6562,Osrednjeslovenska,SI041
411,Cirje,Cirja,Cirju,45.95,15.4833,Posavska,SI036
412,Cirknica,Cirknice,Cirknici,46.6817,15.6481,Podravska,SI032
413,Cirkovce,Cirkovca,Cirkovcu,46.406,15.7983,Podravska,SI032
414,Cirkulane,Cirkulan,Cirkulanah,46.3436,15.9941,Podravska,SI032
415,Cirkuše,Cirkuša,Cirkušu,46.0667,14.8167,Zasavska,SI035
416,Cirkuše V Tuhinju,Cirkuša Va Tuhinjua,Cirkušu Vu Tuhinjuu,46.2257,14.612,Osrednjeslovenska,SI041
417,Cirnik,Cirnika,Cirniku,45.9048,15.5922,Posavska,SI036
418,Cirnik,Cirnika,Cirniku,45.9476,15.0664,Jugovzhodna Slovenija,SI037
419,Cmereška Gorca,Cmereške Gorce,Cmereški Gorci,46.1573,15.5974,Savinjska,SI034
420,Cogetinci,Cogetinciv,Cogetincih,46.566,15.9429,Podravska,SI032
422,Coljava,Coljave,Coljavi,45.8159,13.7507,Obalno-kraška,SI044
423,Colnarji,Colnarjiv,Colnarjih,45.5088,14.91,Jugovzhodna Slovenija,SI037
424,Crngrob,Crngroba,Crngrobu,46.1672,14.303,Gorenjska,SI042
425,Cuber,Cubera,Cuberu,46.5168,16.2027,Pomurska,SI031
426,Cundrovec,Cundrovca,Cundrovcu,45.9048,15.5922,Posavska,SI036
427,Cunkovci,Cunkovciv,Cunkovcih,46.4122,16.0131,Podravska,SI032
428,Curnovec,Curnovca,Curnovcu,45.9048,15.5922,Posavska,SI036
429,Curnovec,Curnovca,Curnovcu,46.1563,15.2386,Savinjska,SI034
430,Cven,Cvena,Cvenu,46.5168,16.2027,Pomurska,SI031
431,Cvetkovci,Cvetkovciv,Cvetkovcih,46.4086,16.1475,Podravska,SI032
432,Cvišlerji,Cvišlerjiv,Cvišlerjih,45.643,14.8594,Jugovzhodna Slovenija,SI037
433,Čača Vas,Čače Vasa,Čači Vasu,46.2314,15.6381,Savinjska,SI034
434,Čadovlje,Čadovlja,Čadovlju,46.2333,14.3667,Gorenjska,SI042
435,Čadovlje Pri Tržiču,Čadovlja Priv Tržičua,Čadovlju Prih Tržičuu,46.3581,14.293,Gorenjska,SI042
436,Čadram,Čadrama,Čadramu,46.386,15.4458,Podravska,SI032
437,Čadramska Vas,Čadramske Vasa,Čadramski Vasu,46.3135,15.5791,Podravska,SI032
438,Čadraže,Čadraža,Čadražu,45.8389,15.3361,Jugovzhodna Slovenija,SI037
439,Čadrg,Čadrga,Čadrgu,46.1857,13.7352,Goriška,SI043
440,Čagona,Čagone,Čagoni,46.566,15.9429,Podravska,SI032
441,Čagošče,Čagošča,Čagošču,45.9374,14.8029,Osrednjeslovenska,SI041
442,Čanje,Čanja,Čanju,46.0092,15.3041,Posavska,SI036
443,Čateška Gora,Čateške Gore,Čateški Gori,46.0667,14.8167,Zasavska,SI035
444,Čatež,Čateža,Čatežu,45.9104,15.0086,Jugovzhodna Slovenija,SI037
445,Čatež Ob Savi,Čateža Oba Saviv,Čatežu Obu Savih,45.9048,15.5922,Posavska,SI036
446,Čebine,Čebina,Čebinu,46.15,15.05,Zasavska,SI035
447,Čeče – Del,Čeča –a Dla,Čeču –u Dlu,46.1479,15.1528,Savinjska,SI034
448,Čeče – Del,Čeča –a Dla,Čeču –u Dlu,46.15,15.05,Zasavska,SI035
449,Čedem,Čedema,Čedemu,45.9048,15.5922,Posavska,SI036
450,Čehovini,Čehoviniv,Čehovinih,45.8159,13.7507,Obalno-kraška,SI044
451,Čekovnik,Čekovnika,Čekovniku,46.0025,14.0275,Goriška,SI043
452,Čelevec,Čelevca,Čelevcu,45.8622,15.2214,Jugovzhodna Slovenija,SI037
453,Čelje,Čelja,Čelju,45.5679,14.2527,Primorsko-notranjska,SI038
454,Čelovnik,Čelovnika,Čelovniku,46.0092,15.3041,Posavska,SI036
455,Čemše,Čemša,Čemšu,45.858,15.0876,Jugovzhodna Slovenija,SI037
456,Čentiba,Čentibe,Čentibi,46.5631,16.4519,Pomurska,SI031
457,Čentur,Čentura,Čenturu,45.55,13.7333,Obalno-kraška,SI044
458,Čepinci,Čepinciv,Čepincih,46.825,16.2981,Pomurska,SI031
459,Čeplez,Čepleza,Čeplezu,46.1278,13.9875,Goriška,SI043
460,Čeplje,Čeplja,Čeplju,45.643,14.8594,Jugovzhodna Slovenija,SI037
461,Čeplje,Čeplja,Čeplju,46.0667,14.8167,Zasavska,SI035
462,Čeplje,Čeplja,Čeplju,46.1686,14.6892,Osrednjeslovenska,SI041
463,Čeplje,Čeplja,Čeplju,46.172,14.8217,Osrednjeslovenska,SI041
464,Čepno,Čepna,Čepnu,45.6833,14.2,Primorsko-notranjska,SI038
465,Čepovan,Čepovana,Čepovanu,45.9558,13.6433,Goriška,SI043
466,Čepulje,Čepulja,Čepulju,46.2333,14.3667,Gorenjska,SI042
467,Čermožiše,Čermožiša,Čermožišu,46.275,15.7939,Podravska,SI032
468,Černelavci,Černelavciv,Černelavcih,46.6667,16.1667,Pomurska,SI031
469,Češča Vas,Češče Vasa,Češči Vasu,45.8,15.1667,Jugovzhodna Slovenija,SI037
470,Češenik,Češenika,Češeniku,46.1394,14.595,Osrednjeslovenska,SI041
471,Češnjevek,Češnjeveka,Češnjeveku,45.9104,15.0086,Jugovzhodna Slovenija,SI037
472,Češnjica,Češnjice,Češnjici,46.0514,14.5061,Osrednjeslovenska,SI041
473,Češnjica Pri Kropi,Češnjice Priv Kropiv,Češnjici Prih Kropih,46.3425,14.1721,Gorenjska,SI042
474,Češnjice,Češnjica,Češnjicu,46.1686,14.6892,Osrednjeslovenska,SI041
475,Češnjice,Češnjica,Češnjicu,46.0092,15.3041,Posavska,SI036
476,Češnjice Pri Moravčah,Češnjica Priv Moravčaha,Češnjicu Prih Moravčahu,46.1356,14.7439,Osrednjeslovenska,SI041
477,Češnjice Pri Zagradcu,Češnjica Priv Zagradcua,Češnjicu Prih Zagradcuu,45.9374,14.8029,Osrednjeslovenska,SI041
478,Češnjice V Tuhinju,Češnjica Va Tuhinjua,Češnjicu Vu Tuhinjuu,46.2257,14.612,Osrednjeslovenska,SI041
479,Četež Pri Turjaku,Četeža Priv Turjakua,Četežu Prih Turjakuu,45.8363,14.6377,Osrednjeslovenska,SI041
480,Čezsoča,Čezsoče,Čezsoči,46.3378,13.5522,Goriška,SI043
481,Čežarji,Čežarjiv,Čežarjih,45.55,13.7333,Obalno-kraška,SI044
482,Čiginj,Čiginja,Čiginju,46.1857,13.7352,Goriška,SI043
483,Čimerno,Čimerna,Čimernu,46.0658,15.1728,Posavska,SI036
484,Čipnje,Čipnja,Čipnju,45.8159,13.7507,Obalno-kraška,SI044
485,Čisti Breg,Čistiv Brega,Čistih Bregu,45.8389,15.3361,Jugovzhodna Slovenija,SI037
486,Čohovo,Čohova,Čohovu,45.7964,14.3581,Primorsko-notranjska,SI038
487,Čolnica,Čolnice,Čolnici,46.088,13.6347,Goriška,SI043
488,Črenšovci,Črenšovcev,Črenšovcih,46.5747,16.2937,Pomurska,SI031
489,Čreškova,Čreškove,Čreškovi,46.2933,15.3052,Savinjska,SI034
490,Črešnjevec,Črešnjevca,Črešnjevcu,46.3903,15.575,Podravska,SI032
491,Črešnjevec,Črešnjevca,Črešnjevcu,46.2933,15.3052,Savinjska,SI034
492,Črešnjevec Pri Dragatušu,Črešnjevca Priv Dragatušua,Črešnjevcu Prih Dragatušuu,45.5711,15.1889,Jugovzhodna Slovenija,SI037
493,Črešnjevec Pri Semiču,Črešnjevca Priv Semičua,Črešnjevcu Prih Semičuu,45.6546,15.1783,Jugovzhodna Slovenija,SI037
494,Črešnjice,Črešnjica,Črešnjicu,45.8,15.1667,Jugovzhodna Slovenija,SI037
495,Črešnjice,Črešnjica,Črešnjicu,46.2933,15.3052,Savinjska,SI034
496,Črešnjice Nad Pijavškim,Črešnjica Nada Pijavškima,Črešnjicu Nadu Pijavškimu,45.95,15.4833,Posavska,SI036
497,Črešnjice Pri Cerkljah,Črešnjica Priv Cerkljaha,Črešnjicu Prih Cerkljahu,45.9048,15.5922,Posavska,SI036
498,Črešnova,Črešnove,Črešnovi,46.375,15.3854,Savinjska,SI034
499,Čreta,Črete,Čreti,46.172,14.8217,Osrednjeslovenska,SI041
500,Čreta Pri Kokarjah,Črete Priv Kokarjaha,Čreti Prih Kokarjahu,46.3202,14.9531,Savinjska,SI034
501,Čretež Pri Krškem,Čreteža Priv Krškema,Čretežu Prih Krškemu,45.95,15.4833,Posavska,SI036
502,Čretvež,Čretveža,Čretvežu,46.375,15.3854,Savinjska,SI034
503,Črmlja,Črmlje,Črmlji,46.5231,15.8978,Podravska,SI032
504,Črmošnjice,Črmošnjica,Črmošnjicu,45.6546,15.1783,Jugovzhodna Slovenija,SI037
505,Črmošnjice Pri Stopičah,Črmošnjica Priv Stopičaha,Črmošnjicu Prih Stopičahu,45.8,15.1667,Jugovzhodna Slovenija,SI037
506,Črna Pri Kamniku,Črne Priv Kamnikua,Črni Prih Kamnikuu,46.2257,14.612,Osrednjeslovenska,SI041
507,Črna Vas,Črne Vasa,Črni Vasu,46.0514,14.5061,Osrednjeslovenska,SI041
508,Črnec,Črnca,Črncu,45.74,14.7308,Jugovzhodna Slovenija,SI037
509,Črnec,Črnca,Črncu,46.5372,15.2733,Koroška,SI033
510,Črneče,Črneča,Črneču,46.5903,15.0236,Koroška,SI033
511,Črneška Gora,Črneške Gore,Črneški Gori,46.5903,15.0236,Koroška,SI033
512,Črni Kal,Črniv Kala,Črnih Kalu,45.55,13.7333,Obalno-kraška,SI044
513,Črni Potok Pri Kočevju,Črniv Potoka Priv Kočevjua,Črnih Potoku Prih Kočevjuu,45.643,14.8594,Jugovzhodna Slovenija,SI037
514,Črni Potok Pri Vel. Laščah,Črniv Potoka Priv Vel.a Laščaha,Črnih Potoku Prih Vel.u Laščahu,45.74,14.7308,Jugovzhodna Slovenija,SI037
515,Črni Potok Pri Vel. Laščah,Črniv Potoka Priv Vel.a Laščaha,Črnih Potoku Prih Vel.u Laščahu,46.5372,15.2733,Koroška,SI033
516,Črni Vrh,Črniv Vrha,Črnih Vrhu,46.0025,14.0275,Goriška,SI043
517,Črni Vrh,Črniv Vrha,Črnih Vrhu,46.2225,15.0081,Savinjska,SI034
518,Črni Vrh V Tuhinju,Črniv Vrha Va Tuhinjua,Črnih Vrhu Vu Tuhinjuu,46.2257,14.612,Osrednjeslovenska,SI041
519,Črniče,Črniča,Črniču,45.8861,13.9097,Goriška,SI043
520,Črnivec,Črnivca,Črnivcu,46.3425,14.1721,Gorenjska,SI042
521,Črnolica,Črnolice,Črnolici,46.2176,15.396,Savinjska,SI034
522,Črnomelj,Črnomlja,Črnomlju,45.5711,15.1889,Jugovzhodna Slovenija,SI037
523,Črnotiče,Črnotiča,Črnotiču,45.55,13.7333,Obalno-kraška,SI044
524,Črnova,Črnove,Črnovi,46.3625,15.1144,Savinjska,SI034
525,Čučja Mlaka,Čučje Mlake,Čučji Mlaki,45.9069,15.2914,Jugovzhodna Slovenija,SI037
526,Čudno Selo,Čudna Sela,Čudnu Selu,45.5711,15.1889,Jugovzhodna Slovenija,SI037
527,Čušperk,Čušperka,Čušperku,45.9551,14.6562,Osrednjeslovenska,SI041
528,Daber,Dabera,Daberu,46.1857,13.7352,Goriška,SI043
529,Dalce,Dalca,Dalcu,45.95,15.4833,Posavska,SI036
530,Daljni Vrh,Daljniv Vrha,Daljnih Vrhu,45.8,15.1667,Jugovzhodna Slovenija,SI037
531,Dalnje Njive,Dalnja Njiva,Dalnju Njivu,45.5711,15.1889,Jugovzhodna Slovenija,SI037
532,Damelj,Damelja,Damelju,45.5711,15.1889,Jugovzhodna Slovenija,SI037
535,Dane Pri Divači,Dana Priv Divačiv,Danu Prih Divačih,45.682,13.9702,Obalno-kraška,SI044
536,Dane Pri Sežani,Dana Priv Sežaniv,Danu Prih Sežanih,45.7034,13.8706,Obalno-kraška,SI044
537,Dankovci,Dankovciv,Dankovcih,46.7039,16.1572,Pomurska,SI031
538,Davča,Davče,Davči,46.2182,14.1592,Gorenjska,SI042
539,Debeče,Debeča,Debeču,45.9374,14.8029,Osrednjeslovenska,SI041
540,Debenec,Debenca,Debencu,45.9476,15.0664,Jugovzhodna Slovenija,SI037
541,Debro,Debra,Debru,46.1563,15.2386,Savinjska,SI034
542,Dečina,Dečine,Dečini,45.5711,15.1889,Jugovzhodna Slovenija,SI037
543,Dečja Vas,Dečje Vasa,Dečji Vasu,45.9104,15.0086,Jugovzhodna Slovenija,SI037
544,Dečja Vas Pri Zagradcu,Dečje Vasa Priv Zagradcua,Dečji Vasu Prih Zagradcuu,45.9374,14.8029,Osrednjeslovenska,SI041
545,Dečno Selo,Dečna Sela,Dečnu Selu,45.9048,15.5922,Posavska,SI036
546,Dedna Gora,Dedne Gore,Dedni Gori,46.0092,15.3041,Posavska,SI036
547,Dedni Dol,Dedniv Dola,Dednih Dolu,45.9374,14.8029,Osrednjeslovenska,SI041
548,Dedni Vrh,Dedniv Vrha,Dednih Vrhu,45.95,15.4833,Posavska,SI036
549,Dedni Vrh Pri Vojniku,Dedniv Vrha Priv Vojnikua,Dednih Vrhu Prih Vojnikuu,46.2933,15.3052,Savinjska,SI034
550,Dednik,Dednika,Dedniku,45.8363,14.6377,Osrednjeslovenska,SI041
551,Dednja Vas,Dednje Vasa,Dednji Vasu,45.9048,15.5922,Posavska,SI036
552,Dekani,Dekaniv,Dekanih,45.55,13.7333,Obalno-kraška,SI044
553,Delač,Delača,Delaču,45.5088,14.91,Jugovzhodna Slovenija,SI037
554,Depala Vas,Depale Vasa,Depali Vasu,46.1394,14.595,Osrednjeslovenska,SI041
555,Desenci,Desenciv,Desencih,46.4923,15.8801,Podravska,SI032
556,Desinec,Desinca,Desincu,45.5711,15.1889,Jugovzhodna Slovenija,SI037
557,Deskle,Deskla,Desklu,46.088,13.6347,Goriška,SI043
558,Deskova Vas,Deskove Vasa,Deskovi Vasu,45.5711,15.1889,Jugovzhodna Slovenija,SI037
559,Desnjak,Desnjaka,Desnjaku,46.5168,16.2027,Pomurska,SI031
560,Destrnik,Destrnika,Destrniku,46.4923,15.8801,Podravska,SI032
561,Dešeča Vas,Dešeče Vasa,Dešeči Vasu,45.8339,14.9292,Jugovzhodna Slovenija,SI037
562,Dešen,Dešena,Dešenu,46.1356,14.7439,Osrednjeslovenska,SI041
563,Devina,Devine,Devini,46.3903,15.575,Podravska,SI032
564,Dežno Pri Makolah,Dežna Priv Makolaha,Dežnu Prih Makolahu,46.3174,15.6669,Podravska,SI032
565,Dežno Pri Podlehniku,Dežna Priv Podlehnikua,Dežnu Prih Podlehnikuu,46.3361,15.8786,Podravska,SI032
566,Dilce,Dilca,Dilcu,45.7759,14.2137,Primorsko-notranjska,SI038
567,Dilici,Diliciv,Dilicih,45.55,13.7333,Obalno-kraška,SI044
568,Divača,Divače,Divači,45.682,13.9702,Obalno-kraška,SI044
569,Divči,Divčiv,Divčih,45.8159,13.7507,Obalno-kraška,SI044
570,Dob,Doba,Dobu,46.1394,14.595,Osrednjeslovenska,SI041
571,Dob Pri Šentvidu,Doba Priv Šentvidua,Dobu Prih Šentviduu,45.9374,14.8029,Osrednjeslovenska,SI041
572,Dobec,Dobca,Dobcu,45.7964,14.3581,Primorsko-notranjska,SI038
573,Dobeno,Dobena,Dobenu,45.9048,15.5922,Posavska,SI036
574,Dobeno,Dobena,Dobenu,46.1626,14.568,Osrednjeslovenska,SI041
575,Dobindol,Dobindola,Dobindolu,45.7545,15.0583,Jugovzhodna Slovenija,SI037
576,Dobje,Dobja,Dobju,45.9551,14.6562,Osrednjeslovenska,SI041
577,Dobje,Dobja,Dobju,46.0667,14.8167,Zasavska,SI035
578,Dobje Pri Lesičnem,Dobja Priv Lesičnema,Dobju Prih Lesičnemu,46.2176,15.396,Savinjska,SI034
579,Dobje Pri Planini,Dobja Priv Planiniv,Dobju Prih Planinih,46.1369,15.3945,Savinjska,SI034
580,Doblar,Doblara,Doblaru,46.088,13.6347,Goriška,SI043
581,Doblatina,Doblatine,Doblatini,46.1563,15.2386,Savinjska,SI034
582,Dobletina,Dobletine,Dobletini,46.3202,14.9531,Savinjska,SI034
583,Dobležiče,Dobležiča,Dobležiču,46.074,15.559,Savinjska,SI034
584,Dobliče,Dobliča,Dobliču,45.5711,15.1889,Jugovzhodna Slovenija,SI037
585,Doblička Gora,Dobličke Gore,Doblički Gori,45.5711,15.1889,Jugovzhodna Slovenija,SI037
586,Dobova,Dobove,Dobovi,45.9048,15.5922,Posavska,SI036
587,Dobovec,Dobovca,Dobovcu,46.15,15.05,Zasavska,SI035
588,Dobovec Pri Ponikvi,Dobovca Priv Ponikviv,Dobovcu Prih Ponikvih,46.2176,15.396,Savinjska,SI034
589,Dobovica,Dobovice,Dobovici,46.0667,14.8167,Zasavska,SI035
590,Dobovlje,Dobovlja,Dobovlju,46.1394,14.595,Osrednjeslovenska,SI041
591,Dobovo,Dobova,Dobovu,45.8,15.1667,Jugovzhodna Slovenija,SI037
592,Dobrava,Dobrave,Dobravi,45.5344,13.6675,Obalno-kraška,SI044
593,Dobrava,Dobrave,Dobravi,46.5631,16.1399,Pomurska,SI031
594,Dobrava,Dobrave,Dobravi,46.4086,16.1475,Podravska,SI032
595,Dobrava,Dobrave,Dobravi,46.0658,15.1728,Posavska,SI036
596,Dobrava,Dobrave,Dobravi,45.9104,15.0086,Jugovzhodna Slovenija,SI037
597,Dobrava Ob Krki,Dobrave Oba Krkiv,Dobravi Obu Krkih,45.95,15.4833,Posavska,SI036
598,Dobrava Pod Rako,Dobrave Poda Raka,Dobravi Podu Raku,45.95,15.4833,Posavska,SI036
599,Dobrava Pri Konjicah,Dobrave Priv Konjicaha,Dobravi Prih Konjicahu,46.3383,15.4233,Savinjska,SI034
600,Dobrava Pri Stični,Dobrave Priv Stičniv,Dobravi Prih Stičnih,45.9374,14.8029,Osrednjeslovenska,SI041
601,Dobrava Pri Škocjanu,Dobrave Priv Škocjanua,Dobravi Prih Škocjanuu,45.9069,15.2914,Jugovzhodna Slovenija,SI037
602,Dobravica,Dobravice,Dobravici,45.9692,14.5394,Osrednjeslovenska,SI041
603,Dobravica,Dobravice,Dobravici,46.3425,14.1721,Gorenjska,SI042
604,Dobravica,Dobravice,Dobravici,45.8389,15.3361,Jugovzhodna Slovenija,SI037
605,Dobravica Pri Vel. Gabru,Dobravice Priv Vel.a Gabrua,Dobravici Prih Vel.u Gabruu,45.9104,15.0086,Jugovzhodna Slovenija,SI037
606,Dobravlje,Dobravlja,Dobravlju,45.8861,13.9097,Goriška,SI043
607,Dobravlje,Dobravlja,Dobravlju,45.7034,13.8706,Obalno-kraška,SI044
608,Dobrič,Dobriča,Dobriču,46.2809,15.074,Savinjska,SI034
609,Dobrina,Dobrine,Dobrini,46.2176,15.396,Savinjska,SI034
610,Dobrina,Dobrine,Dobrini,46.275,15.7939,Podravska,SI032
611,Dobriša Vas,Dobriše Vasa,Dobriši Vasu,46.251,15.1639,Savinjska,SI034
612,Dobriška Vas,Dobriške Vasa,Dobriški Vasu,46.386,15.4458,Podravska,SI032
613,Dobrna,Dobrne,Dobrni,46.3381,15.2293,Savinjska,SI034
614,Dobrnež,Dobrneža,Dobrnežu,46.3383,15.4233,Savinjska,SI034
615,Dobrnič,Dobrniča,Dobrniču,45.9104,15.0086,Jugovzhodna Slovenija,SI037
616,Dobro Polje,Dobra Polja,Dobru Polju,46.3425,14.1721,Gorenjska,SI042
617,Dobropolje,Dobropolja,Dobropolju,45.5679,14.2527,Primorsko-notranjska,SI038
618,Dobrova,Dobrove,Dobrovi,46.2358,15.2675,Savinjska,SI034
619,Dobrova,Dobrove,Dobrovi,45.95,15.4833,Posavska,SI036
620,Dobrova Pri Dravogradu,Dobrove Priv Dravogradua,Dobrovi Prih Dravograduu,46.5903,15.0236,Koroška,SI033
621,Dobrova Pri Prihovi,Dobrove Priv Prihoviv,Dobrovi Prih Prihovih,46.386,15.4458,Podravska,SI032
622,Dobrovlje,Dobrovlja,Dobrovlju,46.2884,15.0386,Savinjska,SI034
623,Dobrovlje,Dobrovlja,Dobrovlju,46.375,15.3854,Savinjska,SI034
624,Dobrovlje Pri Mozirju,Dobrovlja Priv Mozirjua,Dobrovlju Prih Mozirjuu,46.3381,14.9572,Savinjska,SI034
625,Dobrovnik,Dobrovnika,Dobrovniku,46.6515,16.3479,Pomurska,SI031
626,Dobrovščak,Dobrovščaka,Dobrovščaku,46.4086,16.1475,Podravska,SI032
627,Dobruša,Dobruše,Dobruši,46.1897,14.4944,Osrednjeslovenska,SI041
628,Dobruška Vas,Dobruške Vasa,Dobruški Vasu,45.9069,15.2914,Jugovzhodna Slovenija,SI037
629,Dogoše,Dogoša,Dogošu,46.5575,15.6456,Podravska,SI032
630,Doklece,Dokleca,Doklecu,46.35,15.7333,Podravska,SI032
631,Dokležovje,Dokležovja,Dokležovju,46.606,16.2328,Pomurska,SI031
636,Dol Pod Gojko,Dola Poda Gojka,Dolu Podu Gojku,46.2933,15.3052,Savinjska,SI034
637,Dol Pri Borovnici,Dola Priv Borovniciv,Dolu Prih Borovnicih,45.9197,14.3572,Osrednjeslovenska,SI041
638,Dol Pri Hrastniku,Dola Priv Hrastnikua,Dolu Prih Hrastnikuu,46.1479,15.1528,Savinjska,SI034
639,Dol Pri Hrastovljah,Dola Priv Hrastovljaha,Dolu Prih Hrastovljahu,45.55,13.7333,Obalno-kraška,SI044
640,Dol Pri Laškem,Dola Priv Laškema,Dolu Prih Laškemu,46.1563,15.2386,Savinjska,SI034
641,Dol Pri Stopercah,Dola Priv Stopercaha,Dolu Prih Stopercahu,46.35,15.7333,Podravska,SI032
642,Dol Pri Šmarjeti,Dola Priv Šmarjetiv,Dolu Prih Šmarjetih,45.8622,15.2214,Jugovzhodna Slovenija,SI037
643,Dol Pri Trebnjem,Dola Priv Trebnjema,Dolu Prih Trebnjemu,45.9104,15.0086,Jugovzhodna Slovenija,SI037
644,Dol Pri Vogljah,Dola Priv Vogljaha,Dolu Prih Vogljahu,45.7034,13.8706,Obalno-kraška,SI044
645,Dolanci,Dolanciv,Dolancih,45.8159,13.7507,Obalno-kraška,SI044
646,Dolane,Dolana,Dolanu,46.3436,15.9941,Podravska,SI032
647,Dole,Dola,Dolu,46.0025,14.0275,Goriška,SI043
648,Dole,Dola,Dolu,46.2176,15.396,Savinjska,SI034
649,Dole Pod Sv. Trojico,Dola Poda Sv.a Trojica,Dolu Podu Sv.u Trojicu,46.1356,14.7439,Osrednjeslovenska,SI041
650,Dole Pri Krašcah,Dola Priv Krašcaha,Dolu Prih Krašcahu,46.1356,14.7439,Osrednjeslovenska,SI041
651,Dole Pri Litiji,Dola Priv Litijiv,Dolu Prih Litijih,46.0667,14.8167,Zasavska,SI035
652,Dole Pri Polici,Dola Priv Policiv,Dolu Prih Policih,45.9551,14.6562,Osrednjeslovenska,SI041
653,Dole Pri Škofljici,Dola Priv Škofljiciv,Dolu Prih Škofljicih,45.9836,14.5761,Osrednjeslovenska,SI041
654,Dolena,Dolene,Doleni,45.8484,14.6944,Osrednjeslovenska,SI041
655,Dolenci,Dolenciv,Dolencih,46.825,16.2981,Pomurska,SI031
656,Dolenja Brezovica,Dolenje Brezovice,Dolenji Brezovici,46.0207,14.4178,Osrednjeslovenska,SI041
657,Dolenja Brezovica,Dolenje Brezovice,Dolenji Brezovici,45.8389,15.3361,Jugovzhodna Slovenija,SI037
658,Dolenja Dobrava,Dolenje Dobrave,Dolenji Dobravi,45.9104,15.0086,Jugovzhodna Slovenija,SI037
659,Dolenja Lepa Vas,Dolenje Lepe Vasa,Dolenji Lepi Vasu,45.95,15.4833,Posavska,SI036
660,Dolenja Nemška Vas,Dolenje Nemške Vasa,Dolenji Nemški Vasu,45.9104,15.0086,Jugovzhodna Slovenija,SI037
661,Dolenja Pirošica,Dolenje Pirošice,Dolenji Pirošici,45.9048,15.5922,Posavska,SI036
662,Dolenja Podgora,Dolenje Podgore,Dolenji Podgori,45.5711,15.1889,Jugovzhodna Slovenija,SI037
663,Dolenja Stara Vas,Dolenje Stare Vasa,Dolenji Stari Vasu,45.8389,15.3361,Jugovzhodna Slovenija,SI037
664,Dolenja Trebuša,Dolenje Trebuše,Dolenji Trebuši,46.1857,13.7352,Goriška,SI043
665,Dolenja Vas,Dolenje Vasa,Dolenji Vasu,45.7964,14.3581,Primorsko-notranjska,SI038
666,Dolenja Vas,Dolenje Vasa,Dolenji Vasu,45.682,13.9702,Obalno-kraška,SI044
667,Dolenja Vas,Dolenje Vasa,Dolenji Vasu,45.8,15.1667,Jugovzhodna Slovenija,SI037
668,Dolenja Vas,Dolenje Vasa,Dolenji Vasu,46.2369,15.0919,Savinjska,SI034
669,Dolenja Vas,Dolenje Vasa,Dolenji Vasu,45.74,14.7308,Jugovzhodna Slovenija,SI037
670,Dolenja Vas,Dolenje Vasa,Dolenji Vasu,46.5372,15.2733,Koroška,SI033
671,Dolenja Vas,Dolenje Vasa,Dolenji Vasu,46.2182,14.1592,Gorenjska,SI042
672,Dolenja Vas Pri Artičah,Dolenje Vasa Priv Artičaha,Dolenji Vasu Prih Artičahu,45.9048,15.5922,Posavska,SI036
673,Dolenja Vas Pri Čatežu,Dolenje Vasa Priv Čatežua,Dolenji Vasu Prih Čatežuu,45.9104,15.0086,Jugovzhodna Slovenija,SI037
674,Dolenja Vas Pri Črnomlju,Dolenje Vasa Priv Črnomljua,Dolenji Vasu Prih Črnomljuu,45.5711,15.1889,Jugovzhodna Slovenija,SI037
675,Dolenja Vas Pri Krškem,Dolenje Vasa Priv Krškema,Dolenji Vasu Prih Krškemu,45.95,15.4833,Posavska,SI036
676,Dolenja Vas Pri Mirni Peči,Dolenje Vasa Priv Mirniv Pečiv,Dolenji Vasu Prih Mirnih Pečih,45.858,15.0876,Jugovzhodna Slovenija,SI037
677,Dolenja Vas Pri Polici,Dolenje Vasa Priv Policiv,Dolenji Vasu Prih Policih,45.9551,14.6562,Osrednjeslovenska,SI041
678,Dolenja Vas Pri Raki,Dolenje Vasa Priv Rakiv,Dolenji Vasu Prih Rakih,45.95,15.4833,Posavska,SI036
679,Dolenja Vas Pri Temenici,Dolenje Vasa Priv Temeniciv,Dolenji Vasu Prih Temenicih,45.9374,14.8029,Osrednjeslovenska,SI041
680,Dolenja Žaga,Dolenje Žage,Dolenji Žagi,45.5088,14.91,Jugovzhodna Slovenija,SI037
681,Dolenjci,Dolenjciv,Dolenjcih,45.5711,15.1889,Jugovzhodna Slovenija,SI037
685,Dolenje Dole,Dolenja Dola,Dolenju Dolu,45.9069,15.2914,Jugovzhodna Slovenija,SI037
686,Dolenje Gradišče,Dolenja Gradišča,Dolenju Gradišču,45.7545,15.0583,Jugovzhodna Slovenija,SI037
687,Dolenje Gradišče Pri Šentj.,Dolenja Gradišča Priv Šentj.a,Dolenju Gradišču Prih Šentj.u,45.8389,15.3361,Jugovzhodna Slovenija,SI037
688,Dolenje Grčevje,Dolenja Grčevja,Dolenju Grčevju,45.8,15.1667,Jugovzhodna Slovenija,SI037
689,Dolenje Jesenice,Dolenja Jesenica,Dolenju Jesenicu,45.9769,15.0897,Jugovzhodna Slovenija,SI037
690,Dolenje Jezero,Dolenja Jezera,Dolenju Jezeru,45.7964,14.3581,Primorsko-notranjska,SI038
691,Dolenje Kališče,Dolenja Kališča,Dolenju Kališču,45.8363,14.6377,Osrednjeslovenska,SI041
692,Dolenje Kamenje,Dolenja Kamenja,Dolenju Kamenju,45.8,15.1667,Jugovzhodna Slovenija,SI037
693,Dolenje Kamenje Pri Dobrniču,Dolenja Kamenja Priv Dobrničua,Dolenju Kamenju Prih Dobrničuu,45.9104,15.0086,Jugovzhodna Slovenija,SI037
694,Dolenje Karteljevo,Dolenja Karteljeva,Dolenju Karteljevu,45.8,15.1667,Jugovzhodna Slovenija,SI037
695,Dolenje Kronovo,Dolenja Kronova,Dolenju Kronovu,45.8622,15.2214,Jugovzhodna Slovenija,SI037
696,Dolenje Lakovnice,Dolenja Lakovnica,Dolenju Lakovnicu,45.8,15.1667,Jugovzhodna Slovenija,SI037
697,Dolenje Medvedje Selo,Dolenja Medvedja Sela,Dolenju Medvedju Selu,45.9104,15.0086,Jugovzhodna Slovenija,SI037
698,Dolenje Mokro Polje,Dolenja Mokra Polja,Dolenju Mokru Polju,45.8389,15.3361,Jugovzhodna Slovenija,SI037
699,Dolenje Nekovo,Dolenja Nekova,Dolenju Nekovu,46.088,13.6347,Goriška,SI043
700,Dolenje Otave,Dolenja Otava,Dolenju Otavu,45.7964,14.3581,Primorsko-notranjska,SI038
701,Dolenje Podpoljane,Dolenja Podpoljana,Dolenju Podpoljanu,45.74,14.7308,Jugovzhodna Slovenija,SI037
702,Dolenje Podpoljane,Dolenja Podpoljana,Dolenju Podpoljanu,46.5372,15.2733,Koroška,SI033
703,Dolenje Polje,Dolenja Polja,Dolenju Polju,45.7545,15.0583,Jugovzhodna Slovenija,SI037
704,Dolenje Ponikve,Dolenja Ponikva,Dolenju Ponikvu,45.9104,15.0086,Jugovzhodna Slovenija,SI037
705,Dolenje Pri Jelšanah,Dolenja Priv Jelšanaha,Dolenju Prih Jelšanahu,45.5679,14.2527,Primorsko-notranjska,SI038
706,Dolenje Radulje,Dolenja Radulja,Dolenju Radulju,45.9069,15.2914,Jugovzhodna Slovenija,SI037
707,Dolenje Selce,Dolenja Selca,Dolenju Selcu,45.9104,15.0086,Jugovzhodna Slovenija,SI037
708,Dolenje Skopice,Dolenja Skopica,Dolenju Skopicu,45.9048,15.5922,Posavska,SI036
709,Dolenje Sušice,Dolenja Sušica,Dolenju Sušicu,45.7545,15.0583,Jugovzhodna Slovenija,SI037
710,Dolenje Vrhpolje,Dolenja Vrhpolja,Dolenju Vrhpolju,45.8389,15.3361,Jugovzhodna Slovenija,SI037
711,Dolenji Boštanj,Dolenjiv Boštanja,Dolenjih Boštanju,46.0092,15.3041,Posavska,SI036
712,Dolenji Globodol,Dolenjiv Globodola,Dolenjih Globodolu,45.858,15.0876,Jugovzhodna Slovenija,SI037
713,Dolenji Lazi,Dolenjiv Laziv,Dolenjih Lazih,45.74,14.7308,Jugovzhodna Slovenija,SI037
714,Dolenji Lazi,Dolenjiv Laziv,Dolenjih Lazih,46.5372,15.2733,Koroška,SI033
715,Dolenji Leskovec,Dolenjiv Leskovca,Dolenjih Leskovcu,45.95,15.4833,Posavska,SI036
716,Dolenji Maharovec,Dolenjiv Maharovca,Dolenjih Maharovcu,45.8389,15.3361,Jugovzhodna Slovenija,SI037
717,Dolenji Novaki,Dolenjiv Novakiv,Dolenjih Novakih,46.1278,13.9875,Goriška,SI043
718,Dolenji Podboršt,Dolenjiv Podboršta,Dolenjih Podborštu,45.858,15.0876,Jugovzhodna Slovenija,SI037
719,Dolenji Podboršt Pri Treb.,Dolenjiv Podboršta Priv Treb.a,Dolenjih Podborštu Prih Treb.u,45.9104,15.0086,Jugovzhodna Slovenija,SI037
720,Dolenji Podšumberk,Dolenjiv Podšumberka,Dolenjih Podšumberku,45.9104,15.0086,Jugovzhodna Slovenija,SI037
721,Dolenji Potok,Dolenjiv Potoka,Dolenjih Potoku,45.5088,14.91,Jugovzhodna Slovenija,SI037
722,Dolenji Radenci,Dolenjiv Radenciv,Dolenjih Radencih,45.5711,15.1889,Jugovzhodna Slovenija,SI037
723,Dolenji Suhadol,Dolenjiv Suhadola,Dolenjih Suhadolu,45.8,15.1667,Jugovzhodna Slovenija,SI037
724,Dolenji Suhor Pri Vinici,Dolenjiv Suhora Priv Viniciv,Dolenjih Suhoru Prih Vinicih,45.5711,15.1889,Jugovzhodna Slovenija,SI037
725,Dolenji Vrh,Dolenjiv Vrha,Dolenjih Vrhu,45.9104,15.0086,Jugovzhodna Slovenija,SI037
726,Dolenjske Toplice,Dolenjskih Toplic,Dolenjskih Toplicah,45.7545,15.0583,Jugovzhodna Slovenija,SI037
727,Dolga Brda,Dolge Brde,Dolgi Brdi,46.5438,14.9119,Koroška,SI033
728,Dolga Gora,Dolge Gore,Dolgi Gori,46.2176,15.396,Savinjska,SI034
729,Dolga Njiva Pri Šentlovren.,Dolge Njive Priv Šentlovren.a,Dolgi Njivi Prih Šentlovren.u,45.9104,15.0086,Jugovzhodna Slovenija,SI037
730,Dolga Poljana,Dolge Poljane,Dolgi Poljani,45.8861,13.9097,Goriška,SI043
731,Dolga Raka,Dolge Rake,Dolgi Raki,45.95,15.4833,Posavska,SI036
732,Dolga Vas,Dolge Vasa,Dolgi Vasu,45.643,14.8594,Jugovzhodna Slovenija,SI037
733,Dolga Vas,Dolge Vasa,Dolgi Vasu,46.5631,16.4519,Pomurska,SI031
734,Dolgi Laz,Dolgiv Laza,Dolgih Lazu,46.1857,13.7352,Goriška,SI043
735,Dolgi Vrh,Dolgiv Vrha,Dolgih Vrhu,46.3903,15.575,Podravska,SI032
736,Dolgo Brdo,Dolga Brda,Dolgu Brdu,46.0667,14.8167,Zasavska,SI035
737,Dolgo Brdo,Dolga Brda,Dolgu Brdu,46.0514,14.5061,Osrednjeslovenska,SI041
738,Dolgovaške Gorice,Dolgovaška Gorica,Dolgovašku Goricu,46.5631,16.4519,Pomurska,SI031
739,Dolič,Doliča,Doliču,46.4923,15.8801,Podravska,SI032
740,Dolič,Doliča,Doliču,46.8333,16.0833,Pomurska,SI031
741,Dolina,Doline,Dolini,46.7039,16.1572,Pomurska,SI031
742,Dolina,Doline,Dolini,46.3581,14.293,Gorenjska,SI042
743,Dolina Pri Lendavi,Doline Priv Lendaviv,Dolini Prih Lendavih,46.5631,16.4519,Pomurska,SI031
744,Dolje,Dolja,Dolju,46.1857,13.7352,Goriška,SI043
745,Dolnja Bistrica,Dolnje Bistrice,Dolnji Bistrici,46.5747,16.2937,Pomurska,SI031
746,Dolnja Bitnja,Dolnje Bitnje,Dolnji Bitnji,45.5679,14.2527,Primorsko-notranjska,SI038
747,Dolnja Briga,Dolnje Brige,Dolnji Brigi,45.643,14.8594,Jugovzhodna Slovenija,SI037
748,Dolnja Košana,Dolnje Košane,Dolnji Košani,45.6833,14.2,Primorsko-notranjska,SI038
749,Dolnja Paka,Dolnje Pake,Dolnji Paki,45.5711,15.1889,Jugovzhodna Slovenija,SI037
750,Dolnja Počehova,Dolnje Počehove,Dolnji Počehovi,46.6099,15.6714,Podravska,SI032
751,Dolnja Stara Vas,Dolnje Stare Vasa,Dolnji Stari Vasu,45.9069,15.2914,Jugovzhodna Slovenija,SI037
752,Dolnja Težka Voda,Dolnje Težke Vode,Dolnji Težki Vodi,45.8,15.1667,Jugovzhodna Slovenija,SI037
753,Dolnje Brezovo,Dolnja Brezova,Dolnju Brezovu,46.0092,15.3041,Posavska,SI036
754,Dolnje Impolje,Dolnja Impolja,Dolnju Impolju,46.0092,15.3041,Posavska,SI036
755,Dolnje Ležeče,Dolnja Ležeča,Dolnju Ležeču,45.682,13.9702,Obalno-kraška,SI044
756,Dolnje Ložine,Dolnja Ložina,Dolnju Ložinu,45.643,14.8594,Jugovzhodna Slovenija,SI037
757,Dolnje Mraševo,Dolnja Mraševa,Dolnju Mraševu,45.7864,15.0745,Jugovzhodna Slovenija,SI037
758,Dolnje Orle,Dolnja Orla,Dolnju Orlu,46.0092,15.3041,Posavska,SI036
759,Dolnje Prapreče,Dolnja Prapreča,Dolnju Prapreču,45.9104,15.0086,Jugovzhodna Slovenija,SI037
760,Dolnje Retje,Dolnja Retja,Dolnju Retju,45.8363,14.6377,Osrednjeslovenska,SI041
761,Dolnje Vreme,Dolnja Vrema,Dolnju Vremu,45.682,13.9702,Obalno-kraška,SI044
762,Dolnji Ajdovec,Dolnjiv Ajdovca,Dolnjih Ajdovcu,45.8339,14.9292,Jugovzhodna Slovenija,SI037
763,Dolnji Kot,Dolnjiv Kota,Dolnjih Kotu,45.8339,14.9292,Jugovzhodna Slovenija,SI037
764,Dolnji Križ,Dolnjiv Križa,Dolnjih Križu,45.8339,14.9292,Jugovzhodna Slovenija,SI037
765,Dolnji Lakoš,Dolnjiv Lakoša,Dolnjih Lakošu,46.5631,16.4519,Pomurska,SI031
766,Dolnji Slaveči,Dolnjiv Slavečiv,Dolnjih Slavečih,46.7977,16.0984,Pomurska,SI031
767,Dolnji Zemon,Dolnjiv Zemona,Dolnjih Zemonu,45.5679,14.2527,Primorsko-notranjska,SI038
768,Dolščaki,Dolščakiv,Dolščakih,45.8363,14.6377,Osrednjeslovenska,SI041
769,Dolž,Dolža,Dolžu,45.8,15.1667,Jugovzhodna Slovenija,SI037
770,Domanjševci,Domanjševciv,Domanjševcih,46.825,16.2981,Pomurska,SI031
771,Domžale,Domžal,Domžalah,46.1394,14.595,Osrednjeslovenska,SI041
772,Dorfarje,Dorfarja,Dorfarju,46.1672,14.303,Gorenjska,SI042
773,Dornava,Dornave,Dornavi,46.4299,15.9488,Podravska,SI032
774,Dornberk,Dornberka,Dornberku,45.9558,13.6433,Goriška,SI043
775,Dornice,Dornica,Dornicu,46.1897,14.4944,Osrednjeslovenska,SI041
776,Doropolje,Doropolja,Doropolju,46.2176,15.396,Savinjska,SI034
777,Dovje,Dovja,Dovju,46.4854,13.7871,Gorenjska,SI042
778,Dovško,Dovška,Dovšku,45.95,15.4833,Posavska,SI036
779,Dovže,Dovža,Dovžu,46.4431,15.1931,Koroška,SI033
785,Draga Pri Sinjem Vrhu,Drage Priv Sinjema Vrhua,Dragi Prih Sinjemu Vrhuu,45.5711,15.1889,Jugovzhodna Slovenija,SI037
786,Draga Pri Šentrupertu,Drage Priv Šentrupertua,Dragi Prih Šentrupertuu,45.9769,15.0897,Jugovzhodna Slovenija,SI037
787,Dragatuš,Dragatuša,Dragatušu,45.5711,15.1889,Jugovzhodna Slovenija,SI037
788,Dragočajna,Dragočajne,Dragočajni,46.1382,14.4147,Osrednjeslovenska,SI041
789,Dragomelj,Dragomelja,Dragomelju,46.1394,14.595,Osrednjeslovenska,SI041
790,Dragonja Vas,Dragonje Vasa,Dragonji Vasu,46.406,15.7983,Podravska,SI032
791,Dragoši,Dragošiv,Dragoših,45.5711,15.1889,Jugovzhodna Slovenija,SI037
792,Dragovanja Vas,Dragovanje Vasa,Dragovanji Vasu,45.5711,15.1889,Jugovzhodna Slovenija,SI037
793,Dragovica,Dragovice,Dragovici,45.9558,13.6433,Goriška,SI043
794,Dragovič,Dragoviča,Dragoviču,46.4853,15.971,Podravska,SI032
795,Dragučova,Dragučove,Dragučovi,46.6099,15.6714,Podravska,SI032
796,Drakovci,Drakovciv,Drakovcih,46.5168,16.2027,Pomurska,SI031
797,Drakšl,Drakšla,Drakšlu,46.4086,16.1475,Podravska,SI032
798,Drama,Drame,Drami,45.8389,15.3361,Jugovzhodna Slovenija,SI037
799,Dramlja,Dramlje,Dramlji,45.9048,15.5922,Posavska,SI036
800,Dramlje,Dramelj,Dramljah,46.2176,15.396,Savinjska,SI034
801,Drankovec,Drankovca,Drankovcu,46.6099,15.6714,Podravska,SI032
802,Drašča Vas,Drašče Vasa,Drašči Vasu,45.8339,14.9292,Jugovzhodna Slovenija,SI037
803,Dravci,Dravciv,Dravcih,45.8484,14.6944,Osrednjeslovenska,SI041
804,Dravče,Dravča,Dravču,46.5992,15.1669,Koroška,SI033
805,Dravinjski Vrh,Dravinjskiv Vrha,Dravinjskih Vrhu,45.8484,14.6944,Osrednjeslovenska,SI041
806,Dravograd,Dravograda,Dravogradu,46.5903,15.0236,Koroška,SI033
807,Draža Vas,Draže Vasa,Draži Vasu,46.3383,15.4233,Savinjska,SI034
808,Dražen Vrh – Del,Dražena Vrha –a Dla,Draženu Vrhu –u Dlu,46.6497,15.8453,Podravska,SI032
809,Dražgoše,Dražgoša,Dražgošu,46.2182,14.1592,Gorenjska,SI042
810,Dražica,Dražice,Dražici,45.9197,14.3572,Osrednjeslovenska,SI041
811,Drča,Drče,Drči,45.8389,15.3361,Jugovzhodna Slovenija,SI037
812,Dren,Drena,Drenu,45.5088,14.91,Jugovzhodna Slovenija,SI037
813,Drenik,Drenika,Dreniku,45.9836,14.5761,Osrednjeslovenska,SI041
814,Drenje,Drenja,Drenju,45.7545,15.0583,Jugovzhodna Slovenija,SI037
815,Drenov Grič,Drenova Griča,Drenovu Griču,45.9624,14.2937,Osrednjeslovenska,SI041
816,Drenovec,Drenovca,Drenovcu,45.5711,15.1889,Jugovzhodna Slovenija,SI037
817,Drenovec,Drenovca,Drenovcu,46.3917,16.0497,Podravska,SI032
818,Drenovec Pri Bukovju,Drenovca Priv Bukovjua,Drenovcu Prih Bukovjuu,45.9048,15.5922,Posavska,SI036
819,Drenovec Pri Leskovcu,Drenovca Priv Leskovcua,Drenovcu Prih Leskovcuu,45.95,15.4833,Posavska,SI036
820,Drensko Rebro,Drenska Rebra,Drensku Rebru,46.074,15.559,Savinjska,SI034
821,Drešinja Vas,Drešinje Vasa,Drešinji Vasu,46.251,15.1639,Savinjska,SI034
822,Drevenik,Drevenika,Dreveniku,46.2314,15.6381,Savinjska,SI034
823,Drežnica,Drežnice,Drežnici,46.2464,13.578,Goriška,SI043
824,Drežnik,Drežnika,Drežniku,45.5711,15.1889,Jugovzhodna Slovenija,SI037
825,Drežnik,Drežnika,Drežniku,45.5088,14.91,Jugovzhodna Slovenija,SI037
826,Drežniške Ravne,Drežniška Ravna,Drežnišku Ravnu,46.2464,13.578,Goriška,SI043
827,Drganja Sela,Drganje Sele,Drganji Seli,45.7864,15.0745,Jugovzhodna Slovenija,SI037
828,Drnovo,Drnova,Drnovu,45.95,15.4833,Posavska,SI036
829,Drobinsko,Drobinska,Drobinsku,46.2176,15.396,Savinjska,SI034
830,Drobočnik,Drobočnika,Drobočniku,46.1857,13.7352,Goriška,SI043
831,Drožanje,Drožanja,Drožanju,46.0092,15.3041,Posavska,SI036
832,Drskovče,Drskovča,Drskovču,45.6833,14.2,Primorsko-notranjska,SI038
833,Drstelja,Drstelje,Drstelji,46.4923,15.8801,Podravska,SI032
834,Drtija,Drtije,Drtiji,46.1356,14.7439,Osrednjeslovenska,SI041
835,Drumlažno,Drumlažna,Drumlažnu,46.3903,15.575,Podravska,SI032
836,Drušče,Drušča,Drušču,46.0092,15.3041,Posavska,SI036
837,Družinska Vas,Družinske Vasa,Družinski Vasu,45.8622,15.2214,Jugovzhodna Slovenija,SI037
838,Družmirje,Družmirja,Družmirju,46.3798,15.0482,Savinjska,SI034
839,Drvanja,Drvanje,Drvanji,46.6065,15.8842,Podravska,SI032
840,Dule,Dula,Dulu,45.74,14.7308,Jugovzhodna Slovenija,SI037
841,Dule,Dula,Dulu,46.5372,15.2733,Koroška,SI033
842,Dule,Dula,Dulu,45.9069,15.2914,Jugovzhodna Slovenija,SI037
843,Dunaj,Dunaja,Dunaju,45.95,15.4833,Posavska,SI036
844,Dupeljne,Dupeljna,Dupeljnu,46.1686,14.6892,Osrednjeslovenska,SI041
845,Duplje,Duplja,Duplju,45.8476,13.9624,Goriška,SI043
846,Dutovlje,Dutovlja,Dutovlju,45.7034,13.8706,Obalno-kraška,SI044
847,Dvor,Dvora,Dvoru,46.0514,14.5061,Osrednjeslovenska,SI041
848,Dvor,Dvora,Dvoru,45.8339,14.9292,Jugovzhodna Slovenija,SI037
849,Dvorce,Dvorca,Dvorcu,45.9048,15.5922,Posavska,SI036
850,Dvori,Dvoriv,Dvorih,45.55,13.7333,Obalno-kraška,SI044
851,Dvorje,Dvorja,Dvorju,46.1356,14.7439,Osrednjeslovenska,SI041
852,Dvorska Vas,Dvorske Vasa,Dvorski Vasu,46.3425,14.1721,Gorenjska,SI042
853,Dvorska Vas,Dvorske Vasa,Dvorski Vasu,45.8363,14.6377,Osrednjeslovenska,SI041
854,Fabci,Fabciv,Fabcih,45.5679,14.2527,Primorsko-notranjska,SI038
855,Fala,Fale,Fali,46.5386,15.5154,Podravska,SI032
856,Famlje,Famlja,Famlju,45.682,13.9702,Obalno-kraška,SI044
857,Fara,Fare,Fari,45.5088,14.91,Jugovzhodna Slovenija,SI037
858,Farovec,Farovca,Farovcu,46.3903,15.575,Podravska,SI032
859,Fijeroga,Fijeroge,Fijerogi,45.55,13.7333,Obalno-kraška,SI044
860,Fikšinci,Fikšinciv,Fikšincih,46.8053,16.0344,Pomurska,SI031
861,Filipčje Brdo,Filipčja Brda,Filipčju Brdu,45.7034,13.8706,Obalno-kraška,SI044
862,Finkovo,Finkova,Finkovu,45.74,14.7308,Jugovzhodna Slovenija,SI037
863,Finkovo,Finkova,Finkovu,46.5372,15.2733,Koroška,SI033
864,Flekušek,Flekušeka,Flekušeku,46.6099,15.6714,Podravska,SI032
865,Florjan,Florjana,Florjanu,46.3798,15.0482,Savinjska,SI034
866,Florjan Pri Gornjem Gradu,Florjana Priv Gornjema Gradua,Florjanu Prih Gornjemu Graduu,46.2961,14.8052,Savinjska,SI034
867,Forme,Forma,Formu,46.1672,14.303,Gorenjska,SI042
868,Formin,Formina,Forminu,46.4122,16.0131,Podravska,SI032
869,Fošt,Fošta,Foštu,46.3903,15.575,Podravska,SI032
870,Frajhajm,Frajhajma,Frajhajmu,46.3903,15.575,Podravska,SI032
871,Frankolovo,Frankolova,Frankolovu,46.2933,15.3052,Savinjska,SI034
872,Frankovci,Frankovciv,Frankovcih,46.4086,16.1475,Podravska,SI032
873,Frluga,Frluge,Frlugi,45.95,15.4833,Posavska,SI036
874,Froleh,Froleha,Frolehu,46.6497,15.8453,Podravska,SI032
875,Fučkovci,Fučkovciv,Fučkovcih,45.5711,15.1889,Jugovzhodna Slovenija,SI037
876,Fužina,Fužine,Fužini,45.9374,14.8029,Osrednjeslovenska,SI041
877,Gaber Pri Črmošnjicah,Gabera Priv Črmošnjicaha,Gaberu Prih Črmošnjicahu,45.6546,15.1783,Jugovzhodna Slovenija,SI037
878,Gaberje,Gaberja,Gaberju,45.8861,13.9097,Goriška,SI043
879,Gaberje,Gaberja,Gaberju,46.5631,16.4519,Pomurska,SI031
880,Gaberke,Gaberka,Gaberku,46.3798,15.0482,Savinjska,SI034
881,Gabernik,Gabernika,Gaberniku,46.3903,15.575,Podravska,SI032
882,Gabrce,Gabrca,Gabrcu,46.2314,15.6381,Savinjska,SI034
883,Gabrče,Gabrča,Gabrču,45.682,13.9702,Obalno-kraška,SI044
884,Gabrijele,Gabrijela,Gabrijelu,46.0092,15.3041,Posavska,SI036
885,Gabrje,Gabrja,Gabrju,45.8,15.1667,Jugovzhodna Slovenija,SI037
886,Gabrje,Gabrja,Gabrju,46.0092,15.3041,Posavska,SI036
887,Gabrje,Gabrja,Gabrju,46.1857,13.7352,Goriška,SI043
888,Gabrje Pod Limbarsko Goro,Gabrja Poda Limbarska Gora,Gabrju Podu Limbarsku Goru,46.1356,14.7439,Osrednjeslovenska,SI041
889,Gabrje Pod Špilkom,Gabrja Poda Špilkoma,Gabrju Podu Špilkomu,46.1686,14.6892,Osrednjeslovenska,SI041
890,Gabrje Pri Dobovi,Gabrja Priv Doboviv,Gabrju Prih Dobovih,45.9048,15.5922,Posavska,SI036
891,Gabrje Pri Ilovi Gori,Gabrja Priv Iloviv Goriv,Gabrju Prih Ilovih Gorih,45.9551,14.6562,Osrednjeslovenska,SI041
892,Gabrje Pri Jančah,Gabrja Priv Jančaha,Gabrju Prih Jančahu,46.0514,14.5061,Osrednjeslovenska,SI041
893,Gabrje Pri Soteski,Gabrja Priv Soteskiv,Gabrju Prih Soteskih,45.7545,15.0583,Jugovzhodna Slovenija,SI037
894,Gabrje Pri Stični,Gabrja Priv Stičniv,Gabrju Prih Stičnih,45.9374,14.8029,Osrednjeslovenska,SI041
895,Gabrk,Gabrka,Gabrku,45.5679,14.2527,Primorsko-notranjska,SI038
896,Gabrk,Gabrka,Gabrku,46.1672,14.303,Gorenjska,SI042
897,Gabrnik,Gabrnika,Gabrniku,46.4853,15.971,Podravska,SI032
898,Gabrnik,Gabrnika,Gabrniku,45.9069,15.2914,Jugovzhodna Slovenija,SI037
899,Gabrno,Gabrna,Gabrnu,46.1563,15.2386,Savinjska,SI034
900,Gabrovčec,Gabrovčca,Gabrovčcu,45.9374,14.8029,Osrednjeslovenska,SI041
901,Gabrovec Pri Dramljah,Gabrovca Priv Dramljaha,Gabrovcu Prih Dramljahu,46.2933,15.3052,Savinjska,SI034
902,Gabrovec Pri Kostrivnici,Gabrovca Priv Kostrivniciv,Gabrovcu Prih Kostrivnicih,46.2314,15.6381,Savinjska,SI034
903,Gabrovica Pri Črnem Kalu,Gabrovice Priv Črnema Kalua,Gabrovici Prih Črnemu Kaluu,45.55,13.7333,Obalno-kraška,SI044
904,Gabrovica Pri Komnu,Gabrovice Priv Komnua,Gabrovici Prih Komnuu,45.8159,13.7507,Obalno-kraška,SI044
905,Gabrovka,Gabrovke,Gabrovki,46.0667,14.8167,Zasavska,SI035
906,Gabrovka Pri Zagradcu,Gabrovke Priv Zagradcua,Gabrovki Prih Zagradcuu,45.9374,14.8029,Osrednjeslovenska,SI041
907,Gabrovlje,Gabrovlja,Gabrovlju,46.3383,15.4233,Savinjska,SI034
908,Gabrovnica,Gabrovnice,Gabrovnici,46.2257,14.612,Osrednjeslovenska,SI041
909,Gabrovnik,Gabrovnika,Gabrovniku,46.3383,15.4233,Savinjska,SI034
910,Gabrovo,Gabrova,Gabrovu,46.1672,14.303,Gorenjska,SI042
911,Gabrska Gora,Gabrske Gore,Gabrski Gori,46.0667,14.8167,Zasavska,SI035
912,Gabrsko,Gabrska,Gabrsku,46.15,15.05,Zasavska,SI035
913,Gabrška Gora,Gabrške Gore,Gabrški Gori,46.1672,14.303,Gorenjska,SI042
914,Gačnik,Gačnika,Gačniku,46.6099,15.6714,Podravska,SI032
917,Gaj Nad Mariborom,Gaja Nada Mariboroma,Gaju Nadu Mariboromu,46.5575,15.6456,Podravska,SI032
918,Gajevci,Gajevciv,Gajevcih,46.4122,16.0131,Podravska,SI032
919,Gajniče,Gajniča,Gajniču,45.9551,14.6562,Osrednjeslovenska,SI041
920,Gajševci,Gajševciv,Gajševcih,46.5631,16.1399,Pomurska,SI031
921,Galantiči,Galantičiv,Galantičih,45.55,13.7333,Obalno-kraška,SI044
922,Galicija,Galicije,Galiciji,46.251,15.1639,Savinjska,SI034
923,Gančani,Gančaniv,Gančanih,46.606,16.2328,Pomurska,SI031
924,Gašpinovo,Gašpinova,Gašpinovu,45.74,14.7308,Jugovzhodna Slovenija,SI037
925,Gašpinovo,Gašpinova,Gašpinovu,46.5372,15.2733,Koroška,SI033
926,Gatina,Gatine,Gatini,45.9551,14.6562,Osrednjeslovenska,SI041
927,Gazice,Gazica,Gazicu,45.9048,15.5922,Posavska,SI036
928,Gažon,Gažona,Gažonu,45.55,13.7333,Obalno-kraška,SI044
929,Gederovci,Gederovciv,Gederovcih,46.6558,16.0933,Pomurska,SI031
930,Genterovci,Genterovciv,Genterovcih,46.5631,16.4519,Pomurska,SI031
931,Gibina,Gibine,Gibini,46.5182,16.2882,Pomurska,SI031
932,Gladloka,Gladloke,Gladloki,45.5088,14.91,Jugovzhodna Slovenija,SI037
933,Gladomes,Gladomesa,Gladomesu,46.3903,15.575,Podravska,SI032
934,Glem,Glema,Glemu,45.55,13.7333,Obalno-kraška,SI044
935,Glinek,Glineka,Glineku,45.9476,15.0664,Jugovzhodna Slovenija,SI037
936,Glinek,Glineka,Glineku,45.9836,14.5761,Osrednjeslovenska,SI041
937,Glinje,Glinja,Glinju,46.2884,15.0386,Savinjska,SI034
938,Glinsko,Glinska,Glinsku,46.2358,15.2675,Savinjska,SI034
939,Globel,Globla,Globlu,45.7616,14.6363,Jugovzhodna Slovenija,SI037
940,Globočdol,Globočdola,Globočdolu,45.858,15.0876,Jugovzhodna Slovenija,SI037
941,Globoče,Globoča,Globoču,46.2933,15.3052,Savinjska,SI034
942,Globočice,Globočica,Globočicu,45.9048,15.5922,Posavska,SI036
943,Globoka,Globoke,Globoki,46.5168,16.2027,Pomurska,SI031
947,Globoko Ob Dravinji,Globoka Oba Dravinjiv,Globoku Obu Dravinjih,46.3135,15.5791,Podravska,SI032
948,Glogov Brod,Glogova Broda,Glogovu Brodu,45.9048,15.5922,Posavska,SI036
949,Glogovica,Glogovice,Glogovici,45.9374,14.8029,Osrednjeslovenska,SI041
950,Gmajna,Gmajne,Gmajni,45.95,15.4833,Posavska,SI036
951,Gmajna,Gmajne,Gmajni,46.5094,15.0792,Koroška,SI033
952,Gmajnica,Gmajnice,Gmajnici,46.2073,14.539,Osrednjeslovenska,SI041
953,Gobnik,Gobnika,Gobniku,46.0667,14.8167,Zasavska,SI035
954,Gobovce,Gobovca,Gobovcu,46.2749,14.3176,Gorenjska,SI042
955,Goče,Goča,Goču,45.8476,13.9624,Goriška,SI043
956,Godemarci,Godemarciv,Godemarcih,46.5168,16.2027,Pomurska,SI031
957,Godešič,Godešiča,Godešiču,46.1672,14.303,Gorenjska,SI042
958,Godič,Godiča,Godiču,46.2257,14.612,Osrednjeslovenska,SI041
959,Godnje,Godnja,Godnju,45.7034,13.8706,Obalno-kraška,SI044
960,Godovič,Godoviča,Godoviču,46.0025,14.0275,Goriška,SI043
961,Gojače,Gojača,Gojaču,45.8861,13.9097,Goriška,SI043
962,Golavabuka,Golavabuke,Golavabuki,46.5094,15.0792,Koroška,SI033
963,Golčaj,Golčaja,Golčaju,46.1686,14.6892,Osrednjeslovenska,SI041
964,Golek,Goleka,Goleku,45.5711,15.1889,Jugovzhodna Slovenija,SI037
965,Golek,Goleka,Goleku,45.95,15.4833,Posavska,SI036
966,Golek Pri Vinici,Goleka Priv Viniciv,Goleku Prih Vinicih,45.5711,15.1889,Jugovzhodna Slovenija,SI037
967,Goli Vrh,Goliv Vrha,Golih Vrhu,45.95,15.4833,Posavska,SI036
968,Golica,Golice,Golici,46.2182,14.1592,Gorenjska,SI042
969,Golice,Golica,Golicu,46.2257,14.612,Osrednjeslovenska,SI041
970,Golišče,Golišča,Golišču,46.0667,14.8167,Zasavska,SI035
971,Goljek,Goljeka,Goljeku,45.9104,15.0086,Jugovzhodna Slovenija,SI037
972,Goljevica,Goljevice,Goljevici,46.088,13.6347,Goriška,SI043
973,Golnik,Golnika,Golniku,46.2333,14.3667,Gorenjska,SI042
975,Golo Brdo,Gola Brda,Golu Brdu,46.1382,14.4147,Osrednjeslovenska,SI041
976,Golobinjek,Golobinjeka,Golobinjeku,45.858,15.0876,Jugovzhodna Slovenija,SI037
977,Golobinjek Ob Sotli,Golobinjeka Oba Sotliv,Golobinjeku Obu Sotlih,46.1573,15.5974,Savinjska,SI034
978,Golobinjek Pri Planini,Golobinjeka Priv Planiniv,Golobinjeku Prih Planinih,46.2176,15.396,Savinjska,SI034
979,Golušnik,Golušnika,Golušniku,45.8,15.1667,Jugovzhodna Slovenija,SI037
980,Gombišče,Gombišča,Gombišču,45.9104,15.0086,Jugovzhodna Slovenija,SI037
981,Gomila,Gomile,Gomili,46.4923,15.8801,Podravska,SI032
982,Gomila,Gomile,Gomili,45.9476,15.0664,Jugovzhodna Slovenija,SI037
983,Gomila Pri Kogu,Gomile Priv Kogua,Gomili Prih Koguu,46.4086,16.1475,Podravska,SI032
984,Gomilci,Gomilciv,Gomilcih,46.4923,15.8801,Podravska,SI032
985,Gomilica,Gomilice,Gomilici,46.6194,16.3223,Pomurska,SI031
986,Gomilsko,Gomilska,Gomilsku,46.2884,15.0386,Savinjska,SI034
989,Gora Pri Komendi,Gore Priv Komendiv,Gori Prih Komendih,46.2073,14.539,Osrednjeslovenska,SI041
990,Gora Pri Pečah,Gore Priv Pečaha,Gori Prih Pečahu,46.1356,14.7439,Osrednjeslovenska,SI041
991,Gorca,Gorce,Gorci,46.3361,15.8786,Podravska,SI032
992,Gorče,Gorča,Gorču,46.5903,15.0236,Koroška,SI033
995,Goreljce,Goreljca,Goreljcu,46.0658,15.1728,Posavska,SI036
996,Gorenja Brezovica,Gorenje Brezovice,Gorenji Brezovici,46.0207,14.4178,Osrednjeslovenska,SI041
997,Gorenja Brezovica,Gorenje Brezovice,Gorenji Brezovici,45.8389,15.3361,Jugovzhodna Slovenija,SI037
998,Gorenja Dobrava,Gorenje Dobrave,Gorenji Dobravi,45.9104,15.0086,Jugovzhodna Slovenija,SI037
999,Gorenja Gomila,Gorenje Gomile,Gorenji Gomili,45.8389,15.3361,Jugovzhodna Slovenija,SI037
1000,Gorenja Kanomlja,Gorenje Kanomlje,Gorenji Kanomlji,46.0025,14.0275,Goriška,SI043
1001,Gorenja Lepa Vas,Gorenje Lepe Vasa,Gorenji Lepi Vasu,45.95,15.4833,Posavska,SI036
1002,Gorenja Nemška Vas,Gorenje Nemške Vasa,Gorenji Nemški Vasu,45.9104,15.0086,Jugovzhodna Slovenija,SI037
1003,Gorenja Pirošica,Gorenje Pirošice,Gorenji Pirošici,45.9048,15.5922,Posavska,SI036
1004,Gorenja Podgora,Gorenje Podgore,Gorenji Podgori,45.5711,15.1889,Jugovzhodna Slovenija,SI037
1005,Gorenja Stara Vas,Gorenje Stare Vasa,Gorenji Stari Vasu,45.8389,15.3361,Jugovzhodna Slovenija,SI037
1006,Gorenja Trebuša,Gorenje Trebuše,Gorenji Trebuši,46.1857,13.7352,Goriška,SI043
1007,Gorenja Vas,Gorenje Vasa,Gorenji Vasu,45.9374,14.8029,Osrednjeslovenska,SI041
1008,Gorenja Vas,Gorenje Vasa,Gorenji Vasu,46.088,13.6347,Goriška,SI043
1009,Gorenja Vas,Gorenje Vasa,Gorenji Vasu,45.9104,15.0086,Jugovzhodna Slovenija,SI037
1010,Gorenja Vas – Reteče,Gorenje Vasa –a Reteča,Gorenji Vasu –u Reteču,46.1672,14.303,Gorenjska,SI042
1011,Gorenja Vas Pri Čatežu,Gorenje Vasa Priv Čatežua,Gorenji Vasu Prih Čatežuu,45.9104,15.0086,Jugovzhodna Slovenija,SI037
1012,Gorenja Vas Pri Leskovcu,Gorenje Vasa Priv Leskovcua,Gorenji Vasu Prih Leskovcuu,45.95,15.4833,Posavska,SI036
1013,Gorenja Vas Pri Mirni,Gorenje Vasa Priv Mirniv,Gorenji Vasu Prih Mirnih,45.9476,15.0664,Jugovzhodna Slovenija,SI037
1014,Gorenja Vas Pri Polici,Gorenje Vasa Priv Policiv,Gorenji Vasu Prih Policih,45.9551,14.6562,Osrednjeslovenska,SI041
1015,Gorenja Vas Pri Šmarjeti,Gorenje Vasa Priv Šmarjetiv,Gorenji Vasu Prih Šmarjetih,45.8622,15.2214,Jugovzhodna Slovenija,SI037
1016,Gorenja Žaga,Gorenje Žage,Gorenji Žagi,45.5088,14.91,Jugovzhodna Slovenija,SI037
1017,Gorenjci Pri Adlešičih,Gorenjciv Priv Adlešičiha,Gorenjcih Prih Adlešičihu,45.5711,15.1889,Jugovzhodna Slovenija,SI037
1021,Gorenje Blato,Gorenja Blata,Gorenju Blatu,45.9836,14.5761,Osrednjeslovenska,SI041
1022,Gorenje Brezovo,Gorenja Brezova,Gorenju Brezovu,45.9374,14.8029,Osrednjeslovenska,SI041
1023,Gorenje Dole,Gorenja Dola,Gorenju Dolu,45.95,15.4833,Posavska,SI036
1024,Gorenje Dole,Gorenja Dola,Gorenju Dolu,45.9069,15.2914,Jugovzhodna Slovenija,SI037
1025,Gorenje Gradišče,Gorenja Gradišča,Gorenju Gradišču,45.7545,15.0583,Jugovzhodna Slovenija,SI037
1026,Gorenje Gradišče Pri Šentj.,Gorenja Gradišča Priv Šentj.a,Gorenju Gradišču Prih Šentj.u,45.8389,15.3361,Jugovzhodna Slovenija,SI037
1027,Gorenje Grčevje,Gorenja Grčevja,Gorenju Grčevju,45.8,15.1667,Jugovzhodna Slovenija,SI037
1028,Gorenje Jelenje,Gorenja Jelenja,Gorenju Jelenju,46.0667,14.8167,Zasavska,SI035
1029,Gorenje Jesenice,Gorenja Jesenica,Gorenju Jesenicu,45.9769,15.0897,Jugovzhodna Slovenija,SI037
1030,Gorenje Jezero,Gorenja Jezera,Gorenju Jezeru,45.7964,14.3581,Primorsko-notranjska,SI038
1031,Gorenje Kališče,Gorenja Kališča,Gorenju Kališču,45.8363,14.6377,Osrednjeslovenska,SI041
1032,Gorenje Kamence,Gorenja Kamenca,Gorenju Kamencu,45.8,15.1667,Jugovzhodna Slovenija,SI037
1033,Gorenje Kamenje,Gorenja Kamenja,Gorenju Kamenju,45.8,15.1667,Jugovzhodna Slovenija,SI037
1034,Gorenje Kamenje Pri Dobrniču,Gorenja Kamenja Priv Dobrničua,Gorenju Kamenju Prih Dobrničuu,45.9104,15.0086,Jugovzhodna Slovenija,SI037
1035,Gorenje Karteljevo,Gorenja Karteljeva,Gorenju Karteljevu,45.8,15.1667,Jugovzhodna Slovenija,SI037
1036,Gorenje Kronovo,Gorenja Kronova,Gorenju Kronovu,45.8,15.1667,Jugovzhodna Slovenija,SI037
1037,Gorenje Lakovnice,Gorenja Lakovnica,Gorenju Lakovnicu,45.8,15.1667,Jugovzhodna Slovenija,SI037
1038,Gorenje Medvedje Selo,Gorenja Medvedja Sela,Gorenju Medvedju Selu,45.9104,15.0086,Jugovzhodna Slovenija,SI037
1039,Gorenje Mokro Polje,Gorenja Mokra Polja,Gorenju Mokru Polju,45.8389,15.3361,Jugovzhodna Slovenija,SI037
1040,Gorenje Mraševo,Gorenja Mraševa,Gorenju Mraševu,45.8,15.1667,Jugovzhodna Slovenija,SI037
1041,Gorenje Nekovo,Gorenja Nekova,Gorenju Nekovu,46.088,13.6347,Goriška,SI043
1042,Gorenje Otave,Gorenja Otava,Gorenju Otavu,45.7964,14.3581,Primorsko-notranjska,SI038
1043,Gorenje Podpoljane,Gorenja Podpoljana,Gorenju Podpoljanu,45.74,14.7308,Jugovzhodna Slovenija,SI037
1044,Gorenje Podpoljane,Gorenja Podpoljana,Gorenju Podpoljanu,46.5372,15.2733,Koroška,SI033
1045,Gorenje Polje,Gorenja Polja,Gorenju Polju,45.7545,15.0583,Jugovzhodna Slovenija,SI037
1046,Gorenje Polje,Gorenja Polja,Gorenju Polju,46.088,13.6347,Goriška,SI043
1047,Gorenje Ponikve,Gorenja Ponikva,Gorenju Ponikvu,45.9104,15.0086,Jugovzhodna Slovenija,SI037
1048,Gorenje Pri Divači,Gorenja Priv Divačiv,Gorenju Prih Divačih,45.7034,13.8706,Obalno-kraška,SI044
1049,Gorenje Pri Zrečah,Gorenja Priv Zrečaha,Gorenju Prih Zrečahu,46.375,15.3854,Savinjska,SI034
1050,Gorenje Radulje,Gorenja Radulja,Gorenju Radulju,45.9069,15.2914,Jugovzhodna Slovenija,SI037
1051,Gorenje Selce,Gorenja Selca,Gorenju Selcu,45.9104,15.0086,Jugovzhodna Slovenija,SI037
1052,Gorenje Skopice,Gorenja Skopica,Gorenju Skopicu,45.9048,15.5922,Posavska,SI036
1053,Gorenje Sušice,Gorenja Sušica,Gorenju Sušicu,45.7545,15.0583,Jugovzhodna Slovenija,SI037
1054,Gorenje Vrhpolje,Gorenja Vrhpolja,Gorenju Vrhpolju,45.8389,15.3361,Jugovzhodna Slovenija,SI037
1055,Gorenji Globodol,Gorenjiv Globodola,Gorenjih Globodolu,45.858,15.0876,Jugovzhodna Slovenija,SI037
1056,Gorenji Lazi,Gorenjiv Laziv,Gorenjih Lazih,45.74,14.7308,Jugovzhodna Slovenija,SI037
1057,Gorenji Lazi,Gorenjiv Laziv,Gorenjih Lazih,46.5372,15.2733,Koroška,SI033
1058,Gorenji Leskovec,Gorenjiv Leskovca,Gorenjih Leskovcu,45.95,15.4833,Posavska,SI036
1059,Gorenji Log,Gorenjiv Loga,Gorenjih Logu,46.1857,13.7352,Goriška,SI043
1060,Gorenji Maharovec,Gorenjiv Maharovca,Gorenjih Maharovcu,45.8389,15.3361,Jugovzhodna Slovenija,SI037
1061,Gorenji Novaki,Gorenjiv Novakiv,Gorenjih Novakih,46.1278,13.9875,Goriška,SI043
1062,Gorenji Podboršt,Gorenjiv Podboršta,Gorenjih Podborštu,45.858,15.0876,Jugovzhodna Slovenija,SI037
1063,Gorenji Podboršt Pri V. Loki,Gorenjiv Podboršta Priv V.a Lokiv,Gorenjih Podborštu Prih V.u Lokih,45.9104,15.0086,Jugovzhodna Slovenija,SI037
1064,Gorenji Podšumberk,Gorenjiv Podšumberka,Gorenjih Podšumberku,45.9104,15.0086,Jugovzhodna Slovenija,SI037
1065,Gorenji Potok,Gorenjiv Potoka,Gorenjih Potoku,45.5088,14.91,Jugovzhodna Slovenija,SI037
1066,Gorenji Radenci,Gorenjiv Radenciv,Gorenjih Radencih,45.5711,15.1889,Jugovzhodna Slovenija,SI037
1067,Gorenji Suhadol,Gorenjiv Suhadola,Gorenjih Suhadolu,45.8,15.1667,Jugovzhodna Slovenija,SI037
1068,Gorenji Vrh Pri Dobrniču,Gorenjiv Vrha Priv Dobrničua,Gorenjih Vrhu Prih Dobrničuu,45.9104,15.0086,Jugovzhodna Slovenija,SI037
1069,Gorenji Vrsnik,Gorenjiv Vrsnika,Gorenjih Vrsniku,46.0025,14.0275,Goriška,SI043
1070,Gorenjski Vrh,Gorenjskiv Vrha,Gorenjskih Vrhu,46.3917,16.0497,Podravska,SI032
1071,Gorica,Gorice,Gorici,45.5711,15.1889,Jugovzhodna Slovenija,SI037
1072,Gorica,Gorice,Gorici,45.95,15.4833,Posavska,SI036
1073,Gorica,Gorice,Gorici,46.1356,14.7439,Osrednjeslovenska,SI041
1074,Gorica,Gorice,Gorici,46.7039,16.1572,Pomurska,SI031
1075,Gorica,Gorice,Gorici,46.3425,14.1721,Gorenjska,SI042
1076,Gorica Na Medvedjeku,Gorice Ne Medvedjekua,Gorici Ni Medvedjekuu,45.9104,15.0086,Jugovzhodna Slovenija,SI037
1077,Gorica Pri Dobjem,Gorice Priv Dobjema,Gorici Prih Dobjemu,46.1369,15.3945,Savinjska,SI034
1078,Gorica Pri Oplotnici,Gorice Priv Oplotniciv,Gorici Prih Oplotnicih,46.386,15.4458,Podravska,SI032
1079,Gorica Pri Raztezu,Gorice Priv Raztezua,Gorici Prih Raztezuu,45.95,15.4833,Posavska,SI036
1080,Gorica Pri Slivnici,Gorice Priv Slivniciv,Gorici Prih Slivnicih,46.2176,15.396,Savinjska,SI034
1081,Gorica Pri Šmartnem,Gorice Priv Šmartnema,Gorici Prih Šmartnemu,46.2358,15.2675,Savinjska,SI034
1082,Goriča Vas,Goriče Vasa,Goriči Vasu,45.74,14.7308,Jugovzhodna Slovenija,SI037
1083,Goriča Vas,Goriče Vasa,Goriči Vasu,46.5372,15.2733,Koroška,SI033
1084,Goričak,Goričaka,Goričaku,46.3917,16.0497,Podravska,SI032
1085,Goričane,Goričana,Goričanu,46.1382,14.4147,Osrednjeslovenska,SI041
1086,Goriče,Goriča,Goriču,46.2333,14.3667,Gorenjska,SI042
1087,Goriče,Goriča,Goriču,45.7759,14.2137,Primorsko-notranjska,SI038
1088,Goriče Pri Famljah,Goriča Priv Famljaha,Goriču Prih Famljahu,45.682,13.9702,Obalno-kraška,SI044
1089,Goričica,Goričice,Goričici,46.2176,15.396,Savinjska,SI034
1090,Goričica Pod Krimom,Goričice Poda Krimoma,Goričici Podu Krimomu,46.0207,14.4178,Osrednjeslovenska,SI041
1091,Goričica Pri Ihanu,Goričice Priv Ihanua,Goričici Prih Ihanuu,46.1394,14.595,Osrednjeslovenska,SI041
1092,Goričica Pri Moravčah,Goričice Priv Moravčaha,Goričici Prih Moravčahu,46.1356,14.7439,Osrednjeslovenska,SI041
1093,Goričice,Goričica,Goričicu,45.7964,14.3581,Primorsko-notranjska,SI038
1094,Goriška Gora,Goriške Gore,Goriški Gori,45.9069,15.2914,Jugovzhodna Slovenija,SI037
1095,Goriška Vas,Goriške Vasa,Goriški Vasu,45.858,15.0876,Jugovzhodna Slovenija,SI037
1096,Goriška Vas Pri Škocjanu,Goriške Vasa Priv Škocjanua,Goriški Vasu Prih Škocjanuu,45.9069,15.2914,Jugovzhodna Slovenija,SI037
1097,Goriški Vrh,Goriškiv Vrha,Goriških Vrhu,46.5903,15.0236,Koroška,SI033
1098,Gorišnica,Gorišnice,Gorišnici,46.4122,16.0131,Podravska,SI032
1099,Gorjane,Gorjana,Gorjanu,46.074,15.559,Savinjska,SI034
1100,Gorjansko,Gorjanska,Gorjansku,45.8159,13.7507,Obalno-kraška,SI044
1101,Gorje,Gorij,Gorjah,46.1278,13.9875,Goriška,SI043
1102,Gorjuša,Gorjuše,Gorjuši,46.1394,14.595,Osrednjeslovenska,SI041
1103,Gornja Bistrica,Gornje Bistrice,Gornji Bistrici,46.5747,16.2937,Pomurska,SI031
1104,Gornja Bitnja,Gornje Bitnje,Gornji Bitnji,45.5679,14.2527,Primorsko-notranjska,SI038
1105,Gornja Briga,Gornje Brige,Gornji Brigi,45.643,14.8594,Jugovzhodna Slovenija,SI037
1106,Gornja Košana,Gornje Košane,Gornji Košani,45.6833,14.2,Primorsko-notranjska,SI038
1107,Gornja Paka,Gornje Pake,Gornji Paki,45.5711,15.1889,Jugovzhodna Slovenija,SI037
1108,Gornja Stara Vas,Gornje Stare Vasa,Gornji Stari Vasu,45.9069,15.2914,Jugovzhodna Slovenija,SI037
1109,Gornja Težka Voda,Gornje Težke Vode,Gornji Težki Vodi,45.8,15.1667,Jugovzhodna Slovenija,SI037
1110,Gornja Vas,Gornje Vasa,Gornji Vasu,46.375,15.3854,Savinjska,SI034
1111,Gornje Brezovo,Gornja Brezova,Gornju Brezovu,46.0092,15.3041,Posavska,SI036
1112,Gornje Impolje,Gornja Impolja,Gornju Impolju,46.0092,15.3041,Posavska,SI036
1113,Gornje Laze,Gornja Laza,Gornju Lazu,45.6546,15.1783,Jugovzhodna Slovenija,SI037
1114,Gornje Ležeče,Gornja Ležeča,Gornju Ležeču,45.682,13.9702,Obalno-kraška,SI044
1115,Gornje Ložine,Gornja Ložina,Gornju Ložinu,45.643,14.8594,Jugovzhodna Slovenija,SI037
1116,Gornje Orle,Gornja Orla,Gornju Orlu,46.0092,15.3041,Posavska,SI036
1117,Gornje Pijavško,Gornja Pijavška,Gornju Pijavšku,45.95,15.4833,Posavska,SI036
1118,Gornje Prapreče,Gornja Prapreča,Gornju Prapreču,45.9104,15.0086,Jugovzhodna Slovenija,SI037
1119,Gornje Ravne,Gornja Ravna,Gornju Ravnu,46.0667,14.8167,Zasavska,SI035
1120,Gornje Retje,Gornja Retja,Gornju Retju,45.8363,14.6377,Osrednjeslovenska,SI041
1121,Gornje Vreme,Gornja Vrema,Gornju Vremu,45.682,13.9702,Obalno-kraška,SI044
1122,Gornji Ajdovec,Gornjiv Ajdovca,Gornjih Ajdovcu,45.8339,14.9292,Jugovzhodna Slovenija,SI037
1123,Gornji Dolič,Gornjiv Doliča,Gornjih Doliču,46.4431,15.1931,Koroška,SI033
1124,Gornji Grad,Gornjega Grada,Gornjem Gradu,46.2961,14.8052,Savinjska,SI034
1125,Gornji Ig,Gornjiv Iga,Gornjih Igu,45.9692,14.5394,Osrednjeslovenska,SI041
1126,Gornji Kot,Gornjiv Kota,Gornjih Kotu,45.8339,14.9292,Jugovzhodna Slovenija,SI037
1127,Gornji Križ,Gornjiv Križa,Gornjih Križu,45.8339,14.9292,Jugovzhodna Slovenija,SI037
1128,Gornji Lakoš,Gornjiv Lakoša,Gornjih Lakošu,46.5631,16.4519,Pomurska,SI031
1129,Gornji Lenart,Gornjiv Lenarta,Gornjih Lenartu,45.9048,15.5922,Posavska,SI036
1130,Gornji Petrovci,Gornjih Petrovcev,Gornjih Petrovcih,46.805,16.2172,Pomurska,SI031
1131,Gornji Rogatec,Gornjiv Rogatca,Gornjih Rogatcu,45.9551,14.6562,Osrednjeslovenska,SI041
1132,Gornji Slaveči,Gornjiv Slavečiv,Gornjih Slavečih,46.8333,16.0833,Pomurska,SI031
1133,Gornji Suhor Pri Vinici,Gornjiv Suhora Priv Viniciv,Gornjih Suhoru Prih Vinicih,45.5711,15.1889,Jugovzhodna Slovenija,SI037
1134,Gornji Zemon,Gornjiv Zemona,Gornjih Zemonu,45.5679,14.2527,Primorsko-notranjska,SI038
1135,Goropeke,Goropeka,Goropeku,46.0469,14.1097,Gorenjska,SI042
1136,Gorski Vrh,Gorskiv Vrha,Gorskih Vrhu,46.1857,13.7352,Goriška,SI043
1137,Gortina,Gortine,Gortini,46.6167,15.1667,Koroška,SI033
1138,Gosteče,Gosteča,Gosteču,46.1672,14.303,Gorenjska,SI042
1139,Gostinca,Gostince,Gostinci,46.1573,15.5974,Savinjska,SI034
1140,Gotenc,Gotenca,Gotencu,45.5088,14.91,Jugovzhodna Slovenija,SI037
1141,Gotenica,Gotenice,Gotenici,45.643,14.8594,Jugovzhodna Slovenija,SI037
1142,Gotovlje,Gotovlja,Gotovlju,46.251,15.1639,Savinjska,SI034
1143,Govce,Govca,Govcu,46.1563,15.2386,Savinjska,SI034
1144,Goveji Dol,Govejiv Dola,Govejih Dolu,46.0092,15.3041,Posavska,SI036
1145,Govejk,Govejka,Govejku,46.0025,14.0275,Goriška,SI043
1149,Gozd Martuljek,Gozda Martuljeka,Gozdu Martuljeku,46.4854,13.7871,Gorenjska,SI042
1150,Gozdec,Gozdca,Gozdcu,46.1563,15.2386,Savinjska,SI034
1151,Grabe Pri Ljutomeru,Graba Priv Ljutomerua,Grabu Prih Ljutomeruu,46.5631,16.1399,Pomurska,SI031
1152,Graben,Grabena,Grabenu,45.74,14.7308,Jugovzhodna Slovenija,SI037
1153,Graben,Grabena,Grabenu,46.5372,15.2733,Koroška,SI033
1154,Grabonoški Vrh,Grabonoškiv Vrha,Grabonoških Vrhu,46.566,15.9429,Podravska,SI032
1155,Gračič,Gračiča,Gračiču,46.375,15.3854,Savinjska,SI034
1156,Gračišče,Gračišča,Gračišču,45.55,13.7333,Obalno-kraška,SI044
1157,Gračnica,Gračnice,Gračnici,46.1563,15.2386,Savinjska,SI034
1158,Grad,Grada,Gradu,46.7977,16.0984,Pomurska,SI031
1161,Gradenc,Gradenca,Gradencu,45.8339,14.9292,Jugovzhodna Slovenija,SI037
1162,Gradenje,Gradenja,Gradenju,45.8622,15.2214,Jugovzhodna Slovenija,SI037
1163,Gradež,Gradeža,Gradežu,45.8363,14.6377,Osrednjeslovenska,SI041
1164,Gradiček,Gradičeka,Gradičeku,45.9374,14.8029,Osrednjeslovenska,SI041
1165,Gradin,Gradina,Gradinu,45.55,13.7333,Obalno-kraška,SI044
1167,Gradiščak,Gradiščaka,Gradiščaku,46.4853,15.971,Podravska,SI032
1175,Gradišče Nad Prvačino,Gradišča Nada Prvačina,Gradišču Nadu Prvačinu,45.9558,13.6433,Goriška,SI043
1176,Gradišče Pri Divači,Gradišča Priv Divačiv,Gradišču Prih Divačih,45.682,13.9702,Obalno-kraška,SI044
1177,Gradišče Pri Lukovici,Gradišča Priv Lukoviciv,Gradišču Prih Lukovicih,46.1686,14.6892,Osrednjeslovenska,SI041
1178,Gradišče Pri Raki,Gradišča Priv Rakiv,Gradišču Prih Rakih,45.95,15.4833,Posavska,SI036
1179,Gradišče Pri Štjaku,Gradišča Priv Štjakua,Gradišču Prih Štjakuu,45.7034,13.8706,Obalno-kraška,SI044
1180,Gradišče Pri Trebnjem,Gradišča Priv Trebnjema,Gradišču Prih Trebnjemu,45.9104,15.0086,Jugovzhodna Slovenija,SI037
1181,Gradišče Pri Vipavi,Gradišča Priv Vipaviv,Gradišču Prih Vipavih,45.8476,13.9624,Goriška,SI043
1182,Gradišče Pri Vojniku,Gradišča Priv Vojnikua,Gradišču Prih Vojnikuu,46.2933,15.3052,Savinjska,SI034
1183,Gradišče V Tuhinju,Gradišča Va Tuhinjua,Gradišču Vu Tuhinjuu,46.2257,14.612,Osrednjeslovenska,SI041
1184,Gradišče-K. O. Št. Lovrenc,Gradišča-K.a O.a Št.a Lovrenca,Gradišču-K.u O.u Št.u Lovrencu,46.0667,14.8167,Zasavska,SI035
1185,Gradiški Dol,Gradiškiv Dola,Gradiških Dolu,46.2314,15.6381,Savinjska,SI034
1186,Gradnik,Gradnika,Gradniku,45.6546,15.1783,Jugovzhodna Slovenija,SI037
1189,Grahovo,Grahova,Grahovu,45.7964,14.3581,Primorsko-notranjska,SI038
1190,Grahovo Brdo,Grahova Brda,Grahovu Brdu,45.7034,13.8706,Obalno-kraška,SI044
1191,Grahovo Ob Bači,Grahova Oba Bačiv,Grahovu Obu Bačih,46.1857,13.7352,Goriška,SI043
1192,Grahovše,Grahovša,Grahovšu,46.3581,14.293,Gorenjska,SI042
1193,Grajena,Grajene,Grajeni,46.4194,15.8694,Podravska,SI032
1194,Grajenščak,Grajenščaka,Grajenščaku,46.4194,15.8694,Podravska,SI032
1195,Grajska Vas,Grajske Vasa,Grajski Vasu,46.2884,15.0386,Savinjska,SI034
1196,Grant,Granta,Grantu,46.1857,13.7352,Goriška,SI043
1197,Graška Gora,Graške Gore,Graški Gori,46.5094,15.0792,Koroška,SI033
1198,Grč Vrh,Grča Vrha,Grču Vrhu,45.858,15.0876,Jugovzhodna Slovenija,SI037
1199,Grčarevec,Grčarevca,Grčarevcu,45.9167,14.2297,Osrednjeslovenska,SI041
1200,Grčarice,Grčarica,Grčaricu,45.74,14.7308,Jugovzhodna Slovenija,SI037
1201,Grčarice,Grčarica,Grčaricu,46.5372,15.2733,Koroška,SI033
1202,Grčarske Ravne,Grčarska Ravna,Grčarsku Ravnu,45.74,14.7308,Jugovzhodna Slovenija,SI037
1203,Grčarske Ravne,Grčarska Ravna,Grčarsku Ravnu,46.5372,15.2733,Koroška,SI033
1204,Grče,Grča,Grču,46.251,15.1639,Savinjska,SI034
1205,Grdina,Grdine,Grdini,46.35,15.7333,Podravska,SI032
1206,Grebenje,Grebenja,Grebenju,45.74,14.7308,Jugovzhodna Slovenija,SI037
1207,Grebenje,Grebenja,Grebenju,46.5372,15.2733,Koroška,SI033
1208,Gregovce,Gregovca,Gregovcu,45.9048,15.5922,Posavska,SI036
1209,Grenc,Grenca,Grencu,46.1672,14.303,Gorenjska,SI042
1210,Gresovščak,Gresovščaka,Gresovščaku,46.5168,16.2027,Pomurska,SI031
1211,Grgar,Grgara,Grgaru,45.9558,13.6433,Goriška,SI043
1212,Grgarske Ravne,Grgarska Ravna,Grgarsku Ravnu,45.9558,13.6433,Goriška,SI043
1213,Grgelj,Grgelja,Grgelju,45.5088,14.91,Jugovzhodna Slovenija,SI037
1214,Griblje,Griblja,Griblju,45.5711,15.1889,Jugovzhodna Slovenija,SI037
1215,Grič,Griča,Griču,45.74,14.7308,Jugovzhodna Slovenija,SI037
1216,Grič,Griča,Griču,46.5372,15.2733,Koroška,SI033
1217,Grič Pri Dobličah,Griča Priv Dobličaha,Griču Prih Dobličahu,45.5711,15.1889,Jugovzhodna Slovenija,SI037
1218,Grič Pri Klevevžu,Griča Priv Klevevžua,Griču Prih Klevevžuu,45.8622,15.2214,Jugovzhodna Slovenija,SI037
1219,Grič Pri Trebnjem,Griča Priv Trebnjema,Griču Prih Trebnjemu,45.9104,15.0086,Jugovzhodna Slovenija,SI037
1220,Griček Pri Željnah,Gričeka Priv Željnaha,Gričeku Prih Željnahu,45.643,14.8594,Jugovzhodna Slovenija,SI037
1221,Grinjan,Grinjana,Grinjanu,45.55,13.7333,Obalno-kraška,SI044
1222,Grintovec,Grintovca,Grintovcu,45.9374,14.8029,Osrednjeslovenska,SI041
1223,Grintovec,Grintovca,Grintovcu,45.55,13.7333,Obalno-kraška,SI044
1224,Grivac,Grivaca,Grivacu,45.5088,14.91,Jugovzhodna Slovenija,SI037
1225,Grivče,Grivča,Grivču,45.8861,13.9097,Goriška,SI043
1226,Griže,Griža,Grižu,45.9374,14.8029,Osrednjeslovenska,SI041
1227,Griže,Griža,Grižu,45.7034,13.8706,Obalno-kraška,SI044
1228,Griže,Griža,Grižu,46.251,15.1639,Savinjska,SI034
1229,Grlava,Grlave,Grlavi,46.5168,16.2027,Pomurska,SI031
1230,Grlinci,Grlinciv,Grlincih,46.4853,15.971,Podravska,SI032
1234,Grmada,Grmade,Grmadi,45.9104,15.0086,Jugovzhodna Slovenija,SI037
1235,Grmovlje,Grmovlja,Grmovlju,45.9069,15.2914,Jugovzhodna Slovenija,SI037
1236,Grobelno – Del,Grobelna –a Dla,Grobelnu –u Dlu,46.2176,15.396,Savinjska,SI034
1237,Grobišče,Grobišča,Grobišču,45.7759,14.2137,Primorsko-notranjska,SI038
1238,Groblje Pri Prekopi,Groblja Priv Prekopiv,Groblju Prih Prekopih,45.8389,15.3361,Jugovzhodna Slovenija,SI037
1239,Grosuplje,Grosupljega,Grosupljem,45.9551,14.6562,Osrednjeslovenska,SI041
1241,Grudnica,Grudnice,Grudnici,46.1857,13.7352,Goriška,SI043
1242,Grušce,Grušca,Grušcu,46.2176,15.396,Savinjska,SI034
1243,Gruškovec,Gruškovca,Gruškovcu,46.3436,15.9941,Podravska,SI032
1244,Grušova,Grušove,Grušovi,46.5575,15.6456,Podravska,SI032
1245,Gržeča Vas,Gržeče Vasa,Gržeči Vasu,45.95,15.4833,Posavska,SI036
1246,Gubno,Gubna,Gubnu,46.074,15.559,Savinjska,SI034
1247,Gumberk,Gumberka,Gumberku,45.8,15.1667,Jugovzhodna Slovenija,SI037
1248,Gumnišče,Gumnišča,Gumnišču,45.9836,14.5761,Osrednjeslovenska,SI041
1249,Gunte,Gunta,Guntu,45.95,15.4833,Posavska,SI036
1250,Hajndl,Hajndla,Hajndlu,46.4086,16.1475,Podravska,SI032
1251,Hardek,Hardeka,Hardeku,46.4086,16.1475,Podravska,SI032
1252,Harije,Harija,Hariju,45.5679,14.2527,Primorsko-notranjska,SI038
1253,Harje,Harja,Harju,46.1563,15.2386,Savinjska,SI034
1254,Herinja Vas,Herinje Vasa,Herinji Vasu,45.8,15.1667,Jugovzhodna Slovenija,SI037
1255,Hermanci,Hermanciv,Hermancih,46.4086,16.1475,Podravska,SI032
1256,Hinjce,Hinjca,Hinjcu,46.0092,15.3041,Posavska,SI036
1257,Hinje,Hinja,Hinju,46.0092,15.3041,Posavska,SI036
1258,Hinje,Hinja,Hinju,45.8339,14.9292,Jugovzhodna Slovenija,SI037
1259,Hlaponci,Hlaponciv,Hlaponcih,46.4853,15.971,Podravska,SI032
1261,Hlebče,Hlebča,Hlebču,45.8363,14.6377,Osrednjeslovenska,SI041
1262,Hleviše,Hleviša,Hlevišu,45.9167,14.2297,Osrednjeslovenska,SI041
1263,Hlevni Vrh,Hlevniv Vrha,Hlevnih Vrhu,45.9167,14.2297,Osrednjeslovenska,SI041
1264,Hmeljčič,Hmeljčiča,Hmeljčiču,45.858,15.0876,Jugovzhodna Slovenija,SI037
1265,Hodoš,Hodoša,Hodošu,46.8285,16.3239,Pomurska,SI031
1266,Hohovica,Hohovice,Hohovici,46.0667,14.8167,Zasavska,SI035
1267,Hojče,Hojča,Hojču,45.74,14.7308,Jugovzhodna Slovenija,SI037
1268,Hojče,Hojča,Hojču,46.5372,15.2733,Koroška,SI033
1269,Hom,Homa,Homu,45.9769,15.0897,Jugovzhodna Slovenija,SI037
1270,Homec,Homca,Homcu,46.1394,14.595,Osrednjeslovenska,SI041
1271,Homec,Homca,Homcu,46.2464,13.578,Goriška,SI043
1272,Homec,Homca,Homcu,46.2933,15.3052,Savinjska,SI034
1273,Horjul,Horjula,Horjulu,46.023,14.2981,Osrednjeslovenska,SI041
1274,Hosta,Hoste,Hosti,46.1672,14.303,Gorenjska,SI042
1275,Hošnica,Hošnice,Hošnici,46.3903,15.575,Podravska,SI032
1276,Hotedršica,Hotedršice,Hotedršici,45.9167,14.2297,Osrednjeslovenska,SI041
1277,Hotemaže,Hotemaža,Hotemažu,46.243,14.4181,Gorenjska,SI042
1278,Hotemež,Hotemeža,Hotemežu,46.0658,15.1728,Posavska,SI036
1279,Hotiza,Hotize,Hotizi,46.5631,16.4519,Pomurska,SI031
1280,Hotunje,Hotunja,Hotunju,46.2176,15.396,Savinjska,SI034
1281,Hramše,Hramša,Hramšu,46.251,15.1639,Savinjska,SI034
1282,Hrast Pri Vinici,Hrasta Priv Viniciv,Hrastu Prih Vinicih,45.5711,15.1889,Jugovzhodna Slovenija,SI037
1283,Hrastek,Hrasteka,Hrasteku,45.95,15.4833,Posavska,SI036
1284,Hrastje,Hrastja,Hrastju,46.2333,14.3667,Gorenjska,SI042
1285,Hrastje,Hrastja,Hrastju,46.5575,15.6456,Podravska,SI032
1286,Hrastje,Hrastja,Hrastju,45.8389,15.3361,Jugovzhodna Slovenija,SI037
1287,Hrastje,Hrastja,Hrastju,46.2176,15.396,Savinjska,SI034
1288,Hrastje Pri Cerkljah,Hrastja Priv Cerkljaha,Hrastju Prih Cerkljahu,45.9048,15.5922,Posavska,SI036
1289,Hrastje Pri Grosupljem,Hrastja Priv Grosupljema,Hrastju Prih Grosupljemu,45.9551,14.6562,Osrednjeslovenska,SI041
1290,Hrastje Pri Mirni Peči,Hrastja Priv Mirniv Pečiv,Hrastju Prih Mirnih Pečih,45.858,15.0876,Jugovzhodna Slovenija,SI037
1291,Hrastje-Mota,Hrastja-Mote,Hrastju-Moti,46.6428,16.0453,Pomurska,SI031
1292,Hrastnik,Hrastnika,Hrastniku,46.1479,15.1528,Savinjska,SI034
1293,Hrastnik,Hrastnika,Hrastniku,46.1356,14.7439,Osrednjeslovenska,SI041
1294,Hrastnik,Hrastnika,Hrastniku,46.2933,15.3052,Savinjska,SI034
1295,Hrastno,Hrastna,Hrastnu,45.9769,15.0897,Jugovzhodna Slovenija,SI037
1296,Hrastov Dol,Hrastova Dola,Hrastovu Dolu,45.9374,14.8029,Osrednjeslovenska,SI041
1297,Hrastovec,Hrastovca,Hrastovcu,46.3625,15.1144,Savinjska,SI034
1298,Hrastovec,Hrastovca,Hrastovcu,46.3917,16.0497,Podravska,SI032
1299,Hrastovec Pod Bočem,Hrastovca Poda Bočema,Hrastovcu Podu Bočemu,46.3135,15.5791,Podravska,SI032
1300,Hrastovlje,Hrastovlja,Hrastovlju,45.55,13.7333,Obalno-kraška,SI044
1301,Hrastulje,Hrastulja,Hrastulju,45.9069,15.2914,Jugovzhodna Slovenija,SI037
1302,Hrašče,Hrašča,Hrašču,45.7759,14.2137,Primorsko-notranjska,SI038
1303,Hrašče,Hrašča,Hrašču,45.8476,13.9624,Goriška,SI043
1304,Hraše,Hraša,Hrašu,46.1382,14.4147,Osrednjeslovenska,SI041
1305,Hraše,Hraša,Hrašu,46.3425,14.1721,Gorenjska,SI042
1306,Hraše Pri Preddvoru,Hraša Priv Preddvorua,Hrašu Prih Preddvoruu,46.3052,14.4203,Gorenjska,SI042
1307,Hrašenski Vrh,Hrašenskiv Vrha,Hrašenskih Vrhu,46.6428,16.0453,Pomurska,SI031
1308,Hreljin,Hreljina,Hreljinu,45.643,14.8594,Jugovzhodna Slovenija,SI037
1309,Hrenca,Hrence,Hrenci,46.5575,15.6456,Podravska,SI032
1310,Hrenova,Hrenove,Hrenovi,46.2933,15.3052,Savinjska,SI034
1311,Hrenovice,Hrenovica,Hrenovicu,45.7759,14.2137,Primorsko-notranjska,SI038
1315,Hrib Nad Ribčami,Hriba Nada Ribčamiv,Hribu Nadu Ribčamih,46.1356,14.7439,Osrednjeslovenska,SI041
1316,Hrib Pri Cerovcu,Hriba Priv Cerovcua,Hribu Prih Cerovcuu,45.6546,15.1783,Jugovzhodna Slovenija,SI037
1317,Hrib Pri Fari,Hriba Priv Fariv,Hribu Prih Farih,45.5088,14.91,Jugovzhodna Slovenija,SI037
1318,Hrib Pri Hinjah,Hriba Priv Hinjaha,Hribu Prih Hinjahu,45.8339,14.9292,Jugovzhodna Slovenija,SI037
1319,Hrib Pri Kamniku,Hriba Priv Kamnikua,Hribu Prih Kamnikuu,46.2257,14.612,Osrednjeslovenska,SI041
1320,Hrib Pri Koprivniku,Hriba Priv Koprivnikua,Hribu Prih Koprivnikuu,45.643,14.8594,Jugovzhodna Slovenija,SI037
1321,Hrib Pri Orehku,Hriba Priv Orehkua,Hribu Prih Orehkuu,45.8,15.1667,Jugovzhodna Slovenija,SI037
1322,Hrib Pri Rožnem Dolu,Hriba Priv Rožnema Dolua,Hribu Prih Rožnemu Doluu,45.6546,15.1783,Jugovzhodna Slovenija,SI037
1323,Hribi,Hribiv,Hribih,46.1686,14.6892,Osrednjeslovenska,SI041
1324,Hribi,Hribiv,Hribih,45.7034,13.8706,Obalno-kraška,SI044
1325,Hribljane,Hribljana,Hribljanu,45.7964,14.3581,Primorsko-notranjska,SI038
1326,Hrovača,Hrovače,Hrovači,45.74,14.7308,Jugovzhodna Slovenija,SI037
1327,Hrovača,Hrovače,Hrovači,46.5372,15.2733,Koroška,SI033
1328,Hrustovo,Hrustova,Hrustovu,45.8363,14.6377,Osrednjeslovenska,SI041
1329,Hruševec,Hruševca,Hruševcu,46.2176,15.396,Savinjska,SI034
1330,Hruševica,Hruševice,Hruševici,45.8159,13.7507,Obalno-kraška,SI044
1331,Hruševje,Hruševja,Hruševju,45.7759,14.2137,Primorsko-notranjska,SI038
1332,Hruševka,Hruševke,Hruševki,46.2257,14.612,Osrednjeslovenska,SI041
1333,Hrušica,Hrušice,Hrušici,45.5679,14.2527,Primorsko-notranjska,SI038
1334,Hrušica,Hrušice,Hrušici,46.4366,14.0602,Gorenjska,SI042
1335,Hrušica,Hrušice,Hrušici,45.8,15.1667,Jugovzhodna Slovenija,SI037
1336,Hruškarje,Hruškarja,Hruškarju,45.7964,14.3581,Primorsko-notranjska,SI038
1337,Hrušovje,Hrušovja,Hrušovju,46.2176,15.396,Savinjska,SI034
1338,Hrvaški Brod,Hrvaškiv Broda,Hrvaških Brodu,45.8389,15.3361,Jugovzhodna Slovenija,SI037
1339,Hrvatini,Hrvatiniv,Hrvatinih,45.55,13.7333,Obalno-kraška,SI044
1340,Huda Jama,Hude Jame,Hudi Jami,46.1563,15.2386,Savinjska,SI034
1341,Huda Polica,Hude Police,Hudi Polici,45.9551,14.6562,Osrednjeslovenska,SI041
1342,Hudajužna,Hudajužne,Hudajužni,46.1857,13.7352,Goriška,SI043
1343,Hude Ravne,Huda Ravna,Hudu Ravnu,46.0667,14.8167,Zasavska,SI035
1344,Hudeje,Hudeja,Hudeju,45.9104,15.0086,Jugovzhodna Slovenija,SI037
1345,Hudenje,Hudenja,Hudenju,45.9069,15.2914,Jugovzhodna Slovenija,SI037
1346,Hudi Graben,Hudiv Grabena,Hudih Grabenu,46.3581,14.293,Gorenjska,SI042
1347,Hudi Konec,Hudiv Konca,Hudih Koncu,45.74,14.7308,Jugovzhodna Slovenija,SI037
1348,Hudi Konec,Hudiv Konca,Hudih Koncu,46.5372,15.2733,Koroška,SI033
1349,Hudinja,Hudinje,Hudinji,46.3825,15.2956,Savinjska,SI034
1353,Hudo Brezje,Huda Brezja,Hudu Brezju,46.0092,15.3041,Posavska,SI036
1354,Hujbar,Hujbara,Hujbaru,46.4086,16.1475,Podravska,SI032
1356,Hum Pri Ormožu,Huma Priv Ormožua,Humu Prih Ormožuu,46.4086,16.1475,Podravska,SI032
1357,Hušica,Hušice,Hušici,46.3581,14.293,Gorenjska,SI042
1358,Idrija,Idrije,Idriji,46.0025,14.0275,Goriška,SI043
1359,Idrija Pri Bači,Idrije Priv Bačiv,Idriji Prih Bačih,46.1857,13.7352,Goriška,SI043
1360,Idrijska Bela,Idrijske Bele,Idrijski Beli,46.0025,14.0275,Goriška,SI043
1361,Idrijske Krnice,Idrijska Krnica,Idrijsku Krnicu,46.0025,14.0275,Goriška,SI043
1362,Idrijski Log,Idrijskiv Loga,Idrijskih Logu,46.0025,14.0275,Goriška,SI043
1363,Idrsko,Idrska,Idrsku,46.2464,13.578,Goriška,SI043
1364,Idršek,Idršeka,Idršeku,46.0025,14.0275,Goriška,SI043
1365,Ig,Iga,Igu,45.9692,14.5394,Osrednjeslovenska,SI041
1366,Iglenik,Iglenika,Igleniku,45.8,15.1667,Jugovzhodna Slovenija,SI037
1367,Iglenik Pri Veliki Loki,Iglenika Priv Velikiv Lokiv,Igleniku Prih Velikih Lokih,45.9104,15.0086,Jugovzhodna Slovenija,SI037
1368,Ihan,Ihana,Ihanu,46.1394,14.595,Osrednjeslovenska,SI041
1369,Ihova,Ihove,Ihovi,46.6065,15.8842,Podravska,SI032
1370,Ilirska Bistrica,Ilirske Bistrice,Ilirski Bistrici,45.5679,14.2527,Primorsko-notranjska,SI038
1371,Iljaševci,Iljaševciv,Iljaševcih,46.5631,16.1399,Pomurska,SI031
1372,Ilovca,Ilovce,Ilovci,46.2933,15.3052,Savinjska,SI034
1373,Ilovci,Ilovciv,Ilovcih,46.5168,16.2027,Pomurska,SI031
1374,Ilovka,Ilovke,Ilovki,46.2333,14.3667,Gorenjska,SI042
1375,Imenje,Imenja,Imenju,46.1356,14.7439,Osrednjeslovenska,SI041
1376,Imenje,Imenja,Imenju,45.8389,15.3361,Jugovzhodna Slovenija,SI037
1378,Imenska Gorca,Imenske Gorce,Imenski Gorci,46.1573,15.5974,Savinjska,SI034
1379,Imovica,Imovice,Imovici,46.1686,14.6892,Osrednjeslovenska,SI041
1380,Irje,Irja,Irju,46.2314,15.6381,Savinjska,SI034
1381,Iška,Iške,Iški,45.9692,14.5394,Osrednjeslovenska,SI041
1382,Iška Loka,Iške Loke,Iški Loki,45.9692,14.5394,Osrednjeslovenska,SI041
1383,Iška Vas,Iške Vasa,Iški Vasu,45.9692,14.5394,Osrednjeslovenska,SI041
1384,Ivančna Gorica,Ivančne Gorice,Ivančni Gorici,45.9374,14.8029,Osrednjeslovenska,SI041
1385,Ivandol,Ivandola,Ivandolu,45.95,15.4833,Posavska,SI036
1386,Ivanje Selo,Ivanja Sela,Ivanju Selu,45.7964,14.3581,Primorsko-notranjska,SI038
1387,Ivanji Grad,Ivanjiv Grada,Ivanjih Gradu,45.8159,13.7507,Obalno-kraška,SI044
1388,Ivanjkovci,Ivanjkovciv,Ivanjkovcih,46.4086,16.1475,Podravska,SI032
1389,Ivanjski Vrh,Ivanjskiv Vrha,Ivanjskih Vrhu,46.566,15.9429,Podravska,SI032
1390,Ivenca,Ivence,Ivenci,46.2933,15.3052,Savinjska,SI034
1391,Izgorje,Izgorja,Izgorju,46.0469,14.1097,Gorenjska,SI042
1392,Izola,Izole,Izoli,45.5344,13.6675,Obalno-kraška,SI044
1393,Izvir,Izvira,Izviru,45.9048,15.5922,Posavska,SI036
1394,Ižakovci,Ižakovciv,Ižakovcih,46.606,16.2328,Pomurska,SI031
1395,Jablan,Jablana,Jablanu,45.858,15.0876,Jugovzhodna Slovenija,SI037
1396,Jablanica,Jablanice,Jablanici,45.5679,14.2527,Primorsko-notranjska,SI038
1397,Jablanica,Jablanice,Jablanici,46.0092,15.3041,Posavska,SI036
1398,Jablovec,Jablovca,Jablovcu,46.3361,15.8786,Podravska,SI032
1399,Jagnjenica,Jagnjenice,Jagnjenici,46.0658,15.1728,Posavska,SI036
1400,Jagoče,Jagoča,Jagoču,46.1563,15.2386,Savinjska,SI034
1401,Jagodje,Jagodja,Jagodju,45.5344,13.6675,Obalno-kraška,SI044
1402,Jagršče,Jagršča,Jagršču,46.1278,13.9875,Goriška,SI043
1403,Jakičevo,Jakičeva,Jakičevu,45.8363,14.6377,Osrednjeslovenska,SI041
1404,Jakob Pri Šentjurju,Jakoba Priv Šentjurjua,Jakobu Prih Šentjurjuu,46.2176,15.396,Savinjska,SI034
1405,Jakovce,Jakovca,Jakovcu,45.7034,13.8706,Obalno-kraška,SI044
1406,Jakovica,Jakovice,Jakovici,45.9167,14.2297,Osrednjeslovenska,SI041
1407,Jakšiči,Jakšičiv,Jakšičih,45.5088,14.91,Jugovzhodna Slovenija,SI037
1410,Jama Pri Dvoru,Jame Priv Dvorua,Jami Prih Dvoruu,45.8339,14.9292,Jugovzhodna Slovenija,SI037
1411,Jamnica,Jamnice,Jamnici,46.5438,14.9119,Koroška,SI033
1412,Jamnik,Jamnika,Jamniku,46.2333,14.3667,Gorenjska,SI042
1413,Jamnik,Jamnika,Jamniku,45.9624,14.2937,Osrednjeslovenska,SI041
1414,Janče,Janča,Janču,46.0514,14.5061,Osrednjeslovenska,SI041
1415,Janeževo Brdo,Janeževa Brda,Janeževu Brdu,45.5679,14.2527,Primorsko-notranjska,SI038
1416,Janeži,Janeživ,Janežih,45.7616,14.6363,Jugovzhodna Slovenija,SI037
1417,Janežovci,Janežovciv,Janežovcih,46.4923,15.8801,Podravska,SI032
1418,Janežovski Vrh,Janežovskiv Vrha,Janežovskih Vrhu,46.4923,15.8801,Podravska,SI032
1419,Jankova,Jankove,Jankovi,46.2933,15.3052,Savinjska,SI034
1420,Jankoviči,Jankovičiv,Jankovičih,45.5711,15.1889,Jugovzhodna Slovenija,SI037
1421,Janški Vrh,Janškiv Vrha,Janških Vrhu,46.35,15.7333,Podravska,SI032
1422,Janškovo Selo,Janškova Sela,Janškovu Selu,46.3625,15.1144,Savinjska,SI034
1423,Janžev Vrh,Janževa Vrha,Janževu Vrhu,46.6428,16.0453,Pomurska,SI031
1424,Janževski Vrh,Janževskiv Vrha,Janževskih Vrhu,46.5864,15.3286,Koroška,SI033
1425,Jarčja Dolina,Jarčje Doline,Jarčji Dolini,46.0469,14.1097,Gorenjska,SI042
1426,Jarčji Vrh,Jarčjiv Vrha,Jarčjih Vrhu,45.9069,15.2914,Jugovzhodna Slovenija,SI037
1427,Jareninski Dol,Jareninskiv Dola,Jareninskih Dolu,46.6099,15.6714,Podravska,SI032
1428,Jareninski Vrh,Jareninskiv Vrha,Jareninskih Vrhu,46.6099,15.6714,Podravska,SI032
1429,Jarmovec,Jarmovca,Jarmovcu,46.2176,15.396,Savinjska,SI034
1430,Jasen,Jasena,Jasenu,46.1394,14.595,Osrednjeslovenska,SI041
1431,Jasen,Jasena,Jasenu,45.5679,14.2527,Primorsko-notranjska,SI038
1432,Jastrebci,Jastrebciv,Jastrebcih,46.4086,16.1475,Podravska,SI032
1433,Javnik,Javnika,Javniku,46.5864,15.3286,Koroška,SI033
1435,Javorje,Javorja,Javorju,46.2176,15.396,Savinjska,SI034
1436,Javorje,Javorja,Javorju,45.8363,14.6377,Osrednjeslovenska,SI041
1437,Javorje Pri Blagovici,Javorja Priv Blagoviciv,Javorju Prih Blagovicih,46.1686,14.6892,Osrednjeslovenska,SI041
1438,Javorje Pri Gabrovki,Javorja Priv Gabrovkiv,Javorju Prih Gabrovkih,46.0667,14.8167,Zasavska,SI035
1439,Javornik,Javornika,Javorniku,46.0025,14.0275,Goriška,SI043
1440,Javornik,Javornika,Javorniku,46.2333,14.3667,Gorenjska,SI042
1441,Javornik,Javornika,Javorniku,46.2219,15.3111,Savinjska,SI034
1442,Javorniški Rovt,Javorniškiv Rovta,Javorniških Rovtu,46.4366,14.0602,Gorenjska,SI042
1443,Javorovica,Javorovice,Javorovici,45.8389,15.3361,Jugovzhodna Slovenija,SI037
1444,Jazbin Vrh,Jazbina Vrha,Jazbinu Vrhu,46.2176,15.396,Savinjska,SI034
1445,Jazbine,Jazbina,Jazbinu,46.2176,15.396,Savinjska,SI034
1446,Jazne,Jazna,Jaznu,46.1278,13.9875,Goriška,SI043
1447,Jelarji,Jelarjiv,Jelarjih,45.55,13.7333,Obalno-kraška,SI044
1448,Jelce,Jelca,Jelcu,46.2176,15.396,Savinjska,SI034
1449,Jelenče,Jelenča,Jelenču,46.6099,15.6714,Podravska,SI032
1450,Jelendol,Jelendola,Jelendolu,45.74,14.7308,Jugovzhodna Slovenija,SI037
1451,Jelendol,Jelendola,Jelendolu,46.5372,15.2733,Koroška,SI033
1452,Jelendol,Jelendola,Jelendolu,45.9069,15.2914,Jugovzhodna Slovenija,SI037
1453,Jelendol,Jelendola,Jelendolu,46.3581,14.293,Gorenjska,SI042
1454,Jelenik,Jelenika,Jeleniku,45.95,15.4833,Posavska,SI036
1455,Jelenja Vas,Jelenje Vasa,Jelenji Vasu,45.643,14.8594,Jugovzhodna Slovenija,SI037
1456,Jelenov Žleb,Jelenova Žleba,Jelenovu Žlebu,45.74,14.7308,Jugovzhodna Slovenija,SI037
1457,Jelenov Žleb,Jelenova Žleba,Jelenovu Žlebu,46.5372,15.2733,Koroška,SI033
1458,Jelenska Reber,Jelenske Rebera,Jelenski Reberu,46.0667,14.8167,Zasavska,SI035
1459,Jelični Vrh,Jeličniv Vrha,Jeličnih Vrhu,46.0025,14.0275,Goriška,SI043
1460,Jelovec,Jelovca,Jelovcu,46.5575,15.6456,Podravska,SI032
1461,Jelovec,Jelovca,Jelovcu,46.0092,15.3041,Posavska,SI036
1462,Jelovec,Jelovca,Jelovcu,45.7616,14.6363,Jugovzhodna Slovenija,SI037
1463,Jelovec Pri Makolah,Jelovca Priv Makolaha,Jelovcu Prih Makolahu,46.3174,15.6669,Podravska,SI032
1464,Jelovice,Jelovica,Jelovicu,46.35,15.7333,Podravska,SI032
1465,Jelovo,Jelova,Jelovu,46.0658,15.1728,Posavska,SI036
1466,Jelša,Jelše,Jelši,46.1686,14.6892,Osrednjeslovenska,SI041
1467,Jelšane,Jelšana,Jelšanu,45.5679,14.2527,Primorsko-notranjska,SI038
1468,Jelše,Jelša,Jelšu,45.95,15.4833,Posavska,SI036
1469,Jelše,Jelša,Jelšu,45.858,15.0876,Jugovzhodna Slovenija,SI037
1470,Jelše Pri Otočcu,Jelša Priv Otočcua,Jelšu Prih Otočcuu,45.8,15.1667,Jugovzhodna Slovenija,SI037
1471,Jelševec,Jelševca,Jelševcu,45.95,15.4833,Posavska,SI036
1472,Jelševnik,Jelševnika,Jelševniku,45.5711,15.1889,Jugovzhodna Slovenija,SI037
1473,Jeperjek,Jeperjeka,Jeperjeku,46.0092,15.3041,Posavska,SI036
1474,Jeranovo,Jeranova,Jeranovu,46.2257,14.612,Osrednjeslovenska,SI041
1475,Jerčin,Jerčina,Jerčinu,46.1573,15.5974,Savinjska,SI034
1476,Jereslavec,Jereslavca,Jereslavcu,45.9048,15.5922,Posavska,SI036
1477,Jerinov Grič,Jerinova Griča,Jerinovu Griču,45.9624,14.2937,Osrednjeslovenska,SI041
1478,Jerman Vrh,Jermana Vrha,Jermanu Vrhu,45.9069,15.2914,Jugovzhodna Slovenija,SI037
1479,Jerneja Vas,Jerneje Vasa,Jerneji Vasu,45.5711,15.1889,Jugovzhodna Slovenija,SI037
1480,Jeronim,Jeronima,Jeronimu,46.172,14.8217,Osrednjeslovenska,SI041
1481,Jeršiče,Jeršiča,Jeršiču,45.7964,14.3581,Primorsko-notranjska,SI038
1484,Jesenica,Jesenice,Jesenici,46.1278,13.9875,Goriška,SI043
1485,Jesenice,Jesenic,Jesenicah,45.9048,15.5922,Posavska,SI036
1486,Jesenice,Jesenic,Jesenicah,46.4366,14.0602,Gorenjska,SI042
1487,Jesenje,Jesenja,Jesenju,46.0667,14.8167,Zasavska,SI035
1488,Jesenov Vrt,Jesenova Vrta,Jesenovu Vrtu,45.5088,14.91,Jugovzhodna Slovenija,SI037
1489,Ješovec,Ješovca,Ješovcu,46.3903,15.575,Podravska,SI032
1490,Ješovec Pri Kozjem,Ješovca Priv Kozjema,Ješovcu Prih Kozjemu,46.074,15.559,Savinjska,SI034
1491,Jevnica,Jevnice,Jevnici,46.0667,14.8167,Zasavska,SI035
1492,Jevšček,Jevščeka,Jevščeku,46.2464,13.578,Goriška,SI043
1493,Jezerca,Jezerce,Jezerci,46.2464,13.578,Goriška,SI043
1494,Jezerce Pri Dobjem,Jezerca Priv Dobjema,Jezercu Prih Dobjemu,46.1369,15.3945,Savinjska,SI034
1495,Jezerce Pri Šmartnem,Jezerca Priv Šmartnema,Jezercu Prih Šmartnemu,46.2358,15.2675,Savinjska,SI034
1498,Ježevec,Ježevca,Ježevcu,46.0667,14.8167,Zasavska,SI035
1499,Jiršovci,Jiršovciv,Jiršovcih,46.4923,15.8801,Podravska,SI032
1500,Jordankal,Jordankala,Jordankalu,45.858,15.0876,Jugovzhodna Slovenija,SI037
1501,Jugorje,Jugorja,Jugorju,45.8,15.1667,Jugovzhodna Slovenija,SI037
1502,Junčje,Junčja,Junčju,45.74,14.7308,Jugovzhodna Slovenija,SI037
1503,Junčje,Junčja,Junčju,46.5372,15.2733,Koroška,SI033
1504,Jurišna Vas,Jurišne Vasa,Jurišni Vasu,46.3903,15.575,Podravska,SI032
1505,Jurjevica,Jurjevice,Jurjevici,45.74,14.7308,Jugovzhodna Slovenija,SI037
1506,Jurjevica,Jurjevice,Jurjevici,46.5372,15.2733,Koroška,SI033
1507,Jurjevski Dol,Jurjevskiv Dola,Jurjevskih Dolu,46.6817,15.6481,Podravska,SI032
1508,Jurka Vas,Jurke Vasa,Jurki Vasu,45.7864,15.0745,Jugovzhodna Slovenija,SI037
1509,Jurklošter,Jurkloštera,Jurklošteru,46.1563,15.2386,Savinjska,SI034
1510,Jurna Vas,Jurne Vasa,Jurni Vasu,45.8,15.1667,Jugovzhodna Slovenija,SI037
1511,Jurovci,Jurovciv,Jurovcih,45.8484,14.6944,Osrednjeslovenska,SI041
1512,Juršče,Juršča,Juršču,45.6833,14.2,Primorsko-notranjska,SI038
1513,Juršinci,Juršincev,Juršincih,46.4853,15.971,Podravska,SI032
1514,Juvanje,Juvanja,Juvanju,46.3333,14.8333,Savinjska,SI034
1515,Kačiče-Pared,Kačiča-Pareda,Kačiču-Paredu,45.682,13.9702,Obalno-kraška,SI044
1516,Kačji Dol,Kačjiv Dola,Kačjih Dolu,46.2314,15.6381,Savinjska,SI034
1517,Kačji Potok,Kačjiv Potoka,Kačjih Potoku,45.643,14.8594,Jugovzhodna Slovenija,SI037
1518,Kadrenci,Kadrenciv,Kadrencih,46.566,15.9429,Podravska,SI032
1519,Kajžar,Kajžara,Kajžaru,46.4086,16.1475,Podravska,SI032
1520,Kal,Kala,Kalu,46.1479,15.1528,Savinjska,SI034
1521,Kal,Kala,Kalu,45.9374,14.8029,Osrednjeslovenska,SI041
1522,Kal,Kala,Kalu,45.6833,14.2,Primorsko-notranjska,SI038
1523,Kal,Kala,Kalu,45.6546,15.1783,Jugovzhodna Slovenija,SI037
1524,Kal,Kala,Kalu,46.1857,13.7352,Goriška,SI043
1525,Kal Nad Kanalom,Kala Nada Kanaloma,Kalu Nadu Kanalomu,46.088,13.6347,Goriška,SI043
1526,Kal Pri Dolah,Kala Priv Dolaha,Kalu Prih Dolahu,46.0667,14.8167,Zasavska,SI035
1527,Kal Pri Krmelju,Kala Priv Krmeljua,Kalu Prih Krmeljuu,46.0092,15.3041,Posavska,SI036
1528,Kalce,Kalca,Kalcu,45.95,15.4833,Posavska,SI036
1529,Kalce,Kalca,Kalcu,45.9167,14.2297,Osrednjeslovenska,SI041
1530,Kalce-Naklo,Kalca-Nakla,Kalcu-Naklu,45.95,15.4833,Posavska,SI036
1531,Kale,Kala,Kalu,46.251,15.1639,Savinjska,SI034
1532,Kališe,Kališa,Kališu,46.2257,14.612,Osrednjeslovenska,SI041
1533,Kališe,Kališa,Kališu,46.2182,14.1592,Gorenjska,SI042
1534,Kališovec,Kališovca,Kališovcu,45.95,15.4833,Posavska,SI036
1535,Kal-Koritnica,Kala-Koritnice,Kalu-Koritnici,46.3378,13.5522,Goriška,SI043
1536,Kalobje,Kalobja,Kalobju,46.2176,15.396,Savinjska,SI034
1537,Kalše,Kalša,Kalšu,46.3903,15.575,Podravska,SI032
1538,Kambreško,Kambreška,Kambrešku,46.088,13.6347,Goriška,SI043
1539,Kamenca Nad Ložicami,Kamence Nada Ložicamiv,Kamenci Nadu Ložicamih,46.088,13.6347,Goriška,SI043
1540,Kamence,Kamenca,Kamencu,45.9048,15.5922,Posavska,SI036
1541,Kamence,Kamenca,Kamencu,46.2314,15.6381,Savinjska,SI034
1542,Kamenče,Kamenča,Kamenču,46.2884,15.0386,Savinjska,SI034
1543,Kamenica,Kamenice,Kamenici,46.0092,15.3041,Posavska,SI036
1544,Kameno,Kamena,Kamenu,46.2176,15.396,Savinjska,SI034
1545,Kamenško,Kamenška,Kamenšku,46.0092,15.3041,Posavska,SI036
1546,Kamna Gora,Kamne Gore,Kamni Gori,46.3383,15.4233,Savinjska,SI034
1547,Kamna Gorca,Kamne Gorce,Kamni Gorci,46.2314,15.6381,Savinjska,SI034
1548,Kamna Gorica,Kamne Gorice,Kamni Gorici,46.3425,14.1721,Gorenjska,SI042
1549,Kamni Potok,Kamniv Potoka,Kamnih Potoku,45.9104,15.0086,Jugovzhodna Slovenija,SI037
1550,Kamni Vrh,Kamniv Vrha,Kamnih Vrhu,46.0667,14.8167,Zasavska,SI035
1551,Kamni Vrh Pri Ambrusu,Kamniv Vrha Priv Ambrusua,Kamnih Vrhu Prih Ambrusuu,45.9374,14.8029,Osrednjeslovenska,SI041
1552,Kamnica,Kamnice,Kamnici,46.5575,15.6456,Podravska,SI032
1553,Kamnik,Kamnika,Kamniku,46.2257,14.612,Osrednjeslovenska,SI041
1554,Kamnik Pod Krimom,Kamnika Poda Krimoma,Kamniku Podu Krimomu,46.0207,14.4178,Osrednjeslovenska,SI041
1555,Kamniška Bistrica,Kamniške Bistrice,Kamniški Bistrici,46.2257,14.612,Osrednjeslovenska,SI041
1556,Kamnje,Kamnja,Kamnju,45.8861,13.9097,Goriška,SI043
1557,Kamnje,Kamnja,Kamnju,45.9769,15.0897,Jugovzhodna Slovenija,SI037
1558,Kamno,Kamna,Kamnu,46.1857,13.7352,Goriška,SI043
1559,Kamno Brdo,Kamna Brda,Kamnu Brdu,45.9374,14.8029,Osrednjeslovenska,SI041
1560,Kamovci,Kamovciv,Kamovcih,46.5631,16.4519,Pomurska,SI031
1561,Kampel,Kampla,Kamplu,45.55,13.7333,Obalno-kraška,SI044
1563,Kanalski Lom,Kanalskiv Loma,Kanalskih Lomu,46.1857,13.7352,Goriška,SI043
1564,Kanalski Vrh,Kanalskiv Vrha,Kanalskih Vrhu,46.088,13.6347,Goriška,SI043
1565,Kandrše – Del,Kandrša –a Dla,Kandršu –u Dlu,46.0667,14.8167,Zasavska,SI035
1566,Kaniža,Kaniže,Kaniži,46.6817,15.6481,Podravska,SI032
1567,Kanižarica,Kanižarice,Kanižarici,45.5711,15.1889,Jugovzhodna Slovenija,SI037
1568,Kanji Dol,Kanjiv Dola,Kanjih Dolu,46.0025,14.0275,Goriška,SI043
1569,Kanjuce,Kanjuca,Kanjucu,46.2219,15.3111,Savinjska,SI034
1570,Kapca,Kapce,Kapci,46.5631,16.4519,Pomurska,SI031
1571,Kapele,Kapela,Kapelu,45.9048,15.5922,Posavska,SI036
1572,Kapelski Vrh,Kapelskiv Vrha,Kapelskih Vrhu,46.6428,16.0453,Pomurska,SI031
1573,Kapla,Kaple,Kapli,46.2225,15.0081,Savinjska,SI034
1574,Kaplanovo,Kaplanova,Kaplanovu,45.8363,14.6377,Osrednjeslovenska,SI041
1575,Kaplja Vas,Kaplje Vasa,Kaplji Vasu,46.2369,15.0919,Savinjska,SI034
1576,Kaplja Vas,Kaplje Vasa,Kaplji Vasu,46.0092,15.3041,Posavska,SI036
1577,Kaptol,Kaptola,Kaptolu,45.5088,14.91,Jugovzhodna Slovenija,SI037
1578,Karli,Karliv,Karlih,45.55,13.7333,Obalno-kraška,SI044
1579,Karlovica,Karlovice,Karlovici,45.8363,14.6377,Osrednjeslovenska,SI041
1580,Kasaze,Kasaza,Kasazu,46.251,15.1639,Savinjska,SI034
1581,Kastelec,Kastelca,Kastelcu,45.55,13.7333,Obalno-kraška,SI044
1582,Katarija,Katarije,Katariji,46.1356,14.7439,Osrednjeslovenska,SI041
1583,Kavče,Kavča,Kavču,46.3625,15.1144,Savinjska,SI034
1584,Kazlje,Kazlja,Kazlju,45.7034,13.8706,Obalno-kraška,SI044
1585,Kebelj,Kebelja,Kebelju,46.3903,15.575,Podravska,SI032
1586,Kerinov Grm,Kerinova Grma,Kerinovu Grmu,45.95,15.4833,Posavska,SI036
1587,Kicar,Kicara,Kicaru,46.4194,15.8694,Podravska,SI032
1588,Kidričevo,Kidričevega,Kidričevem,46.406,15.7983,Podravska,SI032
1589,Kilovče,Kilovča,Kilovču,45.5679,14.2527,Primorsko-notranjska,SI038
1590,Kitni Vrh,Kitniv Vrha,Kitnih Vrhu,45.9374,14.8029,Osrednjeslovenska,SI041
1592,Kladje,Kladja,Kladju,46.1563,15.2386,Savinjska,SI034
1593,Kladje Nad Blanco,Kladja Nada Blanca,Kladju Nadu Blancu,46.0092,15.3041,Posavska,SI036
1594,Kladje Pri Krmelju,Kladja Priv Krmeljua,Kladju Prih Krmeljuu,46.0092,15.3041,Posavska,SI036
1595,Kladnart,Kladnarta,Kladnartu,46.2933,15.3052,Savinjska,SI034
1596,Klake,Klaka,Klaku,46.074,15.559,Savinjska,SI034
1597,Klanc,Klanca,Klancu,46.3381,15.2293,Savinjska,SI034
1598,Klanec,Klanca,Klancu,46.2073,14.539,Osrednjeslovenska,SI041
1599,Klanec Pri Gabrovki,Klanca Priv Gabrovkiv,Klancu Prih Gabrovkih,46.0667,14.8167,Zasavska,SI035
1600,Klanec Pri Komnu,Klanca Priv Komnua,Klancu Prih Komnuu,45.8159,13.7507,Obalno-kraška,SI044
1601,Klavže,Klavža,Klavžu,46.1857,13.7352,Goriška,SI043
1602,Kleč,Kleča,Kleču,45.643,14.8594,Jugovzhodna Slovenija,SI037
1603,Klečet,Klečeta,Klečetu,45.8339,14.9292,Jugovzhodna Slovenija,SI037
1604,Klek,Kleka,Kleku,46.15,15.05,Zasavska,SI035
1605,Klemenčevo,Klemenčeva,Klemenčevu,46.2257,14.612,Osrednjeslovenska,SI041
1606,Klenik,Klenika,Kleniku,46.0667,14.8167,Zasavska,SI035
1607,Klenik,Klenika,Kleniku,45.6833,14.2,Primorsko-notranjska,SI038
1608,Klenovik,Klenovika,Klenoviku,45.9069,15.2914,Jugovzhodna Slovenija,SI037
1609,Klenovo,Klenova,Klenovu,46.1563,15.2386,Savinjska,SI034
1610,Klinja Vas,Klinje Vasa,Klinji Vasu,45.643,14.8594,Jugovzhodna Slovenija,SI037
1611,Ključarovci Pri Ljutomeru,Ključarovciv Priv Ljutomerua,Ključarovcih Prih Ljutomeruu,46.5631,16.1399,Pomurska,SI031
1612,Ključevica,Ključevice,Ključevici,46.15,15.05,Zasavska,SI035
1613,Klokočovnik,Klokočovnika,Klokočovniku,46.3383,15.4233,Savinjska,SI034
1614,Klopce,Klopca,Klopcu,46.3903,15.575,Podravska,SI032
1615,Klopce,Klopca,Klopcu,45.8339,14.9292,Jugovzhodna Slovenija,SI037
1616,Knape,Knapa,Knapu,46.1672,14.303,Gorenjska,SI042
1617,Knej,Kneja,Kneju,45.8363,14.6377,Osrednjeslovenska,SI041
1618,Kneške Ravne,Kneška Ravna,Knešku Ravnu,46.1857,13.7352,Goriška,SI043
1619,Knezdol,Knezdola,Knezdolu,46.15,15.05,Zasavska,SI035
1620,Kneža,Kneže,Kneži,46.1857,13.7352,Goriška,SI043
1621,Knežak,Knežaka,Knežaku,45.5679,14.2527,Primorsko-notranjska,SI038
1622,Knežina,Knežine,Knežini,45.5711,15.1889,Jugovzhodna Slovenija,SI037
1623,Knežja Lipa,Knežje Lipe,Knežji Lipi,45.643,14.8594,Jugovzhodna Slovenija,SI037
1624,Knežja Vas,Knežje Vasa,Knežji Vasu,45.9104,15.0086,Jugovzhodna Slovenija,SI037
1625,Kobarid,Kobarida,Kobaridu,46.2464,13.578,Goriška,SI043
1626,Kobdilj,Kobdilja,Kobdilju,45.8159,13.7507,Obalno-kraška,SI044
1627,Kobile,Kobila,Kobilu,45.95,15.4833,Posavska,SI036
1628,Kobilje,Kobilja,Kobilju,46.6837,16.3953,Pomurska,SI031
1629,Kobilščak,Kobilščaka,Kobilščaku,46.6428,16.0453,Pomurska,SI031
1630,Kobjeglava,Kobjeglave,Kobjeglavi,45.8159,13.7507,Obalno-kraška,SI044
1631,Koblarji,Koblarjiv,Koblarjih,45.643,14.8594,Jugovzhodna Slovenija,SI037
1632,Koble,Kobla,Koblu,46.3383,15.4233,Savinjska,SI034
1633,Koblek,Kobleka,Kobleku,46.2933,15.3052,Savinjska,SI034
1634,Koboli,Koboliv,Kobolih,45.8159,13.7507,Obalno-kraška,SI044
1635,Kocjan,Kocjana,Kocjanu,46.6428,16.0453,Pomurska,SI031
1636,Kočarji,Kočarjiv,Kočarjih,45.643,14.8594,Jugovzhodna Slovenija,SI037
1639,Kočevje,Kočevja,Kočevju,45.643,14.8594,Jugovzhodna Slovenija,SI037
1640,Kočevska Reka,Kočevske Reke,Kočevski Reki,45.643,14.8594,Jugovzhodna Slovenija,SI037
1641,Kočevske Poljane,Kočevska Poljana,Kočevsku Poljanu,45.7545,15.0583,Jugovzhodna Slovenija,SI037
1642,Kočice,Kočica,Kočicu,46.275,15.7939,Podravska,SI032
1643,Kočna,Kočne,Kočni,46.4366,14.0602,Gorenjska,SI042
1644,Kočno,Kočna,Kočnu,45.95,15.4833,Posavska,SI036
1645,Kočno Ob Ložnici,Kočna Oba Ložniciv,Kočnu Obu Ložnicih,46.3903,15.575,Podravska,SI032
1646,Kočno Pri Polskavi,Kočna Priv Polskaviv,Kočnu Prih Polskavih,46.3903,15.575,Podravska,SI032
1647,Kodreti,Kodretiv,Kodretih,45.8159,13.7507,Obalno-kraška,SI044
1648,Kog,Koga,Kogu,46.4086,16.1475,Podravska,SI032
1649,Koglo,Kogla,Koglu,45.8622,15.2214,Jugovzhodna Slovenija,SI037
1650,Kokarje,Kokarja,Kokarju,46.3202,14.9531,Savinjska,SI034
1651,Kokoriči,Kokoričiv,Kokoričih,46.5631,16.1399,Pomurska,SI031
1652,Kokošnje,Kokošnja,Kokošnju,46.1394,14.595,Osrednjeslovenska,SI041
1653,Kokra,Kokre,Kokri,46.3052,14.4203,Gorenjska,SI042
1654,Kokrica,Kokrice,Kokrici,46.2333,14.3667,Gorenjska,SI042
1655,Kolačno,Kolačna,Kolačnu,46.3383,15.4233,Savinjska,SI034
1656,Količevo,Količeva,Količevu,46.1394,14.595,Osrednjeslovenska,SI041
1657,Kolomban,Kolombana,Kolombanu,45.55,13.7333,Obalno-kraška,SI044
1658,Kolovec,Kolovca,Kolovcu,46.1394,14.595,Osrednjeslovenska,SI041
1659,Koludrje,Koludrja,Koludrju,46.0092,15.3041,Posavska,SI036
1660,Komarna Vas,Komarne Vasa,Komarni Vasu,45.6546,15.1783,Jugovzhodna Slovenija,SI037
1661,Komarnica,Komarnice,Komarnici,46.566,15.9429,Podravska,SI032
1662,Komen,Komna,Komnu,45.8159,13.7507,Obalno-kraška,SI044
1663,Komenda,Komende,Komendi,46.2073,14.539,Osrednjeslovenska,SI041
1664,Komendska Dobrava,Komendske Dobrave,Komendski Dobravi,46.2073,14.539,Osrednjeslovenska,SI041
1665,Komolec,Komolca,Komolcu,45.643,14.8594,Jugovzhodna Slovenija,SI037
1666,Kompole,Kompola,Kompolu,46.2219,15.3111,Savinjska,SI034
1667,Kompolje,Kompolja,Kompolju,46.1686,14.6892,Osrednjeslovenska,SI041
1668,Kompolje,Kompolja,Kompolju,46.0092,15.3041,Posavska,SI036
1670,Konca Vas,Konce Vasa,Konci Vasu,45.643,14.8594,Jugovzhodna Slovenija,SI037
1673,Konjiška Vas,Konjiške Vasa,Konjiški Vasu,46.3383,15.4233,Savinjska,SI034
1674,Konjski Vrh,Konjskiv Vrha,Konjskih Vrhu,46.3565,14.7436,Savinjska,SI034
1675,Konjsko,Konjska,Konjsku,46.0092,15.3041,Posavska,SI036
1676,Konjsko,Konjska,Konjsku,46.2933,15.3052,Savinjska,SI034
1677,Konjšica – Del,Konjšice –a Dla,Konjšici –u Dlu,46.0667,14.8167,Zasavska,SI035
1678,Koper,Kopra,Kopru,45.55,13.7333,Obalno-kraška,SI044
1681,Koprivnica,Koprivnice,Koprivnici,45.95,15.4833,Posavska,SI036
1682,Koprivnik,Koprivnika,Koprivniku,45.643,14.8594,Jugovzhodna Slovenija,SI037
1683,Koprivnik,Koprivnika,Koprivniku,46.0469,14.1097,Gorenjska,SI042
1684,Korenitka,Korenitke,Korenitki,45.9104,15.0086,Jugovzhodna Slovenija,SI037
1685,Korenjak,Korenjaka,Korenjaku,46.3917,16.0497,Podravska,SI032
1686,Koreno,Korena,Korenu,46.1686,14.6892,Osrednjeslovenska,SI041
1687,Koreno Nad Horjulom,Korena Nada Horjuloma,Korenu Nadu Horjulomu,46.023,14.2981,Osrednjeslovenska,SI041
1690,Koritnica,Koritnice,Koritnici,45.95,15.4833,Posavska,SI036
1691,Koritnica,Koritnice,Koritnici,46.1857,13.7352,Goriška,SI043
1692,Koritnice,Koritnica,Koritnicu,45.5679,14.2527,Primorsko-notranjska,SI038
1693,Koritno,Koritna,Koritnu,46.3688,14.114,Gorenjska,SI042
1694,Koritno,Koritna,Koritnu,45.9048,15.5922,Posavska,SI036
1695,Koritno,Koritna,Koritnu,46.35,15.7333,Podravska,SI032
1696,Koritno,Koritna,Koritnu,46.386,15.4458,Podravska,SI032
1697,Koromači-Boškini,Koromačiv-Boškiniv,Koromačih-Boškinih,45.55,13.7333,Obalno-kraška,SI044
1698,Korošče,Korošča,Korošču,45.7964,14.3581,Primorsko-notranjska,SI038
1699,Koroška Bela,Koroške Bele,Koroški Beli,46.4366,14.0602,Gorenjska,SI042
1700,Koroška Vas,Koroške Vasa,Koroški Vasu,45.8,15.1667,Jugovzhodna Slovenija,SI037
1701,Koroška Vas Na Pohorju,Koroške Vasa Ne Pohorjua,Koroški Vasu Ni Pohorjuu,46.375,15.3854,Savinjska,SI034
1702,Korpe,Korpa,Korpu,46.1686,14.6892,Osrednjeslovenska,SI041
1703,Korplje,Korplja,Korplju,46.3903,15.575,Podravska,SI032
1704,Korte,Korta,Kortu,45.5344,13.6675,Obalno-kraška,SI044
1705,Kortine,Kortina,Kortinu,45.55,13.7333,Obalno-kraška,SI044
1706,Koseč,Koseča,Koseču,46.2464,13.578,Goriška,SI043
1707,Koseze,Koseza,Kosezu,45.5679,14.2527,Primorsko-notranjska,SI038
1708,Koseze,Koseza,Kosezu,46.1897,14.4944,Osrednjeslovenska,SI041
1709,Kosovelje,Kosovelja,Kosovelju,45.7034,13.8706,Obalno-kraška,SI044
1710,Kostanj,Kostanja,Kostanju,46.2257,14.612,Osrednjeslovenska,SI041
1711,Kostanjek,Kostanjeka,Kostanjeku,45.95,15.4833,Posavska,SI036
1712,Kostanjevec,Kostanjevca,Kostanjevcu,46.3903,15.575,Podravska,SI032
1713,Kostanjevica,Kostanjevice,Kostanjevici,45.9769,15.0897,Jugovzhodna Slovenija,SI037
1714,Kostel,Kostela,Kostelu,45.5088,14.91,Jugovzhodna Slovenija,SI037
1715,Kostrivnica,Kostrivnice,Kostrivnici,46.2176,15.396,Savinjska,SI034
1716,Košarovci,Košarovciv,Košarovcih,46.805,16.2172,Pomurska,SI031
1717,Koščake,Koščaka,Koščaku,45.7964,14.3581,Primorsko-notranjska,SI038
1718,Košiše,Košiša,Košišu,46.2257,14.612,Osrednjeslovenska,SI041
1719,Košnica,Košnice,Košnici,46.2176,15.396,Savinjska,SI034
1720,Košnica Pri Celju,Košnice Priv Celjua,Košnici Prih Celjuu,46.2358,15.2675,Savinjska,SI034
1721,Koštabona,Koštabone,Koštaboni,45.55,13.7333,Obalno-kraška,SI044
1724,Kot Na Pohorju,Kota Ne Pohorjua,Kotu Ni Pohorjuu,46.3903,15.575,Podravska,SI032
1725,Kot Ob Kolpi,Kota Oba Kolpiv,Kotu Obu Kolpih,45.5711,15.1889,Jugovzhodna Slovenija,SI037
1726,Kot Pri Damlju,Kota Priv Damljua,Kotu Prih Damljuu,45.5711,15.1889,Jugovzhodna Slovenija,SI037
1727,Kot Pri Prevaljah,Kota Priv Prevaljaha,Kotu Prih Prevaljahu,46.5438,14.9119,Koroška,SI033
1728,Kot Pri Rakitnici,Kota Priv Rakitniciv,Kotu Prih Rakitnicih,45.74,14.7308,Jugovzhodna Slovenija,SI037
1729,Kot Pri Rakitnici,Kota Priv Rakitniciv,Kotu Prih Rakitnicih,46.5372,15.2733,Koroška,SI033
1730,Kot Pri Ribnici,Kota Priv Ribniciv,Kotu Prih Ribnicih,45.74,14.7308,Jugovzhodna Slovenija,SI037
1731,Kot Pri Ribnici,Kota Priv Ribniciv,Kotu Prih Ribnicih,46.5372,15.2733,Koroška,SI033
1732,Kot Pri Veliki Slevici,Kota Priv Velikiv Sleviciv,Kotu Prih Velikih Slevicih,45.8363,14.6377,Osrednjeslovenska,SI041
1733,Kotel,Kotla,Kotlu,45.7616,14.6363,Jugovzhodna Slovenija,SI037
1735,Kovača Vas,Kovače Vasa,Kovači Vasu,45.5711,15.1889,Jugovzhodna Slovenija,SI037
1736,Kovača Vas,Kovače Vasa,Kovači Vasu,46.3903,15.575,Podravska,SI032
1737,Kovačevci,Kovačevciv,Kovačevcih,46.7977,16.0984,Pomurska,SI031
1738,Kovačji Grad,Kovačjiv Grada,Kovačjih Gradu,45.5711,15.1889,Jugovzhodna Slovenija,SI037
1739,Kovaški Vrh,Kovaškiv Vrha,Kovaških Vrhu,46.386,15.4458,Podravska,SI032
1740,Kovk,Kovka,Kovku,45.8861,13.9097,Goriška,SI043
1741,Kovk,Kovka,Kovku,46.1479,15.1528,Savinjska,SI034
1742,Kovor,Kovora,Kovoru,46.3581,14.293,Gorenjska,SI042
1743,Kovski Vrh,Kovskiv Vrha,Kovskih Vrhu,46.1672,14.303,Gorenjska,SI042
1744,Kozaršče,Kozaršča,Kozaršču,46.1857,13.7352,Goriška,SI043
1745,Kozjak,Kozjaka,Kozjaku,46.4431,15.1931,Koroška,SI033
1746,Kozjak Pri Ceršaku,Kozjaka Priv Ceršakua,Kozjaku Prih Ceršakuu,46.6817,15.6481,Podravska,SI032
1747,Kozjane,Kozjana,Kozjanu,45.682,13.9702,Obalno-kraška,SI044
1749,Kozji Vrh,Kozjiv Vrha,Kozjih Vrhu,46.5864,15.3286,Koroška,SI033
1750,Kozji Vrh Nad Dravogradom,Kozjiv Vrha Nada Dravogradoma,Kozjih Vrhu Nadu Dravogradomu,46.5903,15.0236,Koroška,SI033
1751,Kozloviči,Kozlovičiv,Kozlovičih,45.55,13.7333,Obalno-kraška,SI044
1752,Kozmerice,Kozmerica,Kozmericu,46.1857,13.7352,Goriška,SI043
1753,Kozminci,Kozminciv,Kozmincih,46.3361,15.8786,Podravska,SI032
1754,Kožljek,Kožljeka,Kožljeku,45.7964,14.3581,Primorsko-notranjska,SI038
1755,Kožljevec,Kožljevca,Kožljevcu,45.9551,14.6562,Osrednjeslovenska,SI041
1756,Kožmani,Kožmaniv,Kožmanih,45.8861,13.9097,Goriška,SI043
1757,Kraberk,Kraberka,Kraberku,46.3383,15.4233,Savinjska,SI034
1758,Kračali,Kračaliv,Kračalih,45.7616,14.6363,Jugovzhodna Slovenija,SI037
1759,Krajna,Krajne,Krajni,46.6558,16.0933,Pomurska,SI031
1760,Krajna Brda,Krajne Brde,Krajni Brdi,46.0092,15.3041,Posavska,SI036
1761,Krajna Vas,Krajne Vasa,Krajni Vasu,45.7034,13.8706,Obalno-kraška,SI044
1762,Krajnčica,Krajnčice,Krajnčici,46.2176,15.396,Savinjska,SI034
1763,Krajno Brdo,Krajna Brda,Krajnu Brdu,46.1686,14.6892,Osrednjeslovenska,SI041
1765,Kramarovci,Kramarovciv,Kramarovcih,46.8053,16.0344,Pomurska,SI031
1766,Kranj,Kranja,Kranju,46.2333,14.3667,Gorenjska,SI042
1767,Kranjče,Kranjča,Kranjču,45.7964,14.3581,Primorsko-notranjska,SI038
1768,Kranjska Gora,Kranjske Gore,Kranjski Gori,46.4854,13.7871,Gorenjska,SI042
1769,Krapje,Krapja,Krapju,46.5168,16.2027,Pomurska,SI031
1770,Krasna,Krasne,Krasni,46.3135,15.5791,Podravska,SI032
1771,Krašce,Krašca,Krašcu,46.1356,14.7439,Osrednjeslovenska,SI041
1772,Kraška Vas,Kraške Vasa,Kraški Vasu,45.9048,15.5922,Posavska,SI036
1773,Krašnja,Krašnje,Krašnji,46.1686,14.6892,Osrednjeslovenska,SI041
1774,Krčevina,Krčevine,Krčevini,46.4086,16.1475,Podravska,SI032
1775,Krčevina Pri Vurbergu,Krčevine Priv Vurbergua,Krčevini Prih Vurberguu,46.4194,15.8694,Podravska,SI032
1776,Kred,Kreda,Kredu,46.2464,13.578,Goriška,SI043
1777,Kregarjevo,Kregarjeva,Kregarjevu,46.2257,14.612,Osrednjeslovenska,SI041
1778,Kregolišče,Kregolišča,Kregolišču,45.7034,13.8706,Obalno-kraška,SI044
1779,Kremberk,Kremberka,Kremberku,46.6497,15.8453,Podravska,SI032
1780,Kremen,Kremena,Kremenu,45.95,15.4833,Posavska,SI036
1781,Kremenca,Kremence,Kremenci,45.7964,14.3581,Primorsko-notranjska,SI038
1782,Kremenica,Kremenice,Kremenici,45.9692,14.5394,Osrednjeslovenska,SI041
1783,Kreplje,Kreplja,Kreplju,45.7034,13.8706,Obalno-kraška,SI044
1784,Kresnica,Kresnice,Kresnici,46.6817,15.6481,Podravska,SI032
1785,Kresnice,Kresnica,Kresnicu,46.0667,14.8167,Zasavska,SI035
1786,Kresniške Poljane,Kresniška Poljana,Kresnišku Poljanu,46.0667,14.8167,Zasavska,SI035
1787,Kresniški Vrh,Kresniškiv Vrha,Kresniških Vrhu,46.0667,14.8167,Zasavska,SI035
1788,Kriška Reber,Kriške Rebera,Kriški Reberu,45.9104,15.0086,Jugovzhodna Slovenija,SI037
1789,Kriška Vas,Kriške Vasa,Kriški Vasu,45.9374,14.8029,Osrednjeslovenska,SI041
1790,Krištanci,Krištanciv,Krištancih,46.5168,16.2027,Pomurska,SI031
1791,Krištandol,Krištandola,Krištandolu,46.1479,15.1528,Savinjska,SI034
1792,Krivčevo,Krivčeva,Krivčevu,46.2257,14.612,Osrednjeslovenska,SI041
1793,Krivi Vrh,Kriviv Vrha,Krivih Vrhu,46.6497,15.8453,Podravska,SI032
1794,Krivica,Krivice,Krivici,46.2176,15.396,Savinjska,SI034
1800,Križe,Križa,Križu,45.9048,15.5922,Posavska,SI036
1801,Križe,Križa,Križu,45.8,15.1667,Jugovzhodna Slovenija,SI037
1802,Križe,Križa,Križu,46.3581,14.293,Gorenjska,SI042
1803,Križeča Vas,Križeče Vasa,Križeči Vasu,46.3135,15.5791,Podravska,SI032
1804,Križevci,Križevcev,Križevcih,46.805,16.2172,Pomurska,SI031
1805,Križevci Pri Ljutomeru,Križevciv Priv Ljutomerua,Križevcih Prih Ljutomeruu,46.5631,16.1399,Pomurska,SI031
1806,Križevec,Križevca,Križevcu,46.375,15.3854,Savinjska,SI034
1807,Križišče,Križišča,Križišču,46.0092,15.3041,Posavska,SI036
1808,Križna Gora,Križne Gore,Križni Gori,45.8861,13.9097,Goriška,SI043
1809,Križna Gora,Križne Gore,Križni Gori,46.1672,14.303,Gorenjska,SI042
1810,Križni Vrh,Križniv Vrha,Križnih Vrhu,46.3903,15.575,Podravska,SI032
1812,Krkavče,Krkavča,Krkavču,45.55,13.7333,Obalno-kraška,SI044
1813,Krkovo Nad Faro,Krkova Nada Fara,Krkovu Nadu Faru,45.5088,14.91,Jugovzhodna Slovenija,SI037
1814,Krkovo Pri Karlovici,Krkova Priv Karloviciv,Krkovu Prih Karlovicih,45.8363,14.6377,Osrednjeslovenska,SI041
1815,Krmelj,Krmelja,Krmelju,46.0092,15.3041,Posavska,SI036
1816,Krn,Krna,Krnu,46.2464,13.578,Goriška,SI043
1817,Krnče,Krnča,Krnču,45.74,14.7308,Jugovzhodna Slovenija,SI037
1818,Krnče,Krnča,Krnču,46.5372,15.2733,Koroška,SI033
1819,Krnica,Krnice,Krnici,45.55,13.7333,Obalno-kraška,SI044
1820,Krnica,Krnice,Krnici,46.3565,14.7436,Savinjska,SI034
1821,Krnice,Krnica,Krnicu,46.1479,15.1528,Savinjska,SI034
1823,Kromberk,Kromberka,Kromberku,45.9558,13.6433,Goriška,SI043
1824,Kropa,Krope,Kropi,46.3425,14.1721,Gorenjska,SI042
1825,Krplivnik,Krplivnika,Krplivniku,46.8285,16.3239,Pomurska,SI031
1826,Krsinji Vrh,Krsinjiv Vrha,Krsinjih Vrhu,46.0092,15.3041,Posavska,SI036
1827,Krstenica,Krstenice,Krstenici,46.088,13.6347,Goriška,SI043
1828,Kršič,Kršiča,Kršiču,46.2257,14.612,Osrednjeslovenska,SI041
1829,Krška Vas,Krške Vasa,Krški Vasu,45.9048,15.5922,Posavska,SI036
1830,Krška Vas,Krške Vasa,Krški Vasu,45.9374,14.8029,Osrednjeslovenska,SI041
1831,Krško,Krškega,Krškem,45.95,15.4833,Posavska,SI036
1832,Krtina,Krtine,Krtini,46.1394,14.595,Osrednjeslovenska,SI041
1833,Krtina,Krtine,Krtini,45.9104,15.0086,Jugovzhodna Slovenija,SI037
1834,Krtinovica,Krtinovice,Krtinovici,45.7034,13.8706,Obalno-kraška,SI044
1835,Krupa,Krupe,Krupi,45.6546,15.1783,Jugovzhodna Slovenija,SI037
1836,Kruplivnik,Kruplivnika,Kruplivniku,46.7977,16.0984,Pomurska,SI031
1837,Krušče,Krušča,Krušču,45.7964,14.3581,Primorsko-notranjska,SI038
1838,Krušni Vrh,Krušniv Vrha,Krušnih Vrhu,45.9104,15.0086,Jugovzhodna Slovenija,SI037
1839,Krvava Peč,Krvave Peča,Krvavi Peču,45.8363,14.6377,Osrednjeslovenska,SI041
1840,Krvavčji Vrh,Krvavčjiv Vrha,Krvavčjih Vrhu,45.6546,15.1783,Jugovzhodna Slovenija,SI037
1841,Kržeti,Kržetiv,Kržetih,45.7616,14.6363,Jugovzhodna Slovenija,SI037
1842,Kržišče,Kržišča,Kržišču,45.7964,14.3581,Primorsko-notranjska,SI038
1843,Kržišče,Kržišča,Kržišču,45.95,15.4833,Posavska,SI036
1844,Kržišče Pri Čatežu,Kržišča Priv Čatežua,Kržišču Prih Čatežuu,46.0667,14.8167,Zasavska,SI035
1845,Kubed,Kubeda,Kubedu,45.55,13.7333,Obalno-kraška,SI044
1846,Kuhlarji,Kuhlarjiv,Kuhlarjih,45.643,14.8594,Jugovzhodna Slovenija,SI037
1847,Kuk,Kuka,Kuku,46.1857,13.7352,Goriška,SI043
1848,Kukava,Kukave,Kukavi,46.4853,15.971,Podravska,SI032
1849,Kukeč,Kukeča,Kukeču,46.805,16.2172,Pomurska,SI031
1850,Kukenberk,Kukenberka,Kukenberku,45.9104,15.0086,Jugovzhodna Slovenija,SI037
1851,Kukmaka,Kukmake,Kukmaki,45.8363,14.6377,Osrednjeslovenska,SI041
1852,Kumpolje,Kumpolja,Kumpolju,46.0667,14.8167,Zasavska,SI035
1853,Kungota Pri Ptuju,Kungote Priv Ptujua,Kungoti Prih Ptujuu,46.406,15.7983,Podravska,SI032
1854,Kupčinji Vrh,Kupčinjiv Vrha,Kupčinjih Vrhu,46.35,15.7333,Podravska,SI032
1855,Kupljenik,Kupljenika,Kupljeniku,46.3688,14.114,Gorenjska,SI042
1856,Kupšinci,Kupšinciv,Kupšincih,46.6667,16.1667,Pomurska,SI031
1857,Kuretno,Kuretna,Kuretnu,46.1563,15.2386,Savinjska,SI034
1858,Kuršinci,Kuršinciv,Kuršincih,46.5168,16.2027,Pomurska,SI031
1859,Kušernik,Kušernika,Kušerniku,46.6099,15.6714,Podravska,SI032
1860,Kuštanovci,Kuštanovciv,Kuštanovcih,46.7039,16.1572,Pomurska,SI031
1861,Kuteževo,Kuteževa,Kuteževu,45.5679,14.2527,Primorsko-notranjska,SI038
1862,Kuzarjev Kal,Kuzarjeva Kala,Kuzarjevu Kalu,45.8,15.1667,Jugovzhodna Slovenija,SI037
1863,Kuzma,Kuzme,Kuzmi,46.8333,16.0833,Pomurska,SI031
1864,Kuželič,Kuželiča,Kuželiču,45.5088,14.91,Jugovzhodna Slovenija,SI037
1865,Kuželj,Kuželja,Kuželju,45.5088,14.91,Jugovzhodna Slovenija,SI037
1866,Kuželjevec,Kuželjevca,Kuželjevcu,45.9374,14.8029,Osrednjeslovenska,SI041
1867,Kvasica,Kvasice,Kvasici,45.5711,15.1889,Jugovzhodna Slovenija,SI037
1868,Labinje,Labinja,Labinju,46.1278,13.9875,Goriška,SI043
1869,Labor,Labora,Laboru,45.55,13.7333,Obalno-kraška,SI044
1870,Lačaves,Lačavesa,Lačavesu,46.4086,16.1475,Podravska,SI032
1871,Lačja Vas,Lačje Vasa,Lačji Vasu,46.3202,14.9531,Savinjska,SI034
1872,Lačna Gora,Lačne Gore,Lačni Gori,46.386,15.4458,Podravska,SI032
1874,Ladra,Ladre,Ladri,46.2464,13.578,Goriška,SI043
1875,Lahomno,Lahomna,Lahomnu,46.1563,15.2386,Savinjska,SI034
1876,Lahomšek,Lahomšeka,Lahomšeku,46.1563,15.2386,Savinjska,SI034
1877,Lahonci,Lahonciv,Lahoncih,46.4086,16.1475,Podravska,SI032
1878,Lahov Graben,Lahova Grabena,Lahovu Grabenu,46.1563,15.2386,Savinjska,SI034
1879,Lahovna,Lahovne,Lahovni,46.2358,15.2675,Savinjska,SI034
1880,Lajše,Lajša,Lajšu,46.2182,14.1592,Gorenjska,SI042
1881,Lancova Vas,Lancove Vasa,Lancovi Vasu,45.8484,14.6944,Osrednjeslovenska,SI041
1882,Lancovo,Lancova,Lancovu,46.3425,14.1721,Gorenjska,SI042
1883,Landek,Landeka,Landeku,46.2933,15.3052,Savinjska,SI034
1884,Landol,Landola,Landolu,45.7759,14.2137,Primorsko-notranjska,SI038
1885,Lanišče,Lanišča,Lanišču,45.9836,14.5761,Osrednjeslovenska,SI041
1886,Laniše,Laniša,Lanišu,46.2257,14.612,Osrednjeslovenska,SI041
1887,Laporje,Laporja,Laporju,46.3903,15.575,Podravska,SI032
1888,Laporje,Laporja,Laporju,45.8363,14.6377,Osrednjeslovenska,SI041
1889,Laseno,Lasena,Lasenu,46.2257,14.612,Osrednjeslovenska,SI041
1890,Lasigovci,Lasigovciv,Lasigovcih,46.4299,15.9488,Podravska,SI032
1891,Lastnič,Lastniča,Lastniču,46.1573,15.5974,Savinjska,SI034
1892,Lašče,Lašča,Lašču,45.9197,14.3572,Osrednjeslovenska,SI041
1893,Lašče,Lašča,Lašču,45.8339,14.9292,Jugovzhodna Slovenija,SI037
1894,Laška Vas,Laške Vasa,Laški Vasu,46.1563,15.2386,Savinjska,SI034
1895,Laška Vas Pri Štorah,Laške Vasa Priv Štoraha,Laški Vasu Prih Štorahu,46.2219,15.3111,Savinjska,SI034
1896,Laško,Laškega,Laškem,46.1563,15.2386,Savinjska,SI034
1897,Latkova Vas,Latkove Vasa,Latkovi Vasu,46.2369,15.0919,Savinjska,SI034
1898,Lavrica,Lavrice,Lavrici,45.9836,14.5761,Osrednjeslovenska,SI041
1899,Lavrovec,Lavrovca,Lavrovcu,45.9167,14.2297,Osrednjeslovenska,SI041
1900,Lavtarski Vrh,Lavtarskiv Vrha,Lavtarskih Vrhu,46.2333,14.3667,Gorenjska,SI042
1901,Laze,Laza,Lazu,45.9048,15.5922,Posavska,SI036
1902,Laze,Laza,Lazu,45.9167,14.2297,Osrednjeslovenska,SI041
1903,Laze,Laza,Lazu,45.8,15.1667,Jugovzhodna Slovenija,SI037
1904,Laze,Laza,Lazu,46.3625,15.1144,Savinjska,SI034
1905,Laze,Laza,Lazu,45.8363,14.6377,Osrednjeslovenska,SI041
1906,Laze Nad Krko,Laza Nada Krka,Lazu Nadu Krku,45.9374,14.8029,Osrednjeslovenska,SI041
1907,Laze Pri Borovnici,Laza Priv Borovniciv,Lazu Prih Borovnicih,45.9197,14.3572,Osrednjeslovenska,SI041
1908,Laze Pri Boštanju,Laza Priv Boštanjua,Lazu Prih Boštanjuu,46.0092,15.3041,Posavska,SI036
1909,Laze Pri Domžalah,Laza Priv Domžalaha,Lazu Prih Domžalahu,46.1394,14.595,Osrednjeslovenska,SI041
1910,Laze Pri Dramljah,Laza Priv Dramljaha,Lazu Prih Dramljahu,46.2176,15.396,Savinjska,SI034
1911,Laze Pri Gobniku,Laza Priv Gobnikua,Lazu Prih Gobnikuu,46.0667,14.8167,Zasavska,SI035
1912,Laze Pri Gorenjem Jezeru,Laza Priv Gorenjema Jezerua,Lazu Prih Gorenjemu Jezeruu,45.7964,14.3581,Primorsko-notranjska,SI038
1913,Laze Pri Kostelu,Laza Priv Kostelua,Lazu Prih Kosteluu,45.5088,14.91,Jugovzhodna Slovenija,SI037
1914,Laze Pri Oneku,Laza Priv Onekua,Lazu Prih Onekuu,45.643,14.8594,Jugovzhodna Slovenija,SI037
1915,Laze Pri Predgradu,Laza Priv Predgradua,Lazu Prih Predgraduu,45.643,14.8594,Jugovzhodna Slovenija,SI037
1916,Laze Pri Vačah,Laza Priv Vačaha,Lazu Prih Vačahu,46.0667,14.8167,Zasavska,SI035
1917,Laze V Tuhinju,Laza Va Tuhinjua,Lazu Vu Tuhinjuu,46.2257,14.612,Osrednjeslovenska,SI041
1918,Lazec,Lazca,Lazcu,46.1278,13.9875,Goriška,SI043
1919,Lazina,Lazine,Lazini,45.8339,14.9292,Jugovzhodna Slovenija,SI037
1920,Laziše,Laziša,Lazišu,46.1563,15.2386,Savinjska,SI034
1921,Lazna,Lazne,Lazni,45.9558,13.6433,Goriška,SI043
1922,Laznica,Laznice,Laznici,46.1278,13.9875,Goriška,SI043
1923,Laznica,Laznice,Laznici,46.5575,15.6456,Podravska,SI032
1925,Lažiše,Lažiša,Lažišu,46.1369,15.3945,Savinjska,SI034
1926,Ledeča Vas,Ledeče Vasa,Ledeči Vasu,45.8389,15.3361,Jugovzhodna Slovenija,SI037
1929,Ledinek,Ledineka,Ledineku,46.6497,15.8453,Podravska,SI032
1930,Ledinica,Ledinice,Ledinici,46.0469,14.1097,Gorenjska,SI042
1931,Ledinske Krnice,Ledinska Krnica,Ledinsku Krnicu,46.0025,14.0275,Goriška,SI043
1932,Ledinsko Razpotje,Ledinska Razpotja,Ledinsku Razpotju,46.0025,14.0275,Goriška,SI043
1933,Legen,Legena,Legenu,46.5094,15.0792,Koroška,SI033
1934,Lehen Na Pohorju,Lehena Ne Pohorjua,Lehenu Ni Pohorjuu,46.5864,15.3286,Koroška,SI033
1935,Lemberg Pri Novi Cerkvi,Lemberga Priv Noviv Cerkviv,Lembergu Prih Novih Cerkvih,46.2933,15.3052,Savinjska,SI034
1936,Lemerje,Lemerja,Lemerju,46.7039,16.1572,Pomurska,SI031
1937,Lenart Pri Gornjem Gradu,Lenarta Priv Gornjema Gradua,Lenartu Prih Gornjemu Graduu,46.2961,14.8052,Savinjska,SI034
1938,Lendava,Lendave,Lendavi,46.5631,16.4519,Pomurska,SI031
1939,Lendavske Gorice,Lendavska Gorica,Lendavsku Goricu,46.5631,16.4519,Pomurska,SI031
1940,Lepa Njiva,Lepe Njive,Lepi Njivi,46.3381,14.9572,Savinjska,SI034
1941,Lepena,Lepene,Lepeni,46.3378,13.5522,Goriška,SI043
1942,Lesce,Lesca,Lescu,46.3425,14.1721,Gorenjska,SI042
1943,Lesično,Lesična,Lesičnu,46.074,15.559,Savinjska,SI034
1944,Leskovca,Leskovce,Leskovci,46.1563,15.2386,Savinjska,SI034
1945,Leskovec,Leskovca,Leskovcu,46.2358,15.2675,Savinjska,SI034
1946,Leskovec,Leskovca,Leskovcu,45.9374,14.8029,Osrednjeslovenska,SI041
1947,Leskovec,Leskovca,Leskovcu,45.8,15.1667,Jugovzhodna Slovenija,SI037
1948,Leskovec,Leskovca,Leskovcu,46.3903,15.575,Podravska,SI032
1949,Leskovec Pri Krškem,Leskovca Priv Krškema,Leskovcu Prih Krškemu,45.95,15.4833,Posavska,SI036
1950,Leskovec V Podborštu,Leskovca Va Podborštua,Leskovcu Vu Podborštuu,46.0092,15.3041,Posavska,SI036
1951,Lesno Brdo,Lesna Brda,Lesnu Brdu,46.023,14.2981,Osrednjeslovenska,SI041
1952,Lesno Brdo,Lesna Brda,Lesnu Brdu,45.9624,14.2937,Osrednjeslovenska,SI041
1953,Leščevje,Leščevja,Leščevju,45.9374,14.8029,Osrednjeslovenska,SI041
1954,Leše,Leša,Lešu,46.0667,14.8167,Zasavska,SI035
1955,Leše,Leša,Lešu,46.5438,14.9119,Koroška,SI033
1956,Leše,Leša,Lešu,46.3581,14.293,Gorenjska,SI042
1957,Lešje,Lešja,Lešju,46.35,15.7333,Podravska,SI032
1958,Lešje,Lešja,Lešju,46.2933,15.3052,Savinjska,SI034
1959,Lešnica,Lešnice,Lešnici,45.8,15.1667,Jugovzhodna Slovenija,SI037
1960,Lešnica,Lešnice,Lešnici,46.4086,16.1475,Podravska,SI032
1961,Lešniški Vrh,Lešniškiv Vrha,Lešniških Vrhu,46.4086,16.1475,Podravska,SI032
1962,Lešnjake,Lešnjaka,Lešnjaku,45.7964,14.3581,Primorsko-notranjska,SI038
1963,Letenice,Letenica,Letenicu,46.2333,14.3667,Gorenjska,SI042
1964,Letuš,Letuša,Letušu,46.2884,15.0386,Savinjska,SI034
1965,Levanjci,Levanjciv,Levanjcih,46.4923,15.8801,Podravska,SI032
1966,Levec,Levca,Levcu,46.251,15.1639,Savinjska,SI034
1967,Levič,Leviča,Leviču,46.3903,15.575,Podravska,SI032
1968,Levpa,Levpe,Levpi,46.088,13.6347,Goriška,SI043
1969,Levstiki,Levstikiv,Levstikih,45.74,14.7308,Jugovzhodna Slovenija,SI037
1970,Levstiki,Levstikiv,Levstikih,46.5372,15.2733,Koroška,SI033
1971,Libanja,Libanje,Libanji,46.4086,16.1475,Podravska,SI032
1972,Libeliče,Libeliča,Libeliču,46.5903,15.0236,Koroška,SI033
1973,Libeliška Gora,Libeliške Gore,Libeliški Gori,46.5903,15.0236,Koroška,SI033
1974,Libelj,Libelja,Libelju,45.95,15.4833,Posavska,SI036
1975,Libna,Libne,Libni,45.95,15.4833,Posavska,SI036
1976,Liboje,Liboja,Liboju,46.251,15.1639,Savinjska,SI034
1977,Libušnje,Libušnja,Libušnju,46.2464,13.578,Goriška,SI043
1978,Ličenca,Ličence,Ličenci,46.3383,15.4233,Savinjska,SI034
1980,Limbarska Gora,Limbarske Gore,Limbarski Gori,46.1356,14.7439,Osrednjeslovenska,SI041
1981,Limbuš,Limbuša,Limbušu,46.5575,15.6456,Podravska,SI032
1982,Limovce,Limovca,Limovcu,46.172,14.8217,Osrednjeslovenska,SI041
1983,Lindek,Lindeka,Lindeku,46.2933,15.3052,Savinjska,SI034
1984,Lipa,Lipe,Lipi,46.606,16.2328,Pomurska,SI031
1985,Lipa,Lipe,Lipi,46.1686,14.6892,Osrednjeslovenska,SI041
1986,Lipa,Lipe,Lipi,46.375,15.3854,Savinjska,SI034
1987,Lipa Pri Frankolovem,Lipe Priv Frankolovema,Lipi Prih Frankolovemu,46.2933,15.3052,Savinjska,SI034
1988,Lipce,Lipca,Lipcu,46.4366,14.0602,Gorenjska,SI042
1989,Lipe,Lipa,Lipu,46.0514,14.5061,Osrednjeslovenska,SI041
1990,Lipica,Lipice,Lipici,45.7034,13.8706,Obalno-kraška,SI044
1991,Lipica,Lipice,Lipici,46.1672,14.303,Gorenjska,SI042
1992,Lipje,Lipja,Lipju,46.3625,15.1144,Savinjska,SI034
1993,Liplje,Liplja,Liplju,46.2257,14.612,Osrednjeslovenska,SI041
1994,Liplje,Liplja,Liplju,45.7759,14.2137,Primorsko-notranjska,SI038
1995,Lipni Dol,Lipniv Dola,Lipnih Dolu,46.1563,15.2386,Savinjska,SI034
1996,Lipnica,Lipnice,Lipnici,46.3425,14.1721,Gorenjska,SI042
1997,Lipnik,Lipnika,Lipniku,45.9104,15.0086,Jugovzhodna Slovenija,SI037
1998,Lipoglav,Lipoglava,Lipoglavu,46.3383,15.4233,Savinjska,SI034
1999,Lipovci,Lipovciv,Lipovcih,46.606,16.2328,Pomurska,SI031
2000,Lipovec,Lipovca,Lipovcu,45.74,14.7308,Jugovzhodna Slovenija,SI037
2001,Lipovec,Lipovca,Lipovcu,46.5372,15.2733,Koroška,SI033
2002,Lipovec,Lipovca,Lipovcu,45.6546,15.1783,Jugovzhodna Slovenija,SI037
2003,Lipovec Pri Kostelu,Lipovca Priv Kostelua,Lipovcu Prih Kosteluu,45.5088,14.91,Jugovzhodna Slovenija,SI037
2004,Lipovec Pri Škofji Vasi,Lipovca Priv Škofjiv Vasiv,Lipovcu Prih Škofjih Vasih,46.2358,15.2675,Savinjska,SI034
2005,Lipovšica,Lipovšice,Lipovšici,45.7616,14.6363,Jugovzhodna Slovenija,SI037
2006,Lipsenj,Lipsenja,Lipsenju,45.7964,14.3581,Primorsko-notranjska,SI038
2007,Lisec,Lisca,Liscu,46.1857,13.7352,Goriška,SI043
2008,Lisec,Lisca,Liscu,45.9104,15.0086,Jugovzhodna Slovenija,SI037
2009,Lisjaki,Lisjakiv,Lisjakih,45.8159,13.7507,Obalno-kraška,SI044
2010,Litija,Litije,Litiji,46.0667,14.8167,Zasavska,SI035
2011,Litmerk,Litmerka,Litmerku,46.4086,16.1475,Podravska,SI032
2012,Livek,Liveka,Liveku,46.2464,13.578,Goriška,SI043
2013,Livold,Livolda,Livoldu,45.643,14.8594,Jugovzhodna Slovenija,SI037
2014,Livške Ravne,Livška Ravna,Livšku Ravnu,46.2464,13.578,Goriška,SI043
2015,Ljubečna,Ljubečne,Ljubečni,46.2358,15.2675,Savinjska,SI034
2016,Ljubež V Lazih,Ljubeža Va Laziha,Ljubežu Vu Lazihu,46.0667,14.8167,Zasavska,SI035
2017,Ljubgojna,Ljubgojne,Ljubgojni,46.023,14.2981,Osrednjeslovenska,SI041
2018,Ljubično,Ljubična,Ljubičnu,46.3135,15.5791,Podravska,SI032
2019,Ljubija,Ljubije,Ljubiji,46.3381,14.9572,Savinjska,SI034
2020,Ljubinj,Ljubinja,Ljubinju,46.1857,13.7352,Goriška,SI043
2021,Ljubljana,Ljubljane,Ljubljani,46.0514,14.5061,Osrednjeslovenska,SI041
2022,Ljubnica,Ljubnice,Ljubnici,46.3825,15.2956,Savinjska,SI034
2023,Ljubno,Ljubnega,Ljubnem,46.3425,14.1721,Gorenjska,SI042
2024,Ljubno Ob Savinji,Ljubna Oba Savinjiv,Ljubnu Obu Savinjih,46.3333,14.8333,Savinjska,SI034
2025,Ljubstava,Ljubstave,Ljubstavi,45.8484,14.6944,Osrednjeslovenska,SI041
2026,Ljutomer,Ljutomera,Ljutomeru,46.5168,16.2027,Pomurska,SI031
2027,Lobček,Lobčeka,Lobčeku,45.9551,14.6562,Osrednjeslovenska,SI041
2028,Lobnica,Lobnice,Lobnici,46.5386,15.5154,Podravska,SI032
2029,Loče,Loča,Loču,45.9048,15.5922,Posavska,SI036
2030,Loče,Loča,Loču,46.2358,15.2675,Savinjska,SI034
2031,Loče,Loča,Loču,46.3383,15.4233,Savinjska,SI034
2032,Ločica Ob Savinji,Ločice Oba Savinjiv,Ločici Obu Savinjih,46.2809,15.074,Savinjska,SI034
2033,Ločica Pri Vranskem,Ločice Priv Vranskema,Ločici Prih Vranskemu,46.172,14.8217,Osrednjeslovenska,SI041
2034,Ločič,Ločiča,Ločiču,46.5231,15.8978,Podravska,SI032
2035,Ločki Vrh,Ločkiv Vrha,Ločkih Vrhu,46.6065,15.8842,Podravska,SI032
2036,Ločki Vrh,Ločkiv Vrha,Ločkih Vrhu,46.4923,15.8801,Podravska,SI032
2037,Log,Loga,Logu,46.4854,13.7871,Gorenjska,SI042
2038,Log,Loga,Logu,46.1686,14.6892,Osrednjeslovenska,SI041
2039,Log,Loga,Logu,46.5386,15.5154,Podravska,SI032
2040,Log,Loga,Logu,46.0092,15.3041,Posavska,SI036
2041,Log Čezsoški,Loga Čezsoškiv,Logu Čezsoških,46.3378,13.5522,Goriška,SI043
2042,Log Nad Škofjo Loko,Loga Nada Škofja Loka,Logu Nadu Škofju Loku,46.1672,14.303,Gorenjska,SI042
2043,Log Pod Mangartom,Loga Poda Mangartoma,Logu Podu Mangartomu,46.3378,13.5522,Goriška,SI043
2044,Log Pri Vrhovem,Loga Priv Vrhovema,Logu Prih Vrhovemu,46.0658,15.1728,Posavska,SI036
2045,Log Pri Žužemberku,Loga Priv Žužemberkua,Logu Prih Žužemberkuu,45.9104,15.0086,Jugovzhodna Slovenija,SI037
2046,Logarji,Logarjiv,Logarjih,45.8363,14.6377,Osrednjeslovenska,SI041
2047,Logarovci,Logarovciv,Logarovcih,46.5631,16.1399,Pomurska,SI031
2048,Logarska Dolina,Logarske Doline,Logarski Dolini,46.4201,14.6918,Savinjska,SI034
2049,Logaršče,Logaršča,Logaršču,46.1857,13.7352,Goriška,SI043
2050,Logatec,Logatca,Logatcu,45.9167,14.2297,Osrednjeslovenska,SI041
2051,Logje,Logja,Logju,46.2464,13.578,Goriška,SI043
2052,Lohača,Lohače,Lohači,45.7759,14.2137,Primorsko-notranjska,SI038
2053,Loje,Loja,Loju,46.1857,13.7352,Goriška,SI043
2054,Loka,Loke,Loki,45.55,13.7333,Obalno-kraška,SI044
2055,Loka,Loke,Loki,46.4664,15.7675,Podravska,SI032
2056,Loka,Loke,Loki,45.8389,15.3361,Jugovzhodna Slovenija,SI037
2057,Loka,Loke,Loki,46.3581,14.293,Gorenjska,SI042
2058,Loka Pri Dobrni,Loke Priv Dobrniv,Loki Prih Dobrnih,46.3381,15.2293,Savinjska,SI034
2059,Loka Pri Mengšu,Loke Priv Mengšua,Loki Prih Mengšuu,46.1626,14.568,Osrednjeslovenska,SI041
2060,Loka Pri Zidanem Mostu,Loke Priv Zidanema Mostua,Loki Prih Zidanemu Mostuu,46.0092,15.3041,Posavska,SI036
2061,Loka Pri Žusmu,Loke Priv Žusmua,Loki Prih Žusmuu,46.2176,15.396,Savinjska,SI034
2062,Lokanja Vas,Lokanje Vasa,Lokanji Vasu,46.3903,15.575,Podravska,SI032
2063,Lokarje,Lokarja,Lokarju,46.2176,15.396,Savinjska,SI034
2064,Lokavec,Lokavca,Lokavcu,45.8861,13.9097,Goriška,SI043
2065,Lokavec,Lokavca,Lokavcu,46.1563,15.2386,Savinjska,SI034
2066,Lokavec,Lokavca,Lokavcu,46.6497,15.8453,Podravska,SI032
2067,Loke,Loka,Loku,45.95,15.4833,Posavska,SI036
2068,Loke,Loka,Loku,45.9558,13.6433,Goriška,SI043
2069,Loke,Loka,Loku,45.7864,15.0745,Jugovzhodna Slovenija,SI037
2070,Loke,Loka,Loku,46.2225,15.0081,Savinjska,SI034
2071,Loke Pri Mozirju,Loka Priv Mozirjua,Loku Prih Mozirjuu,46.3381,14.9572,Savinjska,SI034
2072,Loke Pri Planini,Loka Priv Planiniv,Loku Prih Planinih,46.2176,15.396,Savinjska,SI034
2073,Loke V Tuhinju,Loka Va Tuhinjua,Loku Vu Tuhinjuu,46.2257,14.612,Osrednjeslovenska,SI041
2074,Lokev,Lokeva,Lokevu,45.7034,13.8706,Obalno-kraška,SI044
2075,Lokovec,Lokovca,Lokovcu,45.9558,13.6433,Goriška,SI043
2076,Lokovica,Lokovice,Lokovici,46.5438,14.9119,Koroška,SI033
2077,Lokovica,Lokovice,Lokovici,46.3798,15.0482,Savinjska,SI034
2078,Lokovina,Lokovine,Lokovini,46.3381,15.2293,Savinjska,SI034
2079,Lokrovec,Lokrovca,Lokrovcu,46.2358,15.2675,Savinjska,SI034
2080,Lokve,Lokva,Lokvu,45.5711,15.1889,Jugovzhodna Slovenija,SI037
2081,Lokve,Lokva,Lokvu,45.95,15.4833,Posavska,SI036
2082,Lokve,Lokva,Lokvu,45.9558,13.6433,Goriška,SI043
2083,Lokve Pri Dobrniču,Lokva Priv Dobrničua,Lokvu Prih Dobrničuu,45.9104,15.0086,Jugovzhodna Slovenija,SI037
2085,Lom Pod Storžičem,Loma Poda Storžičema,Lomu Podu Storžičemu,46.3581,14.293,Gorenjska,SI042
2086,Lome,Loma,Lomu,46.0025,14.0275,Goriška,SI043
2087,Lomno,Lomna,Lomnu,45.95,15.4833,Posavska,SI036
2088,Lončarjev Dol,Lončarjeva Dola,Lončarjevu Dolu,46.0092,15.3041,Posavska,SI036
2089,Lopaca,Lopace,Lopaci,46.2176,15.396,Savinjska,SI034
2093,Lopatnik,Lopatnika,Lopatniku,46.3625,15.1144,Savinjska,SI034
2094,Lopatnik Pri Velenju,Lopatnika Priv Velenjua,Lopatniku Prih Velenjuu,46.3625,15.1144,Savinjska,SI034
2095,Loperšice,Loperšica,Loperšicu,46.4086,16.1475,Podravska,SI032
2096,Loška Gora,Loške Gore,Loški Gori,46.0658,15.1728,Posavska,SI036
2097,Loška Gora Pri Zrečah,Loške Gore Priv Zrečaha,Loški Gori Prih Zrečahu,46.375,15.3854,Savinjska,SI034
2098,Loška Vas,Loške Vasa,Loški Vasu,45.7545,15.0583,Jugovzhodna Slovenija,SI037
2099,Lovnik,Lovnika,Lovniku,46.3135,15.5791,Podravska,SI032
2100,Lovrenc Na Dravskem Polju,Lovrenca Ne Dravskema Poljua,Lovrencu Ni Dravskemu Poljuu,46.406,15.7983,Podravska,SI032
2101,Lozice,Lozica,Lozicu,45.8476,13.9624,Goriška,SI043
2102,Ložane,Ložana,Ložanu,46.6099,15.6714,Podravska,SI032
2103,Lože,Loža,Ložu,46.1563,15.2386,Savinjska,SI034
2104,Lože,Loža,Ložu,45.8476,13.9624,Goriška,SI043
2105,Ložice,Ložica,Ložicu,46.088,13.6347,Goriška,SI043
2106,Ložina,Ložine,Ložini,46.3361,15.8786,Podravska,SI032
2107,Ložnica,Ložnice,Ložnici,46.3174,15.6669,Podravska,SI032
2108,Ložnica,Ložnice,Ložnici,46.3625,15.1144,Savinjska,SI034
2109,Ložnica Pri Žalcu,Ložnice Priv Žalcua,Ložnici Prih Žalcuu,46.251,15.1639,Savinjska,SI034
2110,Lucova,Lucove,Lucovi,46.805,16.2172,Pomurska,SI031
2111,Lučarjev Kal,Lučarjeva Kala,Lučarjevu Kalu,45.9374,14.8029,Osrednjeslovenska,SI041
2112,Luče,Luč,Lučah,45.9551,14.6562,Osrednjeslovenska,SI041
2113,Luče,Luč,Lučah,46.3565,14.7436,Savinjska,SI034
2114,Lukanja,Lukanje,Lukanji,46.3903,15.575,Podravska,SI032
2115,Lukavci,Lukavciv,Lukavcih,46.5631,16.1399,Pomurska,SI031
2116,Lukini,Lukiniv,Lukinih,45.55,13.7333,Obalno-kraška,SI044
2117,Lukovec,Lukovca,Lukovcu,45.8159,13.7507,Obalno-kraška,SI044
2118,Lukovec,Lukovca,Lukovcu,46.0667,14.8167,Zasavska,SI035
2119,Lukovec,Lukovca,Lukovcu,46.0092,15.3041,Posavska,SI036
2120,Lukovek,Lukoveka,Lukoveku,45.9104,15.0086,Jugovzhodna Slovenija,SI037
2121,Lukovica Pri Domžalah,Lukovice Priv Domžalaha,Lukovici Prih Domžalahu,46.1686,14.6892,Osrednjeslovenska,SI041
2122,Lunovec,Lunovca,Lunovcu,46.4086,16.1475,Podravska,SI032
2123,Lušečka Vas,Lušečke Vasa,Lušečki Vasu,46.3135,15.5791,Podravska,SI032
2124,Lutrje,Lutrja,Lutrju,46.2176,15.396,Savinjska,SI034
2125,Lutrško Selo,Lutrška Sela,Lutršku Selu,45.8,15.1667,Jugovzhodna Slovenija,SI037
2127,Lužarji,Lužarjiv,Lužarjih,45.8363,14.6377,Osrednjeslovenska,SI041
2129,Mače,Mača,Maču,46.3052,14.4203,Gorenjska,SI042
2130,Mačji Dol,Mačjiv Dola,Mačjih Dolu,45.9104,15.0086,Jugovzhodna Slovenija,SI037
2132,Mačkovci,Mačkovciv,Mačkovcih,46.7039,16.1572,Pomurska,SI031
2133,Mačkovec,Mačkovca,Mačkovcu,45.643,14.8594,Jugovzhodna Slovenija,SI037
2134,Mačkovec,Mačkovca,Mačkovcu,46.1563,15.2386,Savinjska,SI034
2135,Mačkovec,Mačkovca,Mačkovcu,45.9104,15.0086,Jugovzhodna Slovenija,SI037
2136,Mačkovec Pri Dvoru,Mačkovca Priv Dvorua,Mačkovcu Prih Dvoruu,45.8339,14.9292,Jugovzhodna Slovenija,SI037
2137,Mačkovec Pri Škocjanu,Mačkovca Priv Škocjanua,Mačkovcu Prih Škocjanuu,45.9069,15.2914,Jugovzhodna Slovenija,SI037
2138,Magolnik,Magolnika,Magolniku,46.0667,14.8167,Zasavska,SI035
2139,Magozd,Magozda,Magozdu,46.2464,13.578,Goriška,SI043
2140,Mahneti,Mahnetiv,Mahnetih,45.7964,14.3581,Primorsko-notranjska,SI038
2141,Mahniči,Mahničiv,Mahničih,45.7034,13.8706,Obalno-kraška,SI044
2142,Mahovnik,Mahovnika,Mahovniku,45.643,14.8594,Jugovzhodna Slovenija,SI037
2143,Majcni,Majcniv,Majcnih,45.7034,13.8706,Obalno-kraška,SI044
2144,Majski Vrh,Majskiv Vrha,Majskih Vrhu,45.8484,14.6944,Osrednjeslovenska,SI041
2145,Majšperk,Majšperka,Majšperku,46.35,15.7333,Podravska,SI032
2146,Makole,Makol,Makolah,46.3174,15.6669,Podravska,SI032
2147,Makoše,Makoša,Makošu,45.74,14.7308,Jugovzhodna Slovenija,SI037
2148,Makoše,Makoša,Makošu,46.5372,15.2733,Koroška,SI033
2149,Mala Brda,Male Brde,Mali Brdi,45.7759,14.2137,Primorsko-notranjska,SI038
2150,Mala Breza,Male Breze,Mali Brezi,46.1563,15.2386,Savinjska,SI034
2151,Mala Bukovica,Male Bukovice,Mali Bukovici,45.5679,14.2527,Primorsko-notranjska,SI038
2152,Mala Cikava,Male Cikave,Mali Cikavi,45.8,15.1667,Jugovzhodna Slovenija,SI037
2153,Mala Dobrava,Male Dobrave,Mali Dobravi,45.9374,14.8029,Osrednjeslovenska,SI041
2154,Mala Dolina,Male Doline,Mali Dolini,45.9048,15.5922,Posavska,SI036
2155,Mala Goba,Male Gobe,Mali Gobi,46.0667,14.8167,Zasavska,SI035
2156,Mala Gora,Male Gore,Mali Gori,45.643,14.8594,Jugovzhodna Slovenija,SI037
2157,Mala Gora,Male Gore,Mali Gori,46.375,15.3854,Savinjska,SI034
2158,Mala Goričica,Male Goričice,Mali Goričici,45.9374,14.8029,Osrednjeslovenska,SI041
2159,Mala Hubajnica,Male Hubajnice,Mali Hubajnici,46.0092,15.3041,Posavska,SI036
2160,Mala Ilova Gora,Male Ilove Gore,Mali Ilovi Gori,45.9551,14.6562,Osrednjeslovenska,SI041
2161,Mala Lahinja,Male Lahinje,Mali Lahinji,45.5711,15.1889,Jugovzhodna Slovenija,SI037
2162,Mala Lašna,Male Lašne,Mali Lašni,46.1686,14.6892,Osrednjeslovenska,SI041
2163,Mala Ligojna,Male Ligojne,Mali Ligojni,45.9624,14.2937,Osrednjeslovenska,SI041
2164,Mala Loka,Male Loke,Mali Loki,46.1394,14.595,Osrednjeslovenska,SI041
2165,Mala Loka,Male Loke,Mali Loki,45.9104,15.0086,Jugovzhodna Slovenija,SI037
2166,Mala Loka Pri Višnji Gori,Male Loke Priv Višnjiv Goriv,Mali Loki Prih Višnjih Gorih,45.9551,14.6562,Osrednjeslovenska,SI041
2167,Mala Mislinja,Male Mislinje,Mali Mislinji,46.4431,15.1931,Koroška,SI033
2168,Mala Nedelja,Male Nedelje,Mali Nedelji,46.5168,16.2027,Pomurska,SI031
2169,Mala Pirešica,Male Pirešice,Mali Pirešici,46.251,15.1639,Savinjska,SI034
2170,Mala Polana,Male Polane,Mali Polani,46.5719,16.3472,Pomurska,SI031
2171,Mala Pristava,Male Pristave,Mali Pristavi,45.6833,14.2,Primorsko-notranjska,SI038
2172,Mala Račna,Male Račne,Mali Račni,45.9551,14.6562,Osrednjeslovenska,SI041
2173,Mala Sela,Male Sele,Mali Seli,45.5711,15.1889,Jugovzhodna Slovenija,SI037
2174,Mala Sela,Male Sele,Mali Seli,46.0667,14.8167,Zasavska,SI035
2175,Mala Slevica,Male Slevice,Mali Slevici,45.8363,14.6377,Osrednjeslovenska,SI041
2176,Mala Stara Vas,Male Stare Vasa,Mali Stari Vasu,45.9551,14.6562,Osrednjeslovenska,SI041
2177,Mala Strmica,Male Strmice,Mali Strmici,45.8622,15.2214,Jugovzhodna Slovenija,SI037
2178,Mala Ševnica,Male Ševnice,Mali Ševnici,45.9104,15.0086,Jugovzhodna Slovenija,SI037
2179,Mala Varnica,Male Varnice,Mali Varnici,45.8484,14.6944,Osrednjeslovenska,SI041
2180,Mala Vas,Male Vasa,Mali Vasu,46.4122,16.0131,Podravska,SI032
2181,Mala Vas Pri Grosupljem,Male Vasa Priv Grosupljema,Mali Vasu Prih Grosupljemu,45.9551,14.6562,Osrednjeslovenska,SI041
2182,Malahorna,Malahorne,Malahorni,46.386,15.4458,Podravska,SI032
2183,Male Braslovče,Mala Braslovča,Malu Braslovču,46.2884,15.0386,Savinjska,SI034
2184,Male Brusnice,Mala Brusnica,Malu Brusnicu,45.8,15.1667,Jugovzhodna Slovenija,SI037
2185,Male Češnjice,Mala Češnjica,Malu Češnjicu,45.9374,14.8029,Osrednjeslovenska,SI041
2186,Male Dole,Mala Dola,Malu Dolu,46.2933,15.3052,Savinjska,SI034
2187,Male Dole Pri Stehanji Vasi,Mala Dola Priv Stehanjiv Vasiv,Malu Dolu Prih Stehanjih Vasih,45.9104,15.0086,Jugovzhodna Slovenija,SI037
2188,Male Dole Pri Temenici,Mala Dola Priv Temeniciv,Malu Dolu Prih Temenicih,45.9374,14.8029,Osrednjeslovenska,SI041
2189,Male Grahovše,Mala Grahovša,Malu Grahovšu,46.1563,15.2386,Savinjska,SI034
2190,Male Kompolje,Mala Kompolja,Malu Kompolju,45.9374,14.8029,Osrednjeslovenska,SI041
2191,Male Lašče,Mala Lašča,Malu Lašču,45.8363,14.6377,Osrednjeslovenska,SI041
2192,Male Lese,Mala Lesa,Malu Lesu,45.9374,14.8029,Osrednjeslovenska,SI041
2193,Male Lipljene,Mala Lipljena,Malu Lipljenu,45.9551,14.6562,Osrednjeslovenska,SI041
2194,Male Loče,Mala Loča,Malu Loču,45.5679,14.2527,Primorsko-notranjska,SI038
2195,Male Pece,Mala Peca,Malu Pecu,45.9374,14.8029,Osrednjeslovenska,SI041
2196,Male Poljane,Mala Poljana,Malu Poljanu,45.9069,15.2914,Jugovzhodna Slovenija,SI037
2197,Male Rebrce,Mala Rebrca,Malu Rebrcu,45.9374,14.8029,Osrednjeslovenska,SI041
2198,Male Rodne,Mala Rodna,Malu Rodnu,46.2314,15.6381,Savinjska,SI034
2199,Male Vinice,Mala Vinica,Malu Vinicu,45.7616,14.6363,Jugovzhodna Slovenija,SI037
2200,Male Vrhe,Mala Vrha,Malu Vrhu,45.9374,14.8029,Osrednjeslovenska,SI041
2201,Male Žablje,Mala Žablja,Malu Žablju,45.8861,13.9097,Goriška,SI043
2202,Malečnik,Malečnika,Malečniku,46.5575,15.6456,Podravska,SI032
2203,Malenska Vas,Malenske Vasa,Malenski Vasu,45.858,15.0876,Jugovzhodna Slovenija,SI037
2204,Mali Ban,Maliv Bana,Malih Banu,45.8389,15.3361,Jugovzhodna Slovenija,SI037
2205,Mali Brebrovnik,Maliv Brebrovnika,Malih Brebrovniku,46.4086,16.1475,Podravska,SI032
2206,Mali Breg,Maliv Brega,Malih Bregu,46.3383,15.4233,Savinjska,SI034
2207,Mali Cerovec,Maliv Cerovca,Malih Cerovcu,45.8,15.1667,Jugovzhodna Slovenija,SI037
2208,Mali Cirnik,Maliv Cirnika,Malih Cirniku,45.9048,15.5922,Posavska,SI036
2209,Mali Cirnik Pri Šentjanžu,Maliv Cirnika Priv Šentjanžua,Malih Cirniku Prih Šentjanžuu,45.9769,15.0897,Jugovzhodna Slovenija,SI037
2210,Mali Dol,Maliv Dola,Malih Dolu,45.8159,13.7507,Obalno-kraška,SI044
2211,Mali Dol,Maliv Dola,Malih Dolu,46.6099,15.6714,Podravska,SI032
2212,Mali Gaber,Maliv Gabera,Malih Gaberu,45.9104,15.0086,Jugovzhodna Slovenija,SI037
2213,Mali Hrib,Maliv Hriba,Malih Hribu,46.2257,14.612,Osrednjeslovenska,SI041
2214,Mali Jelnik,Maliv Jelnika,Malih Jelniku,46.1686,14.6892,Osrednjeslovenska,SI041
2215,Mali Kal,Maliv Kala,Malih Kalu,45.9374,14.8029,Osrednjeslovenska,SI041
2216,Mali Kal,Maliv Kala,Malih Kalu,45.858,15.0876,Jugovzhodna Slovenija,SI037
2217,Mali Kamen,Maliv Kamena,Malih Kamenu,45.95,15.4833,Posavska,SI036
2218,Mali Konec,Maliv Konca,Malih Koncu,45.9551,14.6562,Osrednjeslovenska,SI041
2219,Mali Koren,Maliv Korena,Malih Korenu,45.95,15.4833,Posavska,SI036
2220,Mali Korinj,Maliv Korinja,Malih Korinju,45.9374,14.8029,Osrednjeslovenska,SI041
2221,Mali Lipoglav,Maliv Lipoglava,Malih Lipoglavu,46.0514,14.5061,Osrednjeslovenska,SI041
2222,Mali Lipovec,Maliv Lipovca,Malih Lipovcu,45.8339,14.9292,Jugovzhodna Slovenija,SI037
2223,Mali Ločnik,Maliv Ločnika,Malih Ločniku,45.8363,14.6377,Osrednjeslovenska,SI041
2224,Mali Nerajec,Maliv Nerajca,Malih Nerajcu,45.5711,15.1889,Jugovzhodna Slovenija,SI037
2225,Mali Obrež,Maliv Obreža,Malih Obrežu,45.9048,15.5922,Posavska,SI036
2226,Mali Okič,Maliv Okiča,Malih Okiču,46.3436,15.9941,Podravska,SI032
2227,Mali Orehek,Maliv Oreheka,Malih Oreheku,45.8,15.1667,Jugovzhodna Slovenija,SI037
2228,Mali Osolnik,Maliv Osolnika,Malih Osolniku,45.8363,14.6377,Osrednjeslovenska,SI041
2229,Mali Otok,Maliv Otoka,Malih Otoku,45.7759,14.2137,Primorsko-notranjska,SI038
2230,Mali Podljuben,Maliv Podljubena,Malih Podljubenu,45.8,15.1667,Jugovzhodna Slovenija,SI037
2231,Mali Podlog,Maliv Podloga,Malih Podlogu,45.95,15.4833,Posavska,SI036
2232,Mali Rakitovec,Maliv Rakitovca,Malih Rakitovcu,46.2257,14.612,Osrednjeslovenska,SI041
2233,Mali Rigelj,Maliv Rigelja,Malih Rigelju,45.7545,15.0583,Jugovzhodna Slovenija,SI037
2234,Mali Slatnik,Maliv Slatnika,Malih Slatniku,45.8,15.1667,Jugovzhodna Slovenija,SI037
2235,Mali Trn,Maliv Trna,Malih Trnu,45.95,15.4833,Posavska,SI036
2236,Mali Videm,Maliv Videma,Malih Videmu,45.9104,15.0086,Jugovzhodna Slovenija,SI037
2237,Mali Vrh,Maliv Vrha,Malih Vrhu,45.9048,15.5922,Posavska,SI036
2238,Mali Vrh,Maliv Vrha,Malih Vrhu,45.858,15.0876,Jugovzhodna Slovenija,SI037
2239,Mali Vrh Pri Prežganju,Maliv Vrha Priv Prežganjua,Malih Vrhu Prih Prežganjuu,46.0514,14.5061,Osrednjeslovenska,SI041
2240,Mali Vrh Pri Šmarju,Maliv Vrha Priv Šmarjua,Malih Vrhu Prih Šmarjuu,45.9551,14.6562,Osrednjeslovenska,SI041
2241,Malija,Malije,Maliji,45.5344,13.6675,Obalno-kraška,SI044
2242,Maline Pri Štrekljevcu,Malina Priv Štrekljevcua,Malinu Prih Štrekljevcuu,45.6546,15.1783,Jugovzhodna Slovenija,SI037
2243,Malkovec,Malkovca,Malkovcu,46.0092,15.3041,Posavska,SI036
2244,Malo Črnelo,Mala Črnela,Malu Črnelu,45.9374,14.8029,Osrednjeslovenska,SI041
2245,Malo Globoko,Mala Globoka,Malu Globoku,45.9374,14.8029,Osrednjeslovenska,SI041
2246,Malo Hudo,Mala Huda,Malu Hudu,45.9374,14.8029,Osrednjeslovenska,SI041
2247,Malo Lipje,Mala Lipja,Malu Lipju,45.8339,14.9292,Jugovzhodna Slovenija,SI037
2248,Malo Mlačevo,Mala Mlačeva,Malu Mlačevu,45.9551,14.6562,Osrednjeslovenska,SI041
2249,Malo Mraševo,Mala Mraševa,Malu Mraševu,45.95,15.4833,Posavska,SI036
2250,Malo Naklo,Mala Nakla,Malu Naklu,46.2749,14.3176,Gorenjska,SI042
2251,Malo Polje,Mala Polja,Malu Polju,45.8861,13.9097,Goriška,SI043
2252,Malo Tinje,Mala Tinja,Malu Tinju,46.3903,15.575,Podravska,SI032
2253,Malo Trebeljevo,Mala Trebeljeva,Malu Trebeljevu,46.0514,14.5061,Osrednjeslovenska,SI041
2254,Malo Ubeljsko,Mala Ubeljska,Malu Ubeljsku,45.7759,14.2137,Primorsko-notranjska,SI038
2255,Malovše,Malovša,Malovšu,45.8861,13.9097,Goriška,SI043
2256,Mamolj,Mamolja,Mamolju,46.0667,14.8167,Zasavska,SI035
2257,Manče,Manča,Manču,45.8476,13.9624,Goriška,SI043
2258,Manžan,Manžana,Manžanu,45.55,13.7333,Obalno-kraška,SI044
2259,Marezige,Mareziga,Marezigu,45.55,13.7333,Obalno-kraška,SI044
2260,Maribor,Maribora,Mariboru,46.5575,15.6456,Podravska,SI032
2261,Marija Dobje,Marije Dobja,Mariji Dobju,46.2176,15.396,Savinjska,SI034
2262,Marija Gradec,Marije Gradca,Mariji Gradcu,46.1563,15.2386,Savinjska,SI034
2263,Marija Reka,Marije Reke,Mariji Reki,46.2369,15.0919,Savinjska,SI034
2264,Marijina Vas,Marijine Vasa,Marijini Vasu,46.1563,15.2386,Savinjska,SI034
2265,Marinča Vas,Marinče Vasa,Marinči Vasu,45.9374,14.8029,Osrednjeslovenska,SI041
2266,Marinčev Grič,Marinčeva Griča,Marinčevu Griču,45.9624,14.2937,Osrednjeslovenska,SI041
2267,Marinčki,Marinčkiv,Marinčkih,45.8363,14.6377,Osrednjeslovenska,SI041
2268,Marindol,Marindola,Marindolu,45.5711,15.1889,Jugovzhodna Slovenija,SI037
2269,Marjeta Na Dravskem Polju,Marjete Ne Dravskema Poljua,Marjeti Ni Dravskemu Poljuu,46.4664,15.7675,Podravska,SI032
2270,Markečica,Markečice,Markečici,46.386,15.4458,Podravska,SI032
2271,Markišavci,Markišavciv,Markišavcih,46.6667,16.1667,Pomurska,SI031
2272,Markovci,Markovcev,Markovcih,46.3956,15.9314,Podravska,SI032
2273,Markovci,Markovcev,Markovcih,46.825,16.2981,Pomurska,SI031
2274,Markovo,Markova,Markovu,46.2257,14.612,Osrednjeslovenska,SI041
2275,Marno,Marna,Marnu,46.1479,15.1528,Savinjska,SI034
2276,Marolče,Marolča,Marolču,45.74,14.7308,Jugovzhodna Slovenija,SI037
2277,Marolče,Marolča,Marolču,46.5372,15.2733,Koroška,SI033
2278,Maršiči,Maršičiv,Maršičih,45.55,13.7333,Obalno-kraška,SI044
2279,Maršiči,Maršičiv,Maršičih,45.74,14.7308,Jugovzhodna Slovenija,SI037
2280,Maršiči,Maršičiv,Maršičih,46.5372,15.2733,Koroška,SI033
2281,Martinj Vrh,Martinja Vrha,Martinju Vrhu,46.2182,14.1592,Gorenjska,SI042
2282,Martinja Vas,Martinje Vasa,Martinji Vasu,45.9104,15.0086,Jugovzhodna Slovenija,SI037
2283,Martinjak,Martinjaka,Martinjaku,45.7964,14.3581,Primorsko-notranjska,SI038
2284,Martinje,Martinja,Martinju,46.805,16.2172,Pomurska,SI031
2285,Masore,Masora,Masoru,46.0025,14.0275,Goriška,SI043
2286,Mašelj,Mašelja,Mašelju,45.6546,15.1783,Jugovzhodna Slovenija,SI037
2287,Matavun,Matavuna,Matavunu,45.682,13.9702,Obalno-kraška,SI044
2288,Matena,Matene,Mateni,45.9692,14.5394,Osrednjeslovenska,SI041
2289,Matenja Vas,Matenje Vasa,Matenji Vasu,45.7759,14.2137,Primorsko-notranjska,SI038
2290,Matjaševci,Matjaševciv,Matjaševcih,46.8333,16.0833,Pomurska,SI031
2291,Matke,Matka,Matku,46.2369,15.0919,Savinjska,SI034
2292,Mavčiče,Mavčiča,Mavčiču,46.2333,14.3667,Gorenjska,SI042
2293,Mavrc,Mavrca,Mavrcu,45.5088,14.91,Jugovzhodna Slovenija,SI037
2294,Mavrlen,Mavrlena,Mavrlenu,45.5711,15.1889,Jugovzhodna Slovenija,SI037
2295,Medlog,Medloga,Medlogu,46.2358,15.2675,Savinjska,SI034
2296,Medno,Medna,Mednu,46.0514,14.5061,Osrednjeslovenska,SI041
2297,Medribnik,Medribnika,Medribniku,46.3436,15.9941,Podravska,SI032
2298,Medvedce,Medvedca,Medvedcu,46.35,15.7333,Podravska,SI032
2299,Medvedica,Medvedice,Medvedici,45.9551,14.6562,Osrednjeslovenska,SI041
2300,Medvedje Brdo,Medvedja Brda,Medvedju Brdu,45.9167,14.2297,Osrednjeslovenska,SI041
2301,Medvedjek,Medvedjeka,Medvedjeku,45.9104,15.0086,Jugovzhodna Slovenija,SI037
2302,Medvedjek,Medvedjeka,Medvedjeku,45.8363,14.6377,Osrednjeslovenska,SI041
2303,Medvode,Medvod,Medvodah,46.1382,14.4147,Osrednjeslovenska,SI041
2304,Meglenik,Meglenika,Megleniku,45.9104,15.0086,Jugovzhodna Slovenija,SI037
2307,Mekinje,Mekinja,Mekinju,46.2257,14.612,Osrednjeslovenska,SI041
2308,Mekinje Nad Stično,Mekinja Nada Stična,Mekinju Nadu Stičnu,45.9374,14.8029,Osrednjeslovenska,SI041
2309,Mekotnjak,Mekotnjaka,Mekotnjaku,46.5168,16.2027,Pomurska,SI031
2310,Melanjski Vrh,Melanjskiv Vrha,Melanjskih Vrhu,46.6428,16.0453,Pomurska,SI031
2311,Melinci,Melinciv,Melincih,46.606,16.2328,Pomurska,SI031
2312,Meliše,Meliša,Melišu,46.3333,14.8333,Savinjska,SI034
2313,Meljski Hrib,Meljskiv Hriba,Meljskih Hribu,46.5575,15.6456,Podravska,SI032
2314,Mengeš,Mengša,Mengšu,46.1626,14.568,Osrednjeslovenska,SI041
2315,Meniška Vas,Meniške Vasa,Meniški Vasu,45.7545,15.0583,Jugovzhodna Slovenija,SI037
2316,Merče,Merča,Merču,45.7034,13.8706,Obalno-kraška,SI044
2317,Mereče,Mereča,Mereču,45.5679,14.2527,Primorsko-notranjska,SI038
2318,Mestni Vrh,Mestniv Vrha,Mestnih Vrhu,46.4194,15.8694,Podravska,SI032
2319,Metava,Metave,Metavi,46.5575,15.6456,Podravska,SI032
2320,Metnaj,Metnaja,Metnaju,45.9374,14.8029,Osrednjeslovenska,SI041
2321,Metni Vrh,Metniv Vrha,Metnih Vrhu,46.0092,15.3041,Posavska,SI036
2322,Mevce,Mevca,Mevcu,45.9374,14.8029,Osrednjeslovenska,SI041
2323,Mezgovci Ob Pesnici,Mezgovciv Oba Pesniciv,Mezgovcih Obu Pesnicih,46.4299,15.9488,Podravska,SI032
2324,Mežica,Mežice,Mežici,46.5206,14.8536,Koroška,SI033
2325,Migojnice,Migojnica,Migojnicu,46.251,15.1639,Savinjska,SI034
2326,Migolica,Migolice,Migolici,45.9476,15.0664,Jugovzhodna Slovenija,SI037
2327,Migolska Gora,Migolske Gore,Migolski Gori,45.9476,15.0664,Jugovzhodna Slovenija,SI037
2328,Mihalovci,Mihalovciv,Mihalovcih,46.4086,16.1475,Podravska,SI032
2329,Mihalovec,Mihalovca,Mihalovcu,45.9048,15.5922,Posavska,SI036
2330,Mihelja Vas,Mihelje Vasa,Mihelji Vasu,45.5711,15.1889,Jugovzhodna Slovenija,SI037
2331,Mihovce,Mihovca,Mihovcu,46.406,15.7983,Podravska,SI032
2332,Mihovci Pri Vel. Nedelji,Mihovciv Priv Vel.a Nedeljiv,Mihovcih Prih Vel.u Nedeljih,46.4086,16.1475,Podravska,SI032
2333,Mihovec,Mihovca,Mihovcu,45.8,15.1667,Jugovzhodna Slovenija,SI037
2334,Mihovica,Mihovice,Mihovici,45.8389,15.3361,Jugovzhodna Slovenija,SI037
2335,Mihovo,Mihova,Mihovu,45.8389,15.3361,Jugovzhodna Slovenija,SI037
2336,Miklarji,Miklarjiv,Miklarjih,45.5711,15.1889,Jugovzhodna Slovenija,SI037
2337,Miklavž Pri Ormožu,Miklavža Priv Ormožua,Miklavžu Prih Ormožuu,46.4086,16.1475,Podravska,SI032
2338,Miklavž Pri Taboru,Miklavža Priv Taborua,Miklavžu Prih Taboruu,46.2225,15.0081,Savinjska,SI034
2339,Mikote,Mikota,Mikotu,45.95,15.4833,Posavska,SI036
2340,Milava,Milave,Milavi,45.7964,14.3581,Primorsko-notranjska,SI038
2341,Miliči,Miličiv,Miličih,45.5711,15.1889,Jugovzhodna Slovenija,SI037
2342,Milje,Milja,Milju,46.243,14.4181,Gorenjska,SI042
2343,Mirke,Mirka,Mirku,45.9624,14.2937,Osrednjeslovenska,SI041
2344,Mirna,Mirne,Mirni,45.9476,15.0664,Jugovzhodna Slovenija,SI037
2345,Mirna Peč,Mirne Peči,Mirni Peči,45.858,15.0876,Jugovzhodna Slovenija,SI037
2346,Misliče,Misliča,Misliču,45.682,13.9702,Obalno-kraška,SI044
2347,Mislinja,Mislinje,Mislinji,46.4431,15.1931,Koroška,SI033
2348,Mislinjska Dobrava,Mislinjske Dobrave,Mislinjski Dobravi,46.5094,15.0792,Koroška,SI033
2349,Mišače,Mišača,Mišaču,46.3425,14.1721,Gorenjska,SI042
2350,Mizni Dol,Mizniv Dola,Miznih Dolu,45.9624,14.2937,Osrednjeslovenska,SI041
2351,Mlače,Mlača,Mlaču,46.3383,15.4233,Savinjska,SI034
2352,Mladje,Mladja,Mladju,45.95,15.4833,Posavska,SI036
2353,Mlaka,Mlake,Mlaki,46.2073,14.539,Osrednjeslovenska,SI041
2354,Mlaka,Mlake,Mlaki,46.3425,14.1721,Gorenjska,SI042
2355,Mlaka Pri Kočevju,Mlake Priv Kočevjua,Mlaki Prih Kočevjuu,45.643,14.8594,Jugovzhodna Slovenija,SI037
2356,Mlaka Pri Kočevski Reki,Mlake Priv Kočevskiv Rekiv,Mlaki Prih Kočevskih Rekih,45.643,14.8594,Jugovzhodna Slovenija,SI037
2357,Mlaka Pri Kranju,Mlake Priv Kranjua,Mlaki Prih Kranjuu,46.2333,14.3667,Gorenjska,SI042
2358,Mlake,Mlaka,Mlaku,46.6167,15.1667,Koroška,SI033
2359,Mleščevo,Mleščeva,Mleščevu,45.9374,14.8029,Osrednjeslovenska,SI041
2360,Mlinsko,Mlinska,Mlinsku,46.2464,13.578,Goriška,SI043
2361,Močila,Močile,Močili,46.088,13.6347,Goriška,SI043
2362,Močile,Močila,Močilu,45.5711,15.1889,Jugovzhodna Slovenija,SI037
2363,Močilno,Močilna,Močilnu,46.0658,15.1728,Posavska,SI036
2364,Močunigi,Močunigiv,Močunigih,45.55,13.7333,Obalno-kraška,SI044
2365,Močvirje,Močvirja,Močvirju,45.9069,15.2914,Jugovzhodna Slovenija,SI037
2366,Modraže,Modraža,Modražu,46.3135,15.5791,Podravska,SI032
2367,Modrej,Modreja,Modreju,46.1857,13.7352,Goriška,SI043
2368,Modrejce,Modrejca,Modrejcu,46.1857,13.7352,Goriška,SI043
2369,Modrič,Modriča,Modriču,46.1563,15.2386,Savinjska,SI034
2370,Modrič,Modriča,Modriču,46.3903,15.575,Podravska,SI032
2371,Mohorje,Mohorja,Mohorju,45.8363,14.6377,Osrednjeslovenska,SI041
2372,Mojstrana,Mojstrane,Mojstrani,46.4854,13.7871,Gorenjska,SI042
2373,Mokri Potok,Mokriv Potoka,Mokrih Potoku,45.643,14.8594,Jugovzhodna Slovenija,SI037
2374,Montinjan,Montinjana,Montinjanu,45.55,13.7333,Obalno-kraška,SI044
2375,Morava,Morave,Moravi,45.643,14.8594,Jugovzhodna Slovenija,SI037
2376,Moravci V Slov. Goricah,Moravciv Va Slov.a Goricaha,Moravcih Vu Slov.u Goricahu,46.5168,16.2027,Pomurska,SI031
2377,Moravče,Moravč,Moravčah,46.1356,14.7439,Osrednjeslovenska,SI041
2378,Moravče Pri Gabrovki,Moravča Priv Gabrovkiv,Moravču Prih Gabrovkih,46.0667,14.8167,Zasavska,SI035
2379,Moravška Gora,Moravške Gore,Moravški Gori,46.0667,14.8167,Zasavska,SI035
2380,Morsko,Morska,Morsku,46.088,13.6347,Goriška,SI043
2381,Most Na Soči,Mosta Ne Sočiv,Mostu Ni Sočih,46.1857,13.7352,Goriška,SI043
2382,Moste,Mosta,Mostu,46.2073,14.539,Osrednjeslovenska,SI041
2383,Mostec,Mostca,Mostcu,45.9048,15.5922,Posavska,SI036
2384,Mostečno,Mostečna,Mostečnu,46.3174,15.6669,Podravska,SI032
2385,Mostje,Mostja,Mostju,46.4853,15.971,Podravska,SI032
2386,Mostje,Mostja,Mostju,46.5631,16.4519,Pomurska,SI031
2387,Moščanci,Moščanciv,Moščancih,46.7039,16.1572,Pomurska,SI031
2388,Moše,Moša,Mošu,46.1382,14.4147,Osrednjeslovenska,SI041
2389,Mošenik,Mošenika,Mošeniku,46.1356,14.7439,Osrednjeslovenska,SI041
2390,Moškanjci,Moškanjciv,Moškanjcih,46.4122,16.0131,Podravska,SI032
2391,Moškrin,Moškrina,Moškrinu,46.1672,14.303,Gorenjska,SI042
2392,Mošnje,Mošnja,Mošnju,46.3425,14.1721,Gorenjska,SI042
2393,Mota,Mote,Moti,46.5168,16.2027,Pomurska,SI031
2394,Motnik,Motnika,Motniku,46.2257,14.612,Osrednjeslovenska,SI041
2395,Motovilci,Motovilciv,Motovilcih,46.7977,16.0984,Pomurska,SI031
2396,Moverna Vas,Moverne Vasa,Moverni Vasu,45.6546,15.1783,Jugovzhodna Slovenija,SI037
2397,Movraž,Movraža,Movražu,45.55,13.7333,Obalno-kraška,SI044
2398,Mozelj,Mozelja,Mozelju,45.643,14.8594,Jugovzhodna Slovenija,SI037
2399,Mozirje,Mozirja,Mozirju,46.3381,14.9572,Savinjska,SI034
2400,Možjanca,Možjance,Možjanci,46.3052,14.4203,Gorenjska,SI042
2401,Mrčna Sela,Mrčne Sele,Mrčni Seli,45.95,15.4833,Posavska,SI036
2402,Mršeča Vas,Mršeče Vasa,Mršeči Vasu,45.8389,15.3361,Jugovzhodna Slovenija,SI037
2403,Mrtovec,Mrtovca,Mrtovcu,46.0092,15.3041,Posavska,SI036
2404,Mrtvice,Mrtvica,Mrtvicu,45.643,14.8594,Jugovzhodna Slovenija,SI037
2405,Mrtvice,Mrtvica,Mrtvicu,45.95,15.4833,Posavska,SI036
2406,Mrzla Luža,Mrzle Luže,Mrzli Luži,45.9104,15.0086,Jugovzhodna Slovenija,SI037
2407,Mrzla Planina,Mrzle Planine,Mrzli Planini,46.0092,15.3041,Posavska,SI036
2408,Mrzlava Vas,Mrzlave Vasa,Mrzlavi Vasu,45.9048,15.5922,Posavska,SI036
2409,Mrzli Log,Mrzliv Loga,Mrzlih Logu,46.0025,14.0275,Goriška,SI043
2410,Mrzli Vrh,Mrzliv Vrha,Mrzlih Vrhu,46.0025,14.0275,Goriška,SI043
2411,Mrzli Vrh,Mrzliv Vrha,Mrzlih Vrhu,46.0469,14.1097,Gorenjska,SI042
2412,Mrzlo Polje,Mrzla Polja,Mrzlu Polju,45.9374,14.8029,Osrednjeslovenska,SI041
2413,Mrzlo Polje,Mrzla Polja,Mrzlu Polju,46.1563,15.2386,Savinjska,SI034
2414,Muha Vas,Muhe Vasa,Muhi Vasu,45.643,14.8594,Jugovzhodna Slovenija,SI037
2415,Muhabran,Muhabrana,Muhabranu,45.9104,15.0086,Jugovzhodna Slovenija,SI037
2416,Muljava,Muljave,Muljavi,45.9374,14.8029,Osrednjeslovenska,SI041
2417,Muretinci,Muretinciv,Muretincih,46.4122,16.0131,Podravska,SI032
2418,Murska Sobota,Murske Sobote,Murski Soboti,46.6667,16.1667,Pomurska,SI031
2419,Murski Črnci,Murskiv Črnciv,Murskih Črncih,46.6558,16.0933,Pomurska,SI031
2420,Murski Petrovci,Murskiv Petrovciv,Murskih Petrovcih,46.6558,16.0933,Pomurska,SI031
2421,Murski Vrh,Murskiv Vrha,Murskih Vrhu,46.6428,16.0453,Pomurska,SI031
2422,Murščak,Murščaka,Murščaku,46.6428,16.0453,Pomurska,SI031
2423,Muta,Mute,Muti,46.6167,15.1667,Koroška,SI033
2424,Na Logu,Ne Logua,Ni Loguu,46.1672,14.303,Gorenjska,SI042
2425,Nadanje Selo,Nadanja Sela,Nadanju Selu,45.6833,14.2,Primorsko-notranjska,SI038
2426,Nadgrad,Nadgrada,Nadgradu,46.3903,15.575,Podravska,SI032
2427,Nadole,Nadola,Nadolu,46.275,15.7939,Podravska,SI032
2428,Nadrožica,Nadrožice,Nadrožici,45.8159,13.7507,Obalno-kraška,SI044
2429,Naklo,Naklega,Naklem,45.5711,15.1889,Jugovzhodna Slovenija,SI037
2430,Naklo,Naklega,Naklem,45.682,13.9702,Obalno-kraška,SI044
2431,Naklo,Naklega,Naklem,46.2749,14.3176,Gorenjska,SI042
2432,Nanos,Nanosa,Nanosu,45.8476,13.9624,Goriška,SI043
2433,Naraplje,Naraplja,Naraplju,46.35,15.7333,Podravska,SI032
2435,Narin,Narina,Narinu,45.6833,14.2,Primorsko-notranjska,SI038
2436,Nasovče,Nasovča,Nasovču,46.2073,14.539,Osrednjeslovenska,SI041
2437,Nazarje,Nazarja,Nazarju,46.3202,14.9531,Savinjska,SI034
2438,Nebova,Nebove,Nebovi,46.5575,15.6456,Podravska,SI032
2439,Nedelica,Nedelice,Nedelici,46.6194,16.3223,Pomurska,SI031
2440,Negastrn,Negastrna,Negastrnu,46.1356,14.7439,Osrednjeslovenska,SI041
2441,Negovski Vrh,Negovskiv Vrha,Negovskih Vrhu,46.6065,15.8842,Podravska,SI032
2443,Nemčavci,Nemčavciv,Nemčavcih,46.6667,16.1667,Pomurska,SI031
2444,Nemilje,Nemilja,Nemilju,46.2333,14.3667,Gorenjska,SI042
2445,Nemška Gora,Nemške Gore,Nemški Gori,45.95,15.4833,Posavska,SI036
2446,Nemška Loka,Nemške Loke,Nemški Loki,45.643,14.8594,Jugovzhodna Slovenija,SI037
2447,Nemška Vas,Nemške Vasa,Nemški Vasu,45.95,15.4833,Posavska,SI036
2448,Nemška Vas,Nemške Vasa,Nemški Vasu,45.74,14.7308,Jugovzhodna Slovenija,SI037
2449,Nemška Vas,Nemške Vasa,Nemški Vasu,46.5372,15.2733,Koroška,SI033
2450,Neradnovci,Neradnovciv,Neradnovcih,46.805,16.2172,Pomurska,SI031
2451,Nestoplja Vas,Nestoplje Vasa,Nestoplji Vasu,45.6546,15.1783,Jugovzhodna Slovenija,SI037
2452,Neverke,Neverka,Neverku,45.6833,14.2,Primorsko-notranjska,SI038
2453,Nevlje,Nevlja,Nevlju,46.2257,14.612,Osrednjeslovenska,SI041
2454,Nezbiše,Nezbiša,Nezbišu,46.1573,15.5974,Savinjska,SI034
2455,Nimno,Nimna,Nimnu,46.2314,15.6381,Savinjska,SI034
2456,Niževec,Niževca,Niževcu,45.9197,14.3572,Osrednjeslovenska,SI041
2457,Njiverce,Njiverca,Njivercu,46.406,15.7983,Podravska,SI032
2458,Njivica,Njivice,Njivici,46.2333,14.3667,Gorenjska,SI042
2459,Njivice,Njivica,Njivicu,46.0658,15.1728,Posavska,SI036
2460,Noršinci Pri Ljutomeru,Noršinciv Priv Ljutomerua,Noršincih Prih Ljutomeruu,46.5168,16.2027,Pomurska,SI031
2461,Noše,Noša,Nošu,46.3425,14.1721,Gorenjska,SI042
2462,Notranje Gorice,Notranja Gorica,Notranju Goricu,46.0207,14.4178,Osrednjeslovenska,SI041
2463,Nova Cerkev,Nove Cerkeva,Novi Cerkevu,46.2933,15.3052,Savinjska,SI034
2464,Nova Gora,Nove Gore,Novi Gori,45.7545,15.0583,Jugovzhodna Slovenija,SI037
2465,Nova Gora,Nove Gore,Novi Gori,45.95,15.4833,Posavska,SI036
2466,Nova Gora,Nove Gore,Novi Gori,46.0667,14.8167,Zasavska,SI035
2467,Nova Gora Nad Slovensko Bistrico,Nove Gore Nada Slovenska Bistrica,Novi Gori Nadu Slovensku Bistricu,46.3903,15.575,Podravska,SI032
2468,Nova Gorica,Nove Gorice,Novi Gorici,45.9558,13.6433,Goriška,SI043
2469,Nova Lipa,Nove Lipe,Novi Lipi,45.5711,15.1889,Jugovzhodna Slovenija,SI037
2470,Nova Sela,Nove Sele,Novi Seli,45.5088,14.91,Jugovzhodna Slovenija,SI037
2471,Nova Sušica,Nove Sušice,Novi Sušici,45.6833,14.2,Primorsko-notranjska,SI038
2472,Nova Štifta,Nove Štifte,Novi Štifti,46.2961,14.8052,Savinjska,SI034
2473,Nova Štifta,Nove Štifte,Novi Štifti,45.7616,14.6363,Jugovzhodna Slovenija,SI037
2474,Nova Vas,Nove Vasa,Novi Vasu,45.9374,14.8029,Osrednjeslovenska,SI041
2475,Nova Vas,Nove Vasa,Novi Vasu,46.3052,14.4203,Gorenjska,SI042
2476,Nova Vas,Nove Vasa,Novi Vasu,45.7034,13.8706,Obalno-kraška,SI044
2477,Nova Vas Ob Sotli,Nove Vasa Oba Sotliv,Novi Vasu Obu Sotlih,45.9048,15.5922,Posavska,SI036
2478,Nova Vas Pri Jelšanah,Nove Vasa Priv Jelšanaha,Novi Vasu Prih Jelšanahu,45.5679,14.2527,Primorsko-notranjska,SI038
2479,Nova Vas Pri Konjicah,Nove Vasa Priv Konjicaha,Novi Vasu Prih Konjicahu,46.3383,15.4233,Savinjska,SI034
2480,Nova Vas Pri Lescah,Nove Vasa Priv Lescaha,Novi Vasu Prih Lescahu,46.3425,14.1721,Gorenjska,SI042
2481,Nova Vas Pri Markovcih,Nove Vasa Priv Markovciha,Novi Vasu Prih Markovcihu,46.3956,15.9314,Podravska,SI032
2482,Nova Vas Pri Mokricah,Nove Vasa Priv Mokricaha,Novi Vasu Prih Mokricahu,45.9048,15.5922,Posavska,SI036
2483,Novake,Novaka,Novaku,46.3135,15.5791,Podravska,SI032
2484,Novake,Novaka,Novaku,46.3581,14.293,Gorenjska,SI042
2485,Novake,Novaka,Novaku,46.2933,15.3052,Savinjska,SI034
2486,Nove Ložine,Nova Ložina,Novu Ložinu,45.643,14.8594,Jugovzhodna Slovenija,SI037
2487,Novi Grad,Noviv Grada,Novih Gradu,46.0092,15.3041,Posavska,SI036
2488,Novi Lazi,Noviv Laziv,Novih Lazih,45.643,14.8594,Jugovzhodna Slovenija,SI037
2489,Novi Pot,Noviv Pota,Novih Potu,45.7616,14.6363,Jugovzhodna Slovenija,SI037
2490,Novi Svet,Noviv Sveta,Novih Svetu,45.9167,14.2297,Osrednjeslovenska,SI041
2491,Novo Celje,Nova Celja,Novu Celju,46.251,15.1639,Savinjska,SI034
2492,Novo Mesto,Nova Mesta,Novu Mestu,45.8,15.1667,Jugovzhodna Slovenija,SI037
2493,Novo Tepanje,Nova Tepanja,Novu Tepanju,46.3383,15.4233,Savinjska,SI034
2494,Novokračine,Novokračina,Novokračinu,45.5679,14.2527,Primorsko-notranjska,SI038
2495,Nožed,Nožeda,Nožedu,45.5344,13.6675,Obalno-kraška,SI044
2496,Nožice,Nožica,Nožicu,46.1394,14.595,Osrednjeslovenska,SI041
2497,Nunska Graba,Nunske Grabe,Nunski Grabi,46.5168,16.2027,Pomurska,SI031
2498,Nuskova,Nuskove,Nuskovi,46.8053,16.0344,Pomurska,SI031
2499,Občice,Občica,Občicu,45.7545,15.0583,Jugovzhodna Slovenija,SI037
2501,Obloke,Obloka,Obloku,46.1857,13.7352,Goriška,SI043
2502,Obolno,Obolna,Obolnu,45.9374,14.8029,Osrednjeslovenska,SI041
2504,Obrežje,Obrežja,Obrežju,45.9048,15.5922,Posavska,SI036
2505,Obrežje,Obrežja,Obrežju,46.0658,15.1728,Posavska,SI036
2506,Obrežje Pri Zidanem Mostu,Obrežja Priv Zidanema Mostua,Obrežju Prih Zidanemu Mostuu,46.1563,15.2386,Savinjska,SI034
2507,Obrh,Obrha,Obrhu,45.7545,15.0583,Jugovzhodna Slovenija,SI037
2508,Obrh Pri Dragatušu,Obrha Priv Dragatušua,Obrhu Prih Dragatušuu,45.5711,15.1889,Jugovzhodna Slovenija,SI037
2509,Obrne,Obrna,Obrnu,46.3688,14.114,Gorenjska,SI042
2510,Obrše,Obrša,Obršu,46.1686,14.6892,Osrednjeslovenska,SI041
2511,Ocinje,Ocinja,Ocinju,46.8053,16.0344,Pomurska,SI031
2512,Odranci,Odrancev,Odrancih,46.5856,16.2753,Pomurska,SI031
2513,Odrga,Odrge,Odrgi,45.9104,15.0086,Jugovzhodna Slovenija,SI037
2514,Ogljenšak,Ogljenšaka,Ogljenšaku,46.3903,15.575,Podravska,SI032
2515,Ogorevc,Ogorevca,Ogorevcu,46.2219,15.3111,Savinjska,SI034
2516,Ograja,Ograje,Ograji,45.643,14.8594,Jugovzhodna Slovenija,SI037
2517,Ogulin,Ogulina,Ogulinu,45.5711,15.1889,Jugovzhodna Slovenija,SI037
2518,Ohonica,Ohonice,Ohonici,45.9197,14.3572,Osrednjeslovenska,SI041
2519,Ojstri Vrh,Ojstriv Vrha,Ojstrih Vrhu,46.2182,14.1592,Gorenjska,SI042
2520,Ojstrica,Ojstrice,Ojstrici,46.5903,15.0236,Koroška,SI033
2521,Ojstriška Vas,Ojstriške Vasa,Ojstriški Vasu,46.2225,15.0081,Savinjska,SI034
2522,Ojstro,Ojstra,Ojstru,46.1563,15.2386,Savinjska,SI034
2523,Ojstro,Ojstra,Ojstru,46.15,15.05,Zasavska,SI035
2524,Oklukova Gora,Oklukove Gore,Oklukovi Gori,45.9048,15.5922,Posavska,SI036
2525,Okonina,Okonine,Okonini,46.3333,14.8333,Savinjska,SI034
2526,Okoslavci,Okoslavciv,Okoslavcih,46.6428,16.0453,Pomurska,SI031
2527,Okoška Gora,Okoške Gore,Okoški Gori,46.386,15.4458,Podravska,SI032
2531,Okrog Pri Motniku,Okroga Priv Motnikua,Okrogu Prih Motnikuu,46.2257,14.612,Osrednjeslovenska,SI041
2532,Okroglice,Okroglica,Okroglicu,46.0092,15.3041,Posavska,SI036
2535,Olešče,Olešča,Olešču,46.1563,15.2386,Savinjska,SI034
2536,Olika,Olike,Oliki,45.55,13.7333,Obalno-kraška,SI044
2537,Olimje,Olimja,Olimju,46.1573,15.5974,Savinjska,SI034
2538,Olševek,Olševeka,Olševeku,46.243,14.4181,Gorenjska,SI042
2539,Omota,Omote,Omoti,45.6546,15.1783,Jugovzhodna Slovenija,SI037
2540,Onek,Oneka,Oneku,45.643,14.8594,Jugovzhodna Slovenija,SI037
2541,Onkraj Meže,Onkraja Meža,Onkraju Mežu,46.5206,14.8536,Koroška,SI033
2542,Opale,Opala,Opalu,46.0469,14.1097,Gorenjska,SI042
2543,Opalkovo,Opalkova,Opalkovu,45.8363,14.6377,Osrednjeslovenska,SI041
2544,Oplotnica,Oplotnice,Oplotnici,46.386,15.4458,Podravska,SI032
2545,Orehek,Oreheka,Oreheku,46.1278,13.9875,Goriška,SI043
2546,Orehek,Oreheka,Oreheku,45.7759,14.2137,Primorsko-notranjska,SI038
2547,Orehovica,Orehovice,Orehovici,45.8389,15.3361,Jugovzhodna Slovenija,SI037
2548,Orehovica,Orehovice,Orehovici,45.8476,13.9624,Goriška,SI043
2549,Orehovlje,Orehovlja,Orehovlju,46.2333,14.3667,Gorenjska,SI042
2550,Orehovo,Orehova,Orehovu,46.0092,15.3041,Posavska,SI036
2551,Orešje,Orešja,Orešju,45.8622,15.2214,Jugovzhodna Slovenija,SI037
2552,Orešje Na Bizeljskem,Orešja Ne Bizeljskema,Orešju Ni Bizeljskemu,45.9048,15.5922,Posavska,SI036
2553,Orešje Nad Sevnico,Orešja Nada Sevnica,Orešju Nadu Sevnicu,46.0092,15.3041,Posavska,SI036
2554,Orkljevec,Orkljevca,Orkljevcu,45.858,15.0876,Jugovzhodna Slovenija,SI037
2555,Orla Vas,Orle Vasa,Orli Vasu,46.2884,15.0386,Savinjska,SI034
2556,Orlaka,Orlake,Orlaki,45.9104,15.0086,Jugovzhodna Slovenija,SI037
2558,Orlek,Orleka,Orleku,45.7034,13.8706,Obalno-kraška,SI044
2559,Ormož,Ormoža,Ormožu,46.4086,16.1475,Podravska,SI032
2560,Orova Vas,Orove Vasa,Orovi Vasu,46.2809,15.074,Savinjska,SI034
2561,Ortnek,Ortneka,Ortneku,45.74,14.7308,Jugovzhodna Slovenija,SI037
2562,Ortnek,Ortneka,Ortneku,46.5372,15.2733,Koroška,SI033
2563,Ortnice,Ortnica,Ortnicu,46.074,15.559,Savinjska,SI034
2564,Osek,Oseka,Oseku,45.9558,13.6433,Goriška,SI043
2565,Osenca,Osence,Osenci,46.2358,15.2675,Savinjska,SI034
2566,Oskoršnica,Oskoršnice,Oskoršnici,45.6546,15.1783,Jugovzhodna Slovenija,SI037
2567,Oskrt,Oskrta,Oskrtu,45.5088,14.91,Jugovzhodna Slovenija,SI037
2568,Oslica,Oslice,Oslici,45.9374,14.8029,Osrednjeslovenska,SI041
2569,Osluševci,Osluševciv,Osluševcih,46.4086,16.1475,Podravska,SI032
2570,Osojnica,Osojnice,Osojnici,46.0469,14.1097,Gorenjska,SI042
2571,Osojnik,Osojnika,Osojniku,45.6546,15.1783,Jugovzhodna Slovenija,SI037
2572,Osojnik,Osojnika,Osojniku,46.2182,14.1592,Gorenjska,SI042
2573,Osolnik,Osolnika,Osolniku,46.1382,14.4147,Osrednjeslovenska,SI041
2574,Osp,Ospa,Ospu,45.55,13.7333,Obalno-kraška,SI044
2575,Osrečje,Osrečja,Osrečju,45.9069,15.2914,Jugovzhodna Slovenija,SI037
2576,Osredek,Osredeka,Osredeku,45.7964,14.3581,Primorsko-notranjska,SI038
2577,Osredek,Osredeka,Osredeku,46.2176,15.396,Savinjska,SI034
2578,Osredek,Osredeka,Osredeku,45.8363,14.6377,Osrednjeslovenska,SI041
2579,Osredek Nad Stično,Osredeka Nada Stična,Osredeku Nadu Stičnu,45.9374,14.8029,Osrednjeslovenska,SI041
2580,Osredek Pri Hubajnici,Osredeka Priv Hubajniciv,Osredeku Prih Hubajnicih,46.0092,15.3041,Posavska,SI036
2581,Osredek Pri Krmelju,Osredeka Priv Krmeljua,Osredeku Prih Krmeljuu,46.0092,15.3041,Posavska,SI036
2582,Osredek Pri Podsredi,Osredeka Priv Podsrediv,Osredeku Prih Podsredih,46.074,15.559,Savinjska,SI034
2583,Osredek Pri Trški Gori,Osredeka Priv Trškiv Goriv,Osredeku Prih Trških Gorih,45.95,15.4833,Posavska,SI036
2584,Osredek Pri Zrečah,Osredeka Priv Zrečaha,Osredeku Prih Zrečahu,46.375,15.3854,Savinjska,SI034
2585,Ostenk,Ostenka,Ostenku,46.15,15.05,Zasavska,SI035
2586,Ostrog,Ostroga,Ostrogu,45.8389,15.3361,Jugovzhodna Slovenija,SI037
2587,Ostrožno Brdo,Ostrožna Brda,Ostrožnu Brdu,45.5679,14.2527,Primorsko-notranjska,SI038
2588,Ostrožno Pri Ločah,Ostrožna Priv Ločaha,Ostrožnu Prih Ločahu,46.3383,15.4233,Savinjska,SI034
2589,Ostrožno Pri Ponikvi – Del,Ostrožna Priv Ponikviv –a Dla,Ostrožnu Prih Ponikvih –u Dlu,46.2176,15.396,Savinjska,SI034
2590,Ošelj,Ošelja,Ošelju,46.3903,15.575,Podravska,SI032
2591,Oševek,Oševeka,Oševeku,46.2257,14.612,Osrednjeslovenska,SI041
2592,Otalež,Otaleža,Otaležu,46.1278,13.9875,Goriška,SI043
2593,Otavice,Otavica,Otavicu,45.74,14.7308,Jugovzhodna Slovenija,SI037
2594,Otavice,Otavica,Otavicu,46.5372,15.2733,Koroška,SI033
2595,Otavnik,Otavnika,Otavniku,46.0092,15.3041,Posavska,SI036
2596,Otemna,Otemne,Otemni,46.2358,15.2675,Savinjska,SI034
2597,Otiški Vrh,Otiškiv Vrha,Otiških Vrhu,46.5903,15.0236,Koroška,SI033
2598,Otlica,Otlice,Otlici,45.8861,13.9097,Goriška,SI043
2599,Otoče,Otoča,Otoču,46.3425,14.1721,Gorenjska,SI042
2600,Otočec,Otočca,Otočcu,45.8,15.1667,Jugovzhodna Slovenija,SI037
2602,Otonica,Otonice,Otonici,45.7964,14.3581,Primorsko-notranjska,SI038
2603,Otošče,Otošča,Otošču,45.682,13.9702,Obalno-kraška,SI044
2604,Otovci,Otovciv,Otovcih,46.7039,16.1572,Pomurska,SI031
2605,Otovec,Otovca,Otovcu,45.5711,15.1889,Jugovzhodna Slovenija,SI037
2606,Ovsiše,Ovsiša,Ovsišu,46.3425,14.1721,Gorenjska,SI042
2607,Ozeljan,Ozeljana,Ozeljanu,45.9558,13.6433,Goriška,SI043
2608,Ožbalt,Ožbalta,Ožbaltu,46.5864,15.3286,Koroška,SI033
2609,Pacinje,Pacinja,Pacinju,46.4194,15.8694,Podravska,SI032
2610,Padeški Vrh,Padeškiv Vrha,Padeških Vrhu,46.375,15.3854,Savinjska,SI034
2611,Padež,Padeža,Padežu,46.1563,15.2386,Savinjska,SI034
2612,Padež,Padeža,Padežu,45.9624,14.2937,Osrednjeslovenska,SI041
2613,Padovo Pri Fari,Padova Priv Fariv,Padovu Prih Farih,45.5088,14.91,Jugovzhodna Slovenija,SI037
2614,Paha,Pahe,Pahi,45.8,15.1667,Jugovzhodna Slovenija,SI037
2615,Paka,Pake,Paki,46.3825,15.2956,Savinjska,SI034
2616,Paka – Del,Pake –a Dla,Paki –u Dlu,46.4431,15.1931,Koroška,SI033
2617,Paka Pri Predgradu,Pake Priv Predgradua,Paki Prih Predgraduu,45.643,14.8594,Jugovzhodna Slovenija,SI037
2618,Paka Pri Velenju,Pake Priv Velenjua,Paki Prih Velenjuu,46.3625,15.1144,Savinjska,SI034
2619,Pako,Paka,Paku,45.9197,14.3572,Osrednjeslovenska,SI041
2620,Palčje,Palčja,Palčju,45.6833,14.2,Primorsko-notranjska,SI038
2621,Paljevo,Paljeva,Paljevu,46.088,13.6347,Goriška,SI043
2622,Paloviče,Paloviča,Paloviču,46.3581,14.293,Gorenjska,SI042
2623,Pameče,Pameča,Pameču,46.5094,15.0792,Koroška,SI033
2624,Pance,Panca,Pancu,46.0514,14.5061,Osrednjeslovenska,SI041
2625,Paneče,Paneča,Paneču,46.1563,15.2386,Savinjska,SI034
2626,Pangrč Grm,Pangrča Grma,Pangrču Grmu,45.8,15.1667,Jugovzhodna Slovenija,SI037
2627,Pangršica,Pangršice,Pangršici,46.2333,14.3667,Gorenjska,SI042
2628,Panovci,Panovciv,Panovcih,46.805,16.2172,Pomurska,SI031
2629,Papirnica,Papirnice,Papirnici,46.1672,14.303,Gorenjska,SI042
2630,Paradišče,Paradišča,Paradišču,45.9551,14.6562,Osrednjeslovenska,SI041
2632,Paričjak,Paričjaka,Paričjaku,46.6428,16.0453,Pomurska,SI031
2633,Paridol,Paridola,Paridolu,46.2176,15.396,Savinjska,SI034
2634,Parižlje,Parižlja,Parižlju,46.2884,15.0386,Savinjska,SI034
2635,Parje,Parja,Parju,45.6833,14.2,Primorsko-notranjska,SI038
2636,Parož,Paroža,Parožu,46.3381,15.2293,Savinjska,SI034
2637,Paški Kozjak,Paškiv Kozjaka,Paških Kozjaku,46.3625,15.1144,Savinjska,SI034
2638,Paunoviči,Paunovičiv,Paunovičih,45.5711,15.1889,Jugovzhodna Slovenija,SI037
2639,Pavičiči,Pavičičiv,Pavičičih,45.5711,15.1889,Jugovzhodna Slovenija,SI037
2640,Pavla Vas,Pavle Vasa,Pavli Vasu,46.0092,15.3041,Posavska,SI036
2641,Pavlica,Pavlice,Pavlici,45.5679,14.2527,Primorsko-notranjska,SI038
2642,Pavlova Vas,Pavlove Vasa,Pavlovi Vasu,45.9048,15.5922,Posavska,SI036
2643,Pavlovci,Pavlovciv,Pavlovcih,46.4086,16.1475,Podravska,SI032
2644,Pavlovski Vrh,Pavlovskiv Vrha,Pavlovskih Vrhu,46.4086,16.1475,Podravska,SI032
2645,Pece,Peca,Pecu,45.9551,14.6562,Osrednjeslovenska,SI041
2646,Pecelj,Pecelja,Pecelju,46.1573,15.5974,Savinjska,SI034
2648,Pečarovci,Pečarovciv,Pečarovcih,46.7039,16.1572,Pomurska,SI031
2649,Peče,Peča,Peču,46.1356,14.7439,Osrednjeslovenska,SI041
2650,Pečice,Pečica,Pečicu,45.9048,15.5922,Posavska,SI036
2651,Pečice,Pečica,Pečicu,46.0667,14.8167,Zasavska,SI035
2652,Pečine,Pečina,Pečinu,46.1857,13.7352,Goriška,SI043
2653,Pečje,Pečja,Pečju,46.0092,15.3041,Posavska,SI036
2654,Pečke,Pečka,Pečku,46.3174,15.6669,Podravska,SI032
2655,Pečki,Pečkiv,Pečkih,45.8363,14.6377,Osrednjeslovenska,SI041
2656,Pečnik,Pečnika,Pečniku,46.0025,14.0275,Goriška,SI043
2657,Pečovje,Pečovja,Pečovju,46.2219,15.3111,Savinjska,SI034
2658,Pečovnik,Pečovnika,Pečovniku,46.2358,15.2675,Savinjska,SI034
2659,Pedrovo,Pedrova,Pedrovu,45.9558,13.6433,Goriška,SI043
2662,Pekre,Pekra,Pekru,46.5575,15.6456,Podravska,SI032
2663,Penoje,Penoja,Penoju,46.3383,15.4233,Savinjska,SI034
2664,Pepelno,Pepelna,Pepelnu,46.2358,15.2675,Savinjska,SI034
2665,Peračica,Peračice,Peračici,46.3425,14.1721,Gorenjska,SI042
2666,Peraji,Perajiv,Perajih,45.55,13.7333,Obalno-kraška,SI044
2667,Perati,Perativ,Peratih,46.2464,13.578,Goriška,SI043
2668,Perišče,Perišča,Perišču,45.9048,15.5922,Posavska,SI036
2669,Pernica,Pernice,Pernici,46.6099,15.6714,Podravska,SI032
2670,Pernice,Pernica,Pernicu,46.6167,15.1667,Koroška,SI033
2671,Pernovo,Pernova,Pernovu,46.251,15.1639,Savinjska,SI034
2672,Perovec,Perovca,Perovcu,46.3383,15.4233,Savinjska,SI034
2673,Perovo,Perova,Perovu,45.74,14.7308,Jugovzhodna Slovenija,SI037
2674,Perovo,Perova,Perovu,46.5372,15.2733,Koroška,SI033
2675,Pertoča,Pertoče,Pertoči,46.8053,16.0344,Pomurska,SI031
2676,Perudina,Perudine,Perudini,45.5711,15.1889,Jugovzhodna Slovenija,SI037
2677,Pesje,Pesja,Pesju,45.95,15.4833,Posavska,SI036
2678,Peskovci,Peskovciv,Peskovcih,46.805,16.2172,Pomurska,SI031
2679,Pesnica Pri Mariboru,Pesnice Priv Mariborua,Pesnici Prih Mariboruu,46.6099,15.6714,Podravska,SI032
2680,Pesniški Dvor,Pesniškiv Dvora,Pesniških Dvoru,46.6099,15.6714,Podravska,SI032
2681,Pestike,Pestika,Pestiku,46.3917,16.0497,Podravska,SI032
2682,Peščeni Vrh,Peščeniv Vrha,Peščenih Vrhu,46.566,15.9429,Podravska,SI032
2683,Peščenik,Peščenika,Peščeniku,45.9374,14.8029,Osrednjeslovenska,SI041
2684,Petane,Petana,Petanu,45.8,15.1667,Jugovzhodna Slovenija,SI037
2685,Petanjci,Petanjciv,Petanjcih,46.6558,16.0933,Pomurska,SI031
2686,Petelinje,Petelinja,Petelinju,45.6833,14.2,Primorsko-notranjska,SI038
2687,Petelinjek,Petelinjeka,Petelinjeku,45.8,15.1667,Jugovzhodna Slovenija,SI037
2688,Petelinjek Pri Ločah,Petelinjeka Priv Ločaha,Petelinjeku Prih Ločahu,46.3383,15.4233,Savinjska,SI034
2689,Petišovci,Petišovciv,Petišovcih,46.5631,16.4519,Pomurska,SI031
2690,Petkovec,Petkovca,Petkovcu,45.9167,14.2297,Osrednjeslovenska,SI041
2691,Petrina,Petrine,Petrini,45.5088,14.91,Jugovzhodna Slovenija,SI037
2692,Petrinci,Petrinciv,Petrincih,45.7616,14.6363,Jugovzhodna Slovenija,SI037
2693,Petrova Vas,Petrove Vasa,Petrovi Vasu,45.5711,15.1889,Jugovzhodna Slovenija,SI037
2694,Petrovče,Petrovča,Petrovču,46.251,15.1639,Savinjska,SI034
2695,Petrovo Brdo,Petrova Brda,Petrovu Brdu,46.1857,13.7352,Goriška,SI043
2696,Petrušnja Vas,Petrušnje Vasa,Petrušnji Vasu,45.9374,14.8029,Osrednjeslovenska,SI041
2697,Pevno,Pevna,Pevnu,46.1672,14.303,Gorenjska,SI042
2698,Pijana Gora,Pijane Gore,Pijani Gori,45.95,15.4833,Posavska,SI036
2699,Pijava Gorica,Pijave Gorice,Pijavi Gorici,45.9836,14.5761,Osrednjeslovenska,SI041
2700,Pijavice,Pijavica,Pijavicu,46.0092,15.3041,Posavska,SI036
2701,Pikovnik,Pikovnika,Pikovniku,45.7964,14.3581,Primorsko-notranjska,SI038
2702,Pilštanj,Pilštanja,Pilštanju,46.074,15.559,Savinjska,SI034
2703,Pince,Pinca,Pincu,46.5631,16.4519,Pomurska,SI031
2704,Pince-Marof,Pinca-Marofa,Pincu-Marofu,46.5631,16.4519,Pomurska,SI031
2705,Pirče,Pirča,Pirču,45.5088,14.91,Jugovzhodna Slovenija,SI037
2706,Pirešica,Pirešice,Pirešici,46.3625,15.1144,Savinjska,SI034
2707,Pirmane,Pirmana,Pirmanu,45.7964,14.3581,Primorsko-notranjska,SI038
2708,Piršenbreg,Piršenbrega,Piršenbregu,45.9048,15.5922,Posavska,SI036
2709,Pirševo,Pirševa,Pirševu,46.2257,14.612,Osrednjeslovenska,SI041
2710,Pisari,Pisariv,Pisarih,45.55,13.7333,Obalno-kraška,SI044
2711,Pišece,Pišeca,Pišecu,45.9048,15.5922,Posavska,SI036
2712,Pivka,Pivke,Pivki,45.6833,14.2,Primorsko-notranjska,SI038
2713,Placar,Placara,Placaru,46.4923,15.8801,Podravska,SI032
2714,Placerovci,Placerovciv,Placerovcih,46.4122,16.0131,Podravska,SI032
2716,Planica,Planice,Planici,46.2333,14.3667,Gorenjska,SI042
2723,Planina Na Pohorju,Planine Ne Pohorjua,Planini Ni Pohorjuu,46.375,15.3854,Savinjska,SI034
2724,Planina Pod Golico,Planine Poda Golica,Planini Podu Golicu,46.4366,14.0602,Gorenjska,SI042
2725,Planina Pod Šumikom,Planine Poda Šumikoma,Planini Podu Šumikomu,46.3903,15.575,Podravska,SI032
2726,Planina Pri Cerknem,Planine Priv Cerknema,Planini Prih Cerknemu,46.1278,13.9875,Goriška,SI043
2727,Planina Pri Raki,Planine Priv Rakiv,Planini Prih Rakih,45.95,15.4833,Posavska,SI036
2728,Planina Pri Sevnici,Planine Priv Sevniciv,Planini Prih Sevnicih,46.2176,15.396,Savinjska,SI034
2729,Planina V Podbočju,Planine Va Podbočjua,Planini Vu Podbočjuu,45.95,15.4833,Posavska,SI036
2730,Planinca,Planince,Planinci,46.0207,14.4178,Osrednjeslovenska,SI041
2731,Planinca,Planince,Planinci,46.2176,15.396,Savinjska,SI034
2732,Planinska Vas,Planinske Vasa,Planinski Vasu,46.2176,15.396,Savinjska,SI034
2733,Planinska Vas,Planinske Vasa,Planinski Vasu,46.15,15.05,Zasavska,SI035
2734,Planinski Vrh,Planinskiv Vrha,Planinskih Vrhu,46.2176,15.396,Savinjska,SI034
2735,Planjsko,Planjska,Planjsku,46.35,15.7333,Podravska,SI032
2738,Plave,Plava,Plavu,46.088,13.6347,Goriška,SI043
2739,Plavje,Plavja,Plavju,45.55,13.7333,Obalno-kraška,SI044
2740,Plavški Rovt,Plavškiv Rovta,Plavških Rovtu,46.4366,14.0602,Gorenjska,SI042
2741,Plazovje,Plazovja,Plazovju,46.1563,15.2386,Savinjska,SI034
2742,Plemberk,Plemberka,Plemberku,45.8,15.1667,Jugovzhodna Slovenija,SI037
2744,Plesko,Pleska,Plesku,46.1479,15.1528,Savinjska,SI034
2747,Plešivec,Plešivca,Plešivcu,46.3625,15.1144,Savinjska,SI034
2748,Plešivica,Plešivice,Plešivici,46.0207,14.4178,Osrednjeslovenska,SI041
2749,Plešivica,Plešivice,Plešivici,46.5168,16.2027,Pomurska,SI031
2750,Plešivica,Plešivice,Plešivici,45.7034,13.8706,Obalno-kraška,SI044
2751,Plešivica,Plešivice,Plešivici,45.8339,14.9292,Jugovzhodna Slovenija,SI037
2752,Plešivica Pri Žalni,Plešivice Priv Žalniv,Plešivici Prih Žalnih,45.9551,14.6562,Osrednjeslovenska,SI041
2753,Pleterje,Pleterja,Pleterju,46.406,15.7983,Podravska,SI032
2754,Pleterje,Pleterja,Pleterju,45.95,15.4833,Posavska,SI036
2755,Pletovarje,Pletovarja,Pletovarju,46.2176,15.396,Savinjska,SI034
2756,Pliskovica,Pliskovice,Pliskovici,45.7034,13.8706,Obalno-kraška,SI044
2757,Plodršnica,Plodršnice,Plodršnici,46.6817,15.6481,Podravska,SI032
2758,Plosovo,Plosova,Plosovu,45.8363,14.6377,Osrednjeslovenska,SI041
2759,Pluska,Pluske,Pluski,45.9104,15.0086,Jugovzhodna Slovenija,SI037
2760,Plužna,Plužne,Plužni,46.3378,13.5522,Goriška,SI043
2761,Plužnje,Plužnja,Plužnju,46.1278,13.9875,Goriška,SI043
2763,Pobrež,Pobreža,Pobrežu,46.386,15.4458,Podravska,SI032
2764,Pobrežje,Pobrežja,Pobrežju,45.5711,15.1889,Jugovzhodna Slovenija,SI037
2765,Pobrežje,Pobrežja,Pobrežju,45.8484,14.6944,Osrednjeslovenska,SI041
2766,Počakovo,Počakova,Počakovu,46.0658,15.1728,Posavska,SI036
2767,Poče,Poča,Poču,46.1278,13.9875,Goriška,SI043
2768,Počehova,Počehove,Počehovi,46.5575,15.6456,Podravska,SI032
2769,Počenik,Počenika,Počeniku,46.6099,15.6714,Podravska,SI032
2770,Podbela,Podbele,Podbeli,46.2464,13.578,Goriška,SI043
2771,Podbeže,Podbeža,Podbežu,45.5679,14.2527,Primorsko-notranjska,SI038
2772,Podblica,Podblice,Podblici,46.2333,14.3667,Gorenjska,SI042
2773,Podboč,Podboča,Podboču,46.3135,15.5791,Podravska,SI032
2774,Podbočje,Podbočja,Podbočju,45.95,15.4833,Posavska,SI036
2775,Podboršt,Podboršta,Podborštu,45.9374,14.8029,Osrednjeslovenska,SI041
2776,Podboršt,Podboršta,Podborštu,46.0092,15.3041,Posavska,SI036
2777,Podboršt Pri Komendi,Podboršta Priv Komendiv,Podborštu Prih Komendih,46.2073,14.539,Osrednjeslovenska,SI041
2778,Podbrdo,Podbrda,Podbrdu,46.1857,13.7352,Goriška,SI043
2779,Podbreg,Podbrega,Podbregu,46.2257,14.612,Osrednjeslovenska,SI041
2780,Podbreg,Podbrega,Podbregu,45.8476,13.9624,Goriška,SI043
2781,Podbrezje,Podbrezja,Podbrezju,46.2749,14.3176,Gorenjska,SI042
2782,Podbreže,Podbreža,Podbrežu,45.7034,13.8706,Obalno-kraška,SI044
2783,Podbukovje,Podbukovja,Podbukovju,45.9374,14.8029,Osrednjeslovenska,SI041
2784,Podbukovje Pri Vačah,Podbukovja Priv Vačaha,Podbukovju Prih Vačahu,46.0667,14.8167,Zasavska,SI035
2785,Podčetrtek,Podčetrtka,Podčetrtku,46.1573,15.5974,Savinjska,SI034
2786,Poden,Podena,Podenu,45.5088,14.91,Jugovzhodna Slovenija,SI037
2787,Podgaj,Podgaja,Podgaju,46.2176,15.396,Savinjska,SI034
2788,Podgora,Podgore,Podgori,45.7864,15.0745,Jugovzhodna Slovenija,SI037
2789,Podgora Pri Zlatem Polju,Podgore Priv Zlatema Poljua,Podgori Prih Zlatemu Poljuu,46.1686,14.6892,Osrednjeslovenska,SI041
2790,Podgorci,Podgorciv,Podgorcih,46.4086,16.1475,Podravska,SI032
2791,Podgorica,Podgorice,Podgorici,46.0092,15.3041,Posavska,SI036
2792,Podgorica Pri Pečah,Podgorice Priv Pečaha,Podgorici Prih Pečahu,46.1356,14.7439,Osrednjeslovenska,SI041
2793,Podgorica Pri Podtaboru,Podgorice Priv Podtaborua,Podgorici Prih Podtaboruu,45.9551,14.6562,Osrednjeslovenska,SI041
2794,Podgorica Pri Šmarju,Podgorice Priv Šmarjua,Podgorici Prih Šmarjuu,45.9551,14.6562,Osrednjeslovenska,SI041
2795,Podgorje,Podgorja,Podgorju,46.2257,14.612,Osrednjeslovenska,SI041
2796,Podgorje,Podgorja,Podgorju,45.55,13.7333,Obalno-kraška,SI044
2797,Podgorje,Podgorja,Podgorju,46.5094,15.0792,Koroška,SI033
2798,Podgorje,Podgorja,Podgorju,46.3625,15.1144,Savinjska,SI034
2799,Podgorje Ob Sevnični,Podgorja Oba Sevničniv,Podgorju Obu Sevničnih,46.0092,15.3041,Posavska,SI036
2800,Podgorje Pod Čerinom,Podgorja Poda Čerinoma,Podgorju Podu Čerinomu,46.2933,15.3052,Savinjska,SI034
2801,Podgorje Pri Letušu,Podgorja Priv Letušua,Podgorju Prih Letušuu,46.2884,15.0386,Savinjska,SI034
2802,Podgorje Pri Pišecah,Podgorja Priv Pišecaha,Podgorju Prih Pišecahu,45.9048,15.5922,Posavska,SI036
2803,Podgozd,Podgozda,Podgozdu,45.9692,14.5394,Osrednjeslovenska,SI041
2804,Podgozd,Podgozda,Podgozdu,45.9558,13.6433,Goriška,SI043
2805,Podgozd,Podgozda,Podgozdu,45.8339,14.9292,Jugovzhodna Slovenija,SI037
2806,Podgračeno,Podgračena,Podgračenu,45.9048,15.5922,Posavska,SI036
2807,Podgrad,Podgrada,Podgradu,45.5679,14.2527,Primorsko-notranjska,SI038
2808,Podgrad,Podgrada,Podgradu,46.0514,14.5061,Osrednjeslovenska,SI041
2809,Podgrad,Podgrada,Podgradu,45.8,15.1667,Jugovzhodna Slovenija,SI037
2810,Podgrad,Podgrada,Podgradu,46.2176,15.396,Savinjska,SI034
2811,Podgrad Na Pohorju,Podgrada Ne Pohorjua,Podgradu Ni Pohorjuu,46.3903,15.575,Podravska,SI032
2812,Podgrad Pri Vremah,Podgrada Priv Vremaha,Podgradu Prih Vremahu,45.682,13.9702,Obalno-kraška,SI044
2813,Podgradje,Podgradja,Podgradju,46.5168,16.2027,Pomurska,SI031
2814,Podgraje,Podgraja,Podgraju,45.5679,14.2527,Primorsko-notranjska,SI038
2815,Podgrič,Podgriča,Podgriču,45.8476,13.9624,Goriška,SI043
2816,Podhojni Hrib,Podhojniv Hriba,Podhojnih Hribu,45.8363,14.6377,Osrednjeslovenska,SI041
2817,Podhosta,Podhoste,Podhosti,45.7545,15.0583,Jugovzhodna Slovenija,SI037
2818,Podhruška,Podhruške,Podhruški,46.2257,14.612,Osrednjeslovenska,SI041
2819,Podjelše,Podjelša,Podjelšu,46.2257,14.612,Osrednjeslovenska,SI041
2820,Podklanc,Podklanca,Podklancu,46.5903,15.0236,Koroška,SI033
2821,Podklanec,Podklanca,Podklancu,45.5711,15.1889,Jugovzhodna Slovenija,SI037
2822,Podklanec,Podklanca,Podklancu,45.7616,14.6363,Jugovzhodna Slovenija,SI037
2823,Podklanec,Podklanca,Podklancu,46.0469,14.1097,Gorenjska,SI042
2824,Podkočna,Podkočne,Podkočni,46.4366,14.0602,Gorenjska,SI042
2825,Podkogelj,Podkogelja,Podkogelju,45.8363,14.6377,Osrednjeslovenska,SI041
2826,Podkoren,Podkorena,Podkorenu,46.4854,13.7871,Gorenjska,SI042
2827,Podkraj,Podkraja,Podkraju,45.8861,13.9097,Goriška,SI043
2828,Podkraj,Podkraja,Podkraju,46.1479,15.1528,Savinjska,SI034
2829,Podkraj,Podkraja,Podkraju,45.9692,14.5394,Osrednjeslovenska,SI041
2830,Podkraj,Podkraja,Podkraju,45.8363,14.6377,Osrednjeslovenska,SI041
2831,Podkraj,Podkraja,Podkraju,46.251,15.1639,Savinjska,SI034
2832,Podkraj Pri Mežici,Podkraja Priv Mežiciv,Podkraju Prih Mežicih,46.5206,14.8536,Koroška,SI033
2833,Podkraj Pri Velenju,Podkraja Priv Velenjua,Podkraju Prih Velenjuu,46.3625,15.1144,Savinjska,SI034
2834,Podlanišče,Podlanišča,Podlanišču,46.1278,13.9875,Goriška,SI043
2835,Podlehnik,Podlehnika,Podlehniku,46.3361,15.8786,Podravska,SI032
2836,Podlesje,Podlesja,Podlesju,45.643,14.8594,Jugovzhodna Slovenija,SI037
2837,Podlešje,Podlešja,Podlešju,46.2176,15.396,Savinjska,SI034
2838,Podlipa,Podlipe,Podlipi,45.95,15.4833,Posavska,SI036
2839,Podlipa,Podlipe,Podlipi,45.9624,14.2937,Osrednjeslovenska,SI041
2840,Podlipa,Podlipe,Podlipi,45.8339,14.9292,Jugovzhodna Slovenija,SI037
2841,Podlipoglav,Podlipoglava,Podlipoglavu,46.0514,14.5061,Osrednjeslovenska,SI041
2842,Podlisec,Podlisca,Podliscu,45.9104,15.0086,Jugovzhodna Slovenija,SI037
2843,Podljubelj,Podljubelja,Podljubelju,46.3581,14.293,Gorenjska,SI042
2844,Podlog,Podloga,Podlogu,45.5711,15.1889,Jugovzhodna Slovenija,SI037
2845,Podlog,Podloga,Podlogu,45.8363,14.6377,Osrednjeslovenska,SI041
2846,Podlog Pod Bohorjem,Podloga Poda Bohorjema,Podlogu Podu Bohorjemu,46.2176,15.396,Savinjska,SI034
2847,Podlog V Savinjski Dolini,Podloga Va Savinjskiv Doliniv,Podlogu Vu Savinjskih Dolinih,46.251,15.1639,Savinjska,SI034
2848,Podlom,Podloma,Podlomu,46.2257,14.612,Osrednjeslovenska,SI041
2849,Podlonk,Podlonka,Podlonku,46.2182,14.1592,Gorenjska,SI042
2850,Podlože,Podloža,Podložu,46.35,15.7333,Podravska,SI032
2851,Podmelec,Podmelca,Podmelcu,46.1857,13.7352,Goriška,SI043
2852,Podmilj,Podmilja,Podmilju,46.1686,14.6892,Osrednjeslovenska,SI041
2853,Podmolnik,Podmolnika,Podmolniku,46.0514,14.5061,Osrednjeslovenska,SI041
2854,Podnanos,Podnanosa,Podnanosu,45.8476,13.9624,Goriška,SI043
2855,Podnart,Podnarta,Podnartu,46.3425,14.1721,Gorenjska,SI042
2856,Podob,Podoba,Podobu,46.3383,15.4233,Savinjska,SI034
2857,Podolnica,Podolnice,Podolnici,46.023,14.2981,Osrednjeslovenska,SI041
2858,Podolševa,Podolševe,Podolševi,46.4201,14.6918,Savinjska,SI034
2859,Podpeč,Podpeča,Podpeču,46.0207,14.4178,Osrednjeslovenska,SI041
2860,Podpeč,Podpeča,Podpeču,45.55,13.7333,Obalno-kraška,SI044
2861,Podpeč Nad Marofom,Podpeča Nada Marofoma,Podpeču Nadu Marofomu,46.2176,15.396,Savinjska,SI034
2862,Podpeč Ob Dravinji,Podpeča Oba Dravinjiv,Podpeču Obu Dravinjih,46.3383,15.4233,Savinjska,SI034
2863,Podpeč Pod Skalo,Podpeča Poda Skala,Podpeču Podu Skalu,46.0667,14.8167,Zasavska,SI035
2864,Podpeč Pri Šentvidu,Podpeča Priv Šentvidua,Podpeču Prih Šentviduu,46.2176,15.396,Savinjska,SI034
2865,Podplat,Podplata,Podplatu,46.2314,15.6381,Savinjska,SI034
2866,Podpleče,Podpleča,Podpleču,46.1278,13.9875,Goriška,SI043
2867,Podplešivica,Podplešivice,Podplešivici,46.0207,14.4178,Osrednjeslovenska,SI041
2868,Podporezen,Podporezena,Podporezenu,46.2182,14.1592,Gorenjska,SI042
2869,Podpulfrca,Podpulfrce,Podpulfrci,46.1672,14.303,Gorenjska,SI042
2870,Podraga,Podrage,Podragi,45.8476,13.9624,Goriška,SI043
2871,Podreber,Podrebera,Podreberu,45.6546,15.1783,Jugovzhodna Slovenija,SI037
2872,Podreča,Podreče,Podreči,46.2333,14.3667,Gorenjska,SI042
2873,Podrečje,Podrečja,Podrečju,46.1394,14.595,Osrednjeslovenska,SI041
2874,Podskrajnik,Podskrajnika,Podskrajniku,45.7964,14.3581,Primorsko-notranjska,SI038
2875,Podslivnica,Podslivnice,Podslivnici,45.7964,14.3581,Primorsko-notranjska,SI038
2876,Podsmrečje,Podsmrečja,Podsmrečju,46.1686,14.6892,Osrednjeslovenska,SI041
2877,Podsmreka Pri Velikih Laščah,Podsmreke Priv Velikiha Laščaha,Podsmreki Prih Velikihu Laščahu,45.8363,14.6377,Osrednjeslovenska,SI041
2878,Podsmreka Pri Višnji Gori,Podsmreke Priv Višnjiv Goriv,Podsmreki Prih Višnjih Gorih,45.9374,14.8029,Osrednjeslovenska,SI041
2879,Podsreda,Podsrede,Podsredi,46.074,15.559,Savinjska,SI034
2880,Podstene,Podstena,Podstenu,45.643,14.8594,Jugovzhodna Slovenija,SI037
2881,Podstene Pri Kostelu,Podstena Priv Kostelua,Podstenu Prih Kosteluu,45.5088,14.91,Jugovzhodna Slovenija,SI037
2882,Podstenice,Podstenica,Podstenicu,45.7545,15.0583,Jugovzhodna Slovenija,SI037
2883,Podstenje,Podstenja,Podstenju,45.5679,14.2527,Primorsko-notranjska,SI038
2884,Podstenjšek,Podstenjšeka,Podstenjšeku,45.5679,14.2527,Primorsko-notranjska,SI038
2885,Podstran,Podstrana,Podstranu,46.1356,14.7439,Osrednjeslovenska,SI041
2886,Podstrmec,Podstrmca,Podstrmcu,45.8363,14.6377,Osrednjeslovenska,SI041
2887,Podstudenec,Podstudenca,Podstudencu,46.2257,14.612,Osrednjeslovenska,SI041
2888,Podšentjur,Podšentjura,Podšentjuru,46.0667,14.8167,Zasavska,SI035
2889,Podtabor,Podtabora,Podtaboru,45.5679,14.2527,Primorsko-notranjska,SI038
2890,Podturn,Podturna,Podturnu,46.2314,15.6381,Savinjska,SI034
2891,Podturn Pri Dol. Toplicah,Podturna Priv Dol.a Toplicaha,Podturnu Prih Dol.u Toplicahu,45.7545,15.0583,Jugovzhodna Slovenija,SI037
2892,Podulaka,Podulake,Podulaki,45.8363,14.6377,Osrednjeslovenska,SI041
2893,Podulce,Podulca,Podulcu,45.95,15.4833,Posavska,SI036
2894,Podvelka,Podvelke,Podvelki,46.5864,15.3286,Koroška,SI033
2895,Podveža,Podveže,Podveži,46.3565,14.7436,Savinjska,SI034
2896,Podvin,Podvina,Podvinu,46.251,15.1639,Savinjska,SI034
2897,Podvin Pri Polzeli,Podvina Priv Polzeliv,Podvinu Prih Polzelih,46.2809,15.074,Savinjska,SI034
2898,Podvinci,Podvinciv,Podvincih,46.4194,15.8694,Podravska,SI032
2899,Podvine,Podvina,Podvinu,46.2176,15.396,Savinjska,SI034
2900,Podvinje,Podvinja,Podvinju,45.9048,15.5922,Posavska,SI036
2901,Podvolovljek,Podvolovljeka,Podvolovljeku,46.3565,14.7436,Savinjska,SI034
2902,Podvrh,Podvrha,Podvrhu,46.2884,15.0386,Savinjska,SI034
2903,Podvrh,Podvrha,Podvrhu,46.0092,15.3041,Posavska,SI036
2904,Podžaga,Podžage,Podžagi,45.8363,14.6377,Osrednjeslovenska,SI041
2906,Pogonik,Pogonika,Pogoniku,46.0667,14.8167,Zasavska,SI035
2907,Pohorje,Pohorja,Pohorju,46.3436,15.9941,Podravska,SI032
2908,Poklek Nad Blanco,Pokleka Nada Blanca,Pokleku Nadu Blancu,46.0092,15.3041,Posavska,SI036
2909,Poklek Pri Podsredi,Pokleka Priv Podsrediv,Pokleku Prih Podsredih,46.074,15.559,Savinjska,SI034
2910,Pokojišče,Pokojišča,Pokojišču,45.9624,14.2937,Osrednjeslovenska,SI041
2911,Pokojnica,Pokojnice,Pokojnici,45.9374,14.8029,Osrednjeslovenska,SI041
2912,Pokoše,Pokoša,Pokošu,46.3903,15.575,Podravska,SI032
2913,Polajna,Polajne,Polajni,46.375,15.3854,Savinjska,SI034
2914,Polana,Polane,Polani,46.1563,15.2386,Savinjska,SI034
2915,Polana,Polane,Polani,46.6667,16.1667,Pomurska,SI031
2916,Polenci,Polenciv,Polencih,46.4299,15.9488,Podravska,SI032
2917,Polene,Polena,Polenu,46.3383,15.4233,Savinjska,SI034
2918,Polenšak,Polenšaka,Polenšaku,46.4299,15.9488,Podravska,SI032
2919,Poletiči,Poletičiv,Poletičih,45.55,13.7333,Obalno-kraška,SI044
2920,Polhovica,Polhovice,Polhovici,45.8389,15.3361,Jugovzhodna Slovenija,SI037
2921,Polica,Police,Polici,45.9551,14.6562,Osrednjeslovenska,SI041
2922,Polica,Police,Polici,46.2749,14.3176,Gorenjska,SI042
2923,Police,Polica,Policu,46.1278,13.9875,Goriška,SI043
2924,Polička Vas,Poličke Vasa,Polički Vasu,46.6099,15.6714,Podravska,SI032
2925,Polički Vrh,Poličkiv Vrha,Poličkih Vrhu,46.6099,15.6714,Podravska,SI032
2926,Poljana,Poljane,Poljani,46.2257,14.612,Osrednjeslovenska,SI041
2927,Poljana,Poljane,Poljani,46.5438,14.9119,Koroška,SI033
2928,Poljane,Poljana,Poljanu,46.1278,13.9875,Goriška,SI043
2929,Poljane Nad Blagovico,Poljana Nada Blagovica,Poljanu Nadu Blagovicu,46.1686,14.6892,Osrednjeslovenska,SI041
2930,Poljane Pri Mirni Peči,Poljana Priv Mirniv Pečiv,Poljanu Prih Mirnih Pečih,45.858,15.0876,Jugovzhodna Slovenija,SI037
2931,Poljane Pri Stični,Poljana Priv Stičniv,Poljanu Prih Stičnih,45.9374,14.8029,Osrednjeslovenska,SI041
2932,Poljane Pri Štjaku,Poljana Priv Štjakua,Poljanu Prih Štjakuu,45.7034,13.8706,Obalno-kraška,SI044
2933,Poljane Pri Žužemberku,Poljana Priv Žužemberkua,Poljanu Prih Žužemberkuu,45.8339,14.9292,Jugovzhodna Slovenija,SI037
2934,Poljčane,Poljčan,Poljčanah,46.3135,15.5791,Podravska,SI032
2935,Poljče,Poljča,Poljču,46.2884,15.0386,Savinjska,SI034
2936,Poljče,Poljča,Poljču,46.3425,14.1721,Gorenjska,SI042
2938,Polje Ob Sotli,Polja Oba Sotliv,Polju Obu Sotlih,46.1573,15.5974,Savinjska,SI034
2939,Polje Pri Tržišču,Polja Priv Tržiščua,Polju Prih Tržiščuu,46.0092,15.3041,Posavska,SI036
2940,Polje Pri Višnji Gori,Polja Priv Višnjiv Goriv,Polju Prih Višnjih Gorih,45.9374,14.8029,Osrednjeslovenska,SI041
2941,Polje Pri Vodicah,Polja Priv Vodicaha,Polju Prih Vodicahu,46.1897,14.4944,Osrednjeslovenska,SI041
2942,Poljšica Pri Podnartu,Poljšice Priv Podnartua,Poljšici Prih Podnartuu,46.3425,14.1721,Gorenjska,SI042
2943,Poljubinj,Poljubinja,Poljubinju,46.1857,13.7352,Goriška,SI043
2944,Polom,Poloma,Polomu,45.643,14.8594,Jugovzhodna Slovenija,SI037
2945,Polšnik,Polšnika,Polšniku,46.0667,14.8167,Zasavska,SI035
2946,Polzela,Polzele,Polzeli,46.2809,15.074,Savinjska,SI034
2947,Polzelo,Polzela,Polzelu,45.8363,14.6377,Osrednjeslovenska,SI041
2948,Polže,Polža,Polžu,46.2933,15.3052,Savinjska,SI034
2949,Pomjan,Pomjana,Pomjanu,45.55,13.7333,Obalno-kraška,SI044
2950,Pondor,Pondora,Pondoru,46.2225,15.0081,Savinjska,SI034
2951,Pongrac,Pongraca,Pongracu,46.251,15.1639,Savinjska,SI034
2952,Pongrce,Pongrca,Pongrcu,46.406,15.7983,Podravska,SI032
2953,Ponikva,Ponikve,Ponikvi,46.2176,15.396,Savinjska,SI034
2954,Ponikva Pri Žalcu,Ponikve Priv Žalcua,Ponikvi Prih Žalcuu,46.251,15.1639,Savinjska,SI034
2955,Ponikve,Ponikva,Ponikvu,45.9048,15.5922,Posavska,SI036
2956,Ponikve,Ponikva,Ponikvu,45.7964,14.3581,Primorsko-notranjska,SI038
2957,Ponikve,Ponikva,Ponikvu,45.7034,13.8706,Obalno-kraška,SI044
2958,Ponikve,Ponikva,Ponikvu,46.1857,13.7352,Goriška,SI043
2959,Ponikve Pri Studencu,Ponikva Priv Studencua,Ponikvu Prih Studencuu,46.0092,15.3041,Posavska,SI036
2960,Ponkvica,Ponkvice,Ponkvici,46.2176,15.396,Savinjska,SI034
2961,Ponova Vas,Ponove Vasa,Ponovi Vasu,45.9551,14.6562,Osrednjeslovenska,SI041
2962,Ponoviče,Ponoviča,Ponoviču,46.0667,14.8167,Zasavska,SI035
2963,Popetre,Popetra,Popetru,45.55,13.7333,Obalno-kraška,SI044
2964,Popovci,Popovciv,Popovcih,45.8484,14.6944,Osrednjeslovenska,SI041
2965,Popovo,Popova,Popovu,46.3581,14.293,Gorenjska,SI042
2966,Poreber,Porebera,Poreberu,46.2257,14.612,Osrednjeslovenska,SI041
2967,Poreče,Poreča,Poreču,45.8476,13.9624,Goriška,SI043
2968,Porezen,Porezena,Porezenu,46.1857,13.7352,Goriška,SI043
2969,Posavec,Posavca,Posavcu,46.3425,14.1721,Gorenjska,SI042
2970,Poslovna Cona Žeje Pri Komendi,Poslovne Cone Žeja Priv Komendiv,Poslovni Coni Žeju Prih Komendih,46.2073,14.539,Osrednjeslovenska,SI041
2972,Postojna,Postojne,Postojni,45.7759,14.2137,Primorsko-notranjska,SI038
2973,Poštena Vas,Poštene Vasa,Pošteni Vasu,45.9048,15.5922,Posavska,SI036
2974,Potarje,Potarja,Potarju,46.3581,14.293,Gorenjska,SI042
2975,Potoče,Potoča,Potoču,45.8861,13.9097,Goriška,SI043
2976,Potoče,Potoča,Potoču,45.682,13.9702,Obalno-kraška,SI044
2977,Potoče,Potoča,Potoču,46.3052,14.4203,Gorenjska,SI042
2985,Potok Pri Dornberku,Potoka Priv Dornberkua,Potoku Prih Dornberkuu,45.9558,13.6433,Goriška,SI043
2986,Potok Pri Komendi,Potoka Priv Komendiv,Potoku Prih Komendih,46.2073,14.539,Osrednjeslovenska,SI041
2987,Potok Pri Muljavi,Potoka Priv Muljaviv,Potoku Prih Muljavih,45.9374,14.8029,Osrednjeslovenska,SI041
2988,Potok Pri Vačah,Potoka Priv Vačaha,Potoku Prih Vačahu,46.0667,14.8167,Zasavska,SI035
2989,Potok V Črni,Potoka Va Črniv,Potoku Vu Črnih,46.2257,14.612,Osrednjeslovenska,SI041
2990,Potoki,Potokiv,Potokih,46.4366,14.0602,Gorenjska,SI042
2991,Potoki,Potokiv,Potokih,46.2464,13.578,Goriška,SI043
2992,Potoki,Potokiv,Potokih,45.6546,15.1783,Jugovzhodna Slovenija,SI037
2993,Potov Vrh,Potova Vrha,Potovu Vrhu,45.8,15.1667,Jugovzhodna Slovenija,SI037
2994,Povčeno,Povčena,Povčenu,46.1563,15.2386,Savinjska,SI034
2995,Povir,Povira,Poviru,45.7034,13.8706,Obalno-kraška,SI044
2996,Povlje,Povlja,Povlju,46.2333,14.3667,Gorenjska,SI042
2997,Povodje,Povodja,Povodju,46.1897,14.4944,Osrednjeslovenska,SI041
2999,Pozirno,Pozirna,Pozirnu,46.1672,14.303,Gorenjska,SI042
3000,Poznanovci,Poznanovciv,Poznanovcih,46.7039,16.1572,Pomurska,SI031
3001,Poznikovo,Poznikova,Poznikovu,45.8363,14.6377,Osrednjeslovenska,SI041
3002,Požnica,Požnice,Požnici,46.1563,15.2386,Savinjska,SI034
3003,Prade,Prada,Pradu,45.55,13.7333,Obalno-kraška,SI044
3004,Pragersko,Pragerska,Pragersku,46.3903,15.575,Podravska,SI032
3005,Prapetno,Prapetna,Prapetnu,46.1857,13.7352,Goriška,SI043
3006,Prapetno Brdo,Prapetna Brda,Prapetnu Brdu,46.1857,13.7352,Goriška,SI043
3007,Prapreče,Prapreča,Prapreču,46.172,14.8217,Osrednjeslovenska,SI041
3008,Prapreče,Prapreča,Prapreču,45.8339,14.9292,Jugovzhodna Slovenija,SI037
3009,Prapreče – Del,Prapreča –a Dla,Prapreču –u Dlu,46.15,15.05,Zasavska,SI035
3010,Prapreče Pri Straži,Prapreča Priv Straživ,Prapreču Prih Stražih,45.7864,15.0745,Jugovzhodna Slovenija,SI037
3011,Prapreče Pri Šentjerneju,Prapreča Priv Šentjernejua,Prapreču Prih Šentjernejuu,45.8389,15.3361,Jugovzhodna Slovenija,SI037
3012,Prapretno,Prapretna,Prapretnu,46.0658,15.1728,Posavska,SI036
3013,Prapretno,Prapretna,Prapretnu,46.2176,15.396,Savinjska,SI034
3014,Prapretno Pri Hrastniku – Del,Prapretna Priv Hrastnikua –a Dla,Prapretnu Prih Hrastnikuu –u Dlu,46.1479,15.1528,Savinjska,SI034
3015,Praproče,Praproča,Praproču,45.55,13.7333,Obalno-kraška,SI044
3016,Praproče,Praproča,Praproču,45.74,14.7308,Jugovzhodna Slovenija,SI037
3017,Praproče,Praproča,Praproču,46.5372,15.2733,Koroška,SI033
3018,Praproče,Praproča,Praproču,45.6546,15.1783,Jugovzhodna Slovenija,SI037
3019,Praproče Pri Grosupljem,Praproča Priv Grosupljema,Praproču Prih Grosupljemu,45.9551,14.6562,Osrednjeslovenska,SI041
3020,Praproče Pri Temenici,Praproča Priv Temeniciv,Praproču Prih Temenicih,45.9374,14.8029,Osrednjeslovenska,SI041
3021,Praproče V Tuhinju,Praproča Va Tuhinjua,Praproču Vu Tuhinjuu,46.2257,14.612,Osrednjeslovenska,SI041
3022,Praproše,Praproša,Praprošu,46.3425,14.1721,Gorenjska,SI042
3023,Praprot,Praprota,Praprotu,45.6546,15.1783,Jugovzhodna Slovenija,SI037
3024,Praprotnica,Praprotnice,Praprotnici,45.9476,15.0664,Jugovzhodna Slovenija,SI037
3025,Praprotno,Praprotna,Praprotnu,46.1672,14.303,Gorenjska,SI042
3026,Praprotno Brdo,Praprotna Brda,Praprotnu Brdu,45.9167,14.2297,Osrednjeslovenska,SI041
3027,Praše,Praša,Prašu,46.2333,14.3667,Gorenjska,SI042
3029,Prebačevo,Prebačeva,Prebačevu,46.243,14.4181,Gorenjska,SI042
3030,Prebold,Prebolda,Preboldu,46.2369,15.0919,Savinjska,SI034
3031,Precetinci,Precetinciv,Precetincih,46.5168,16.2027,Pomurska,SI031
3032,Preclava,Preclave,Preclavi,46.4086,16.1475,Podravska,SI032
3033,Prečna,Prečne,Prečni,45.8,15.1667,Jugovzhodna Slovenija,SI037
3034,Predanovci,Predanovciv,Predanovcih,46.7039,16.1572,Pomurska,SI031
3035,Preddvor,Preddvora,Preddvoru,46.3052,14.4203,Gorenjska,SI042
3036,Predgrad,Predgrada,Predgradu,45.643,14.8594,Jugovzhodna Slovenija,SI037
3037,Predgriže,Predgriža,Predgrižu,46.0025,14.0275,Goriška,SI043
3038,Predjama,Predjame,Predjami,45.7759,14.2137,Primorsko-notranjska,SI038
3039,Predloka,Predloke,Predloki,45.55,13.7333,Obalno-kraška,SI044
3040,Predmeja,Predmeje,Predmeji,45.8861,13.9097,Goriška,SI043
3041,Predole,Predola,Predolu,45.9551,14.6562,Osrednjeslovenska,SI041
3042,Predoslje,Predoslja,Predoslju,46.2333,14.3667,Gorenjska,SI042
3043,Pregara,Pregare,Pregari,45.55,13.7333,Obalno-kraška,SI044
3044,Pregarje,Pregarja,Pregarju,45.5679,14.2527,Primorsko-notranjska,SI038
3045,Prekopa,Prekope,Prekopi,46.172,14.8217,Osrednjeslovenska,SI041
3046,Prekorje,Prekorja,Prekorju,46.2358,15.2675,Savinjska,SI034
3047,Prelasko,Prelaska,Prelasku,46.1573,15.5974,Savinjska,SI034
3048,Prelesje,Prelesja,Prelesju,45.5711,15.1889,Jugovzhodna Slovenija,SI037
3049,Prelesje,Prelesja,Prelesju,46.0667,14.8167,Zasavska,SI035
3050,Prelesje,Prelesja,Prelesju,45.9769,15.0897,Jugovzhodna Slovenija,SI037
3051,Prelog,Preloga,Prelogu,46.1394,14.595,Osrednjeslovenska,SI041
3052,Preloge,Preloga,Prelogu,45.6546,15.1783,Jugovzhodna Slovenija,SI037
3053,Preloge,Preloga,Prelogu,46.3903,15.575,Podravska,SI032
3054,Preloge Pri Konjicah,Preloga Priv Konjicaha,Prelogu Prih Konjicahu,46.3383,15.4233,Savinjska,SI034
3055,Preloka,Preloke,Preloki,45.5711,15.1889,Jugovzhodna Slovenija,SI037
3056,Prelože,Preloža,Preložu,45.5679,14.2527,Primorsko-notranjska,SI038
3057,Prelože Pri Lokvi,Preloža Priv Lokviv,Preložu Prih Lokvih,45.7034,13.8706,Obalno-kraška,SI044
3058,Prelska,Prelske,Prelski,46.3625,15.1144,Savinjska,SI034
3059,Prem,Prema,Premu,45.5679,14.2527,Primorsko-notranjska,SI038
3060,Premagovce,Premagovca,Premagovcu,45.95,15.4833,Posavska,SI036
3061,Premančan,Premančana,Premančanu,45.55,13.7333,Obalno-kraška,SI044
3062,Prepolje,Prepolja,Prepolju,46.4664,15.7675,Podravska,SI032
3063,Prepuž,Prepuža,Prepužu,46.3903,15.575,Podravska,SI032
3064,Prerad,Prerada,Preradu,46.4299,15.9488,Podravska,SI032
3065,Presečno,Presečna,Presečnu,46.1369,15.3945,Savinjska,SI034
3066,Preserje,Preserja,Preserju,46.2884,15.0386,Savinjska,SI034
3067,Preserje,Preserja,Preserju,46.0207,14.4178,Osrednjeslovenska,SI041
3068,Preserje,Preserja,Preserju,45.9558,13.6433,Goriška,SI043
3069,Preserje Pri Komnu,Preserja Priv Komnua,Preserju Prih Komnuu,45.8159,13.7507,Obalno-kraška,SI044
3070,Preserje Pri Lukovici,Preserja Priv Lukoviciv,Preserju Prih Lukovicih,46.1686,14.6892,Osrednjeslovenska,SI041
3071,Preserje Pri Radomljah,Preserja Priv Radomljaha,Preserju Prih Radomljahu,46.1394,14.595,Osrednjeslovenska,SI041
3072,Preserje Pri Zlatem Polju,Preserja Priv Zlatema Poljua,Preserju Prih Zlatemu Poljuu,46.1686,14.6892,Osrednjeslovenska,SI041
3073,Presika,Presike,Presiki,46.5168,16.2027,Pomurska,SI031
3074,Preska,Preske,Preski,46.0092,15.3041,Posavska,SI036
3075,Preska,Preske,Preski,45.7616,14.6363,Jugovzhodna Slovenija,SI037
3076,Preska Pri Dobrniču,Preske Priv Dobrničua,Preski Prih Dobrničuu,45.9104,15.0086,Jugovzhodna Slovenija,SI037
3077,Presladol,Presladola,Presladolu,45.95,15.4833,Posavska,SI036
3078,Prestranek,Prestraneka,Prestraneku,45.7759,14.2137,Primorsko-notranjska,SI038
3079,Preša,Preše,Preši,46.35,15.7333,Podravska,SI032
3080,Prešna Loka,Prešne Loke,Prešni Loki,46.0092,15.3041,Posavska,SI036
3081,Pretrež,Pretreža,Pretrežu,46.3903,15.575,Podravska,SI032
3082,Pretrž,Pretrža,Pretržu,46.1356,14.7439,Osrednjeslovenska,SI041
3083,Prevale,Prevala,Prevalu,46.0667,14.8167,Zasavska,SI035
3084,Prevalje,Prevalj,Prevaljah,46.1686,14.6892,Osrednjeslovenska,SI041
3085,Prevalje,Prevalj,Prevaljah,46.5438,14.9119,Koroška,SI033
3086,Prevalje Pod Krimom,Prevalja Poda Krimoma,Prevalju Podu Krimomu,46.0207,14.4178,Osrednjeslovenska,SI041
3087,Preveg,Prevega,Prevegu,46.0667,14.8167,Zasavska,SI035
3088,Prevoje,Prevoja,Prevoju,46.1686,14.6892,Osrednjeslovenska,SI041
3089,Prevoje Pri Šentvidu,Prevoja Priv Šentvidua,Prevoju Prih Šentviduu,46.1686,14.6892,Osrednjeslovenska,SI041
3090,Prevole,Prevola,Prevolu,45.8339,14.9292,Jugovzhodna Slovenija,SI037
3091,Prezid,Prezida,Prezidu,45.9624,14.2937,Osrednjeslovenska,SI041
3092,Prezrenje,Prezrenja,Prezrenju,46.3425,14.1721,Gorenjska,SI042
3093,Preža,Preže,Preži,45.643,14.8594,Jugovzhodna Slovenija,SI037
3094,Preženjske Njive,Preženjska Njiva,Preženjsku Njivu,46.0667,14.8167,Zasavska,SI035
3095,Prežganje,Prežganja,Prežganju,46.0514,14.5061,Osrednjeslovenska,SI041
3096,Prežigal,Prežigala,Prežigalu,46.3383,15.4233,Savinjska,SI034
3097,Prhajevo,Prhajeva,Prhajevu,45.8363,14.6377,Osrednjeslovenska,SI041
3098,Pribinci,Pribinciv,Pribincih,45.5711,15.1889,Jugovzhodna Slovenija,SI037
3099,Pribišje,Pribišja,Pribišju,45.6546,15.1783,Jugovzhodna Slovenija,SI037
3100,Prigorica,Prigorice,Prigorici,45.74,14.7308,Jugovzhodna Slovenija,SI037
3101,Prigorica,Prigorice,Prigorici,46.5372,15.2733,Koroška,SI033
3102,Prihodi,Prihodiv,Prihodih,46.4366,14.0602,Gorenjska,SI042
3103,Prihova,Prihove,Prihovi,46.3202,14.9531,Savinjska,SI034
3104,Prihova,Prihove,Prihovi,46.386,15.4458,Podravska,SI032
3105,Prikrnica,Prikrnice,Prikrnici,46.1356,14.7439,Osrednjeslovenska,SI041
3106,Prilesje,Prilesja,Prilesju,46.1686,14.6892,Osrednjeslovenska,SI041
3107,Prilesje,Prilesja,Prilesju,45.8363,14.6377,Osrednjeslovenska,SI041
3108,Prilesje Pri Plavah,Prilesja Priv Plavaha,Prilesju Prih Plavahu,46.088,13.6347,Goriška,SI043
3109,Prilipe,Prilipa,Prilipu,45.9048,15.5922,Posavska,SI036
3110,Primča Vas,Primče Vasa,Primči Vasu,45.9374,14.8029,Osrednjeslovenska,SI041
3112,Primož Pri Ljubnem,Primoža Priv Ljubnema,Primožu Prih Ljubnemu,46.3333,14.8333,Savinjska,SI034
3113,Primož Pri Šentjurju,Primoža Priv Šentjurjua,Primožu Prih Šentjurjuu,46.2176,15.396,Savinjska,SI034
3114,Primoži,Primoživ,Primožih,45.643,14.8594,Jugovzhodna Slovenija,SI037
3115,Primštal,Primštala,Primštalu,45.9104,15.0086,Jugovzhodna Slovenija,SI037
3116,Pristava,Pristave,Pristavi,45.9197,14.3572,Osrednjeslovenska,SI041
3117,Pristava,Pristave,Pristavi,46.3436,15.9941,Podravska,SI032
3118,Pristava,Pristave,Pristavi,46.5168,16.2027,Pomurska,SI031
3119,Pristava,Pristave,Pristavi,45.9558,13.6433,Goriška,SI043
3120,Pristava,Pristave,Pristavi,45.8,15.1667,Jugovzhodna Slovenija,SI037
3121,Pristava,Pristave,Pristavi,45.7034,13.8706,Obalno-kraška,SI044
3122,Pristava,Pristave,Pristavi,46.3581,14.293,Gorenjska,SI042
3123,Pristava,Pristave,Pristavi,46.2933,15.3052,Savinjska,SI034
3124,Pristava Nad Stično,Pristave Nada Stična,Pristavi Nadu Stičnu,45.9374,14.8029,Osrednjeslovenska,SI041
3125,Pristava Ob Krki,Pristave Oba Krkiv,Pristavi Obu Krkih,45.95,15.4833,Posavska,SI036
3126,Pristava Pod Rako,Pristave Poda Raka,Pristavi Podu Raku,45.95,15.4833,Posavska,SI036
3127,Pristava Pri Lesičnem,Pristave Priv Lesičnema,Pristavi Prih Lesičnemu,46.1573,15.5974,Savinjska,SI034
3128,Pristava Pri Leskovcu,Pristave Priv Leskovcua,Pristavi Prih Leskovcuu,45.95,15.4833,Posavska,SI036
3129,Pristava Pri Mestinju,Pristave Priv Mestinjua,Pristavi Prih Mestinjuu,46.1573,15.5974,Savinjska,SI034
3130,Pristava Pri Šentjerneju,Pristave Priv Šentjernejua,Pristavi Prih Šentjernejuu,45.8389,15.3361,Jugovzhodna Slovenija,SI037
3131,Pristava Pri Višnji Gori,Pristave Priv Višnjiv Goriv,Pristavi Prih Višnjih Gorih,45.9374,14.8029,Osrednjeslovenska,SI041
3132,Pristavica,Pristavice,Pristavici,46.2314,15.6381,Savinjska,SI034
3133,Pristavica,Pristavice,Pristavici,45.8389,15.3361,Jugovzhodna Slovenija,SI037
3134,Pristavica Pri Vel. Gabru,Pristavice Priv Vel.a Gabrua,Pristavici Prih Vel.u Gabruu,45.9104,15.0086,Jugovzhodna Slovenija,SI037
3135,Pristavlja Vas,Pristavlje Vasa,Pristavlji Vasu,45.9374,14.8029,Osrednjeslovenska,SI041
3136,Pristova,Pristove,Pristovi,46.3381,15.2293,Savinjska,SI034
3137,Prnek,Prneka,Prneku,46.2314,15.6381,Savinjska,SI034
3138,Prosečka Vas,Prosečke Vasa,Prosečki Vasu,46.7039,16.1572,Pomurska,SI031
3139,Proseniško,Proseniška,Prosenišku,46.2176,15.396,Savinjska,SI034
3140,Prožinska Vas,Prožinske Vasa,Prožinski Vasu,46.2219,15.3111,Savinjska,SI034
3141,Prtovč,Prtovča,Prtovču,46.2182,14.1592,Gorenjska,SI042
3142,Prušnja Vas,Prušnje Vasa,Prušnji Vasu,45.95,15.4833,Posavska,SI036
3143,Prvačina,Prvačine,Prvačini,45.9558,13.6433,Goriška,SI043
3144,Prvenci,Prvenciv,Prvencih,46.3956,15.9314,Podravska,SI032
3145,Prvine,Prvina,Prvinu,46.1686,14.6892,Osrednjeslovenska,SI041
3146,Pšajnovica,Pšajnovice,Pšajnovici,46.2257,14.612,Osrednjeslovenska,SI041
3147,Pšata,Pšate,Pšati,46.1394,14.595,Osrednjeslovenska,SI041
3148,Pševo,Pševa,Pševu,46.2333,14.3667,Gorenjska,SI042
3149,Ptuj,Ptuja,Ptuju,46.4194,15.8694,Podravska,SI032
3150,Ptujska Gora,Ptujske Gore,Ptujski Gori,46.35,15.7333,Podravska,SI032
3151,Puc,Puca,Pucu,45.5088,14.91,Jugovzhodna Slovenija,SI037
3152,Puconci,Puconcev,Puconcih,46.7039,16.1572,Pomurska,SI031
3153,Puče,Puča,Puču,45.55,13.7333,Obalno-kraška,SI044
3154,Pugled,Pugleda,Pugledu,45.6546,15.1783,Jugovzhodna Slovenija,SI037
3155,Pugled Pri Karlovici,Pugleda Priv Karloviciv,Pugledu Prih Karlovicih,45.74,14.7308,Jugovzhodna Slovenija,SI037
3156,Pugled Pri Karlovici,Pugleda Priv Karloviciv,Pugledu Prih Karlovicih,46.5372,15.2733,Koroška,SI033
3157,Pugled Pri Starem Logu,Pugleda Priv Starema Logua,Pugledu Prih Staremu Loguu,45.643,14.8594,Jugovzhodna Slovenija,SI037
3158,Pungert,Pungerta,Pungertu,45.9374,14.8029,Osrednjeslovenska,SI041
3159,Pungert,Pungerta,Pungertu,46.1672,14.303,Gorenjska,SI042
3160,Purga,Purge,Purgi,45.5711,15.1889,Jugovzhodna Slovenija,SI037
3161,Purkače,Purkača,Purkaču,45.8363,14.6377,Osrednjeslovenska,SI041
3162,Pusti Gradec,Pustiv Gradca,Pustih Gradcu,45.5711,15.1889,Jugovzhodna Slovenija,SI037
3163,Pusti Hrib,Pustiv Hriba,Pustih Hribu,45.74,14.7308,Jugovzhodna Slovenija,SI037
3164,Pusti Hrib,Pustiv Hriba,Pustih Hribu,46.5372,15.2733,Koroška,SI033
3165,Pusti Javor,Pustiv Javora,Pustih Javoru,45.9374,14.8029,Osrednjeslovenska,SI041
3166,Pusto Polje,Pusta Polja,Pustu Polju,46.3202,14.9531,Savinjska,SI034
3169,Pušenci,Pušenciv,Pušencih,46.4086,16.1475,Podravska,SI032
3170,Puštal,Puštala,Puštalu,46.1672,14.303,Gorenjska,SI042
3171,Puževci,Puževciv,Puževcih,46.7039,16.1572,Pomurska,SI031
3172,Rača,Rače,Rači,46.1394,14.595,Osrednjeslovenska,SI041
3173,Račeva,Račeve,Račevi,46.0469,14.1097,Gorenjska,SI042
3174,Račica,Račice,Račici,46.0092,15.3041,Posavska,SI036
3175,Račice,Račica,Račicu,45.5679,14.2527,Primorsko-notranjska,SI038
3176,Račja Vas,Račje Vasa,Račji Vasu,45.9048,15.5922,Posavska,SI036
3177,Račje Selo,Račja Sela,Račju Selu,45.9104,15.0086,Jugovzhodna Slovenija,SI037
3178,Rački Vrh,Račkiv Vrha,Račkih Vrhu,46.6428,16.0453,Pomurska,SI031
3179,Račni Vrh,Račniv Vrha,Račnih Vrhu,46.1394,14.595,Osrednjeslovenska,SI041
3180,Radana Vas,Radane Vasa,Radani Vasu,46.375,15.3854,Savinjska,SI034
3181,Radanja Vas,Radanje Vasa,Radanji Vasu,45.9374,14.8029,Osrednjeslovenska,SI041
3182,Radeče,Radeč,Radečah,46.0658,15.1728,Posavska,SI036
3183,Radegunda,Radegunde,Radegundi,46.3381,14.9572,Savinjska,SI034
3184,Radenci,Radencev,Radencih,46.6428,16.0453,Pomurska,SI031
3185,Radenski Vrh,Radenskiv Vrha,Radenskih Vrhu,46.6428,16.0453,Pomurska,SI031
3186,Radež,Radeža,Radežu,46.0092,15.3041,Posavska,SI036
3187,Radgonica,Radgonice,Radgonici,46.0667,14.8167,Zasavska,SI035
3188,Radkovec,Radkovca,Radkovcu,46.3903,15.575,Podravska,SI032
3189,Radmirje,Radmirja,Radmirju,46.3333,14.8333,Savinjska,SI034
3190,Radmožanci,Radmožanciv,Radmožancih,46.5631,16.4519,Pomurska,SI031
3191,Radna,Radne,Radni,46.0092,15.3041,Posavska,SI036
3192,Radoblje,Radoblja,Radoblju,46.1563,15.2386,Savinjska,SI034
3193,Radohova Vas,Radohove Vasa,Radohovi Vasu,45.9374,14.8029,Osrednjeslovenska,SI041
3194,Radomerje,Radomerja,Radomerju,46.5168,16.2027,Pomurska,SI031
3195,Radomerščak,Radomerščaka,Radomerščaku,46.5168,16.2027,Pomurska,SI031
3196,Radomlje,Radomlja,Radomlju,46.1394,14.595,Osrednjeslovenska,SI041
3197,Radoslavci,Radoslavciv,Radoslavcih,46.5168,16.2027,Pomurska,SI031
3198,Radovci,Radovciv,Radovcih,46.7977,16.0984,Pomurska,SI031
3199,Radovlja,Radovlje,Radovlji,45.8622,15.2214,Jugovzhodna Slovenija,SI037
3200,Radovljica,Radovljice,Radovljici,46.3425,14.1721,Gorenjska,SI042
3201,Raduha,Raduhe,Raduhi,46.3565,14.7436,Savinjska,SI034
3202,Raduše,Raduša,Radušu,46.5094,15.0792,Koroška,SI033
3203,Rafolče,Rafolča,Rafolču,46.1686,14.6892,Osrednjeslovenska,SI041
3204,Rajec,Rajca,Rajcu,45.9048,15.5922,Posavska,SI036
3205,Rajhenav,Rajhenava,Rajhenavu,45.643,14.8594,Jugovzhodna Slovenija,SI037
3206,Rajndol,Rajndola,Rajndolu,45.643,14.8594,Jugovzhodna Slovenija,SI037
3207,Rajnkovec,Rajnkovca,Rajnkovcu,46.2314,15.6381,Savinjska,SI034
3208,Rajnovšče,Rajnovšča,Rajnovšču,45.8,15.1667,Jugovzhodna Slovenija,SI037
3209,Rajšele,Rajšela,Rajšelu,45.5088,14.91,Jugovzhodna Slovenija,SI037
3212,Rakek,Rakeka,Rakeku,45.7964,14.3581,Primorsko-notranjska,SI038
3213,Rakičan,Rakičana,Rakičanu,46.6667,16.1667,Pomurska,SI031
3214,Rakitna,Rakitne,Rakitni,46.0207,14.4178,Osrednjeslovenska,SI041
3215,Rakitnica,Rakitnice,Rakitnici,45.74,14.7308,Jugovzhodna Slovenija,SI037
3216,Rakitnica,Rakitnice,Rakitnici,46.5372,15.2733,Koroška,SI033
3217,Rakitnik,Rakitnika,Rakitniku,45.7759,14.2137,Primorsko-notranjska,SI038
3218,Rakitovec,Rakitovca,Rakitovcu,45.55,13.7333,Obalno-kraška,SI044
3219,Rakitovec,Rakitovca,Rakitovcu,46.2176,15.396,Savinjska,SI034
3220,Rakov Škocjan,Rakova Škocjana,Rakovu Škocjanu,45.7964,14.3581,Primorsko-notranjska,SI038
3221,Rakova Steza,Rakove Steze,Rakovi Stezi,46.2933,15.3052,Savinjska,SI034
3222,Rakovec,Rakovca,Rakovcu,45.9048,15.5922,Posavska,SI036
3223,Rakovica,Rakovice,Rakovici,46.2333,14.3667,Gorenjska,SI042
3224,Rakovlje,Rakovlja,Rakovlju,46.2884,15.0386,Savinjska,SI034
3225,Rakovnik,Rakovnika,Rakovniku,46.1382,14.4147,Osrednjeslovenska,SI041
3226,Rakovnik,Rakovnika,Rakovniku,45.8389,15.3361,Jugovzhodna Slovenija,SI037
3227,Rakovnik Pri Birčni Vasi,Rakovnika Priv Birčniv Vasiv,Rakovniku Prih Birčnih Vasih,45.8,15.1667,Jugovzhodna Slovenija,SI037
3228,Rakovnik Pri Šentrupertu,Rakovnika Priv Šentrupertua,Rakovniku Prih Šentrupertuu,45.9769,15.0897,Jugovzhodna Slovenija,SI037
3229,Rakulik,Rakulika,Rakuliku,45.7759,14.2137,Primorsko-notranjska,SI038
3230,Ranca,Rance,Ranci,46.6099,15.6714,Podravska,SI032
3231,Rankovci,Rankovciv,Rankovcih,46.6558,16.0933,Pomurska,SI031
3232,Raskovec,Raskovca,Raskovcu,46.386,15.4458,Podravska,SI032
3233,Raša,Raše,Raši,45.7034,13.8706,Obalno-kraška,SI044
3234,Rašica,Rašice,Rašici,46.0514,14.5061,Osrednjeslovenska,SI041
3235,Rašica,Rašice,Rašici,45.8363,14.6377,Osrednjeslovenska,SI041
3236,Ratanska Vas,Ratanske Vasa,Ratanski Vasu,46.2314,15.6381,Savinjska,SI034
3237,Rateče,Rateča,Rateču,46.4854,13.7871,Gorenjska,SI042
3238,Ratečevo Brdo,Ratečeva Brda,Ratečevu Brdu,45.5679,14.2527,Primorsko-notranjska,SI038
3239,Ratež,Rateža,Ratežu,45.8,15.1667,Jugovzhodna Slovenija,SI037
3240,Ratje,Ratja,Ratju,45.8339,14.9292,Jugovzhodna Slovenija,SI037
3248,Ravne Nad Šentrupertom,Ravna Nada Šentrupertoma,Ravnu Nadu Šentrupertomu,45.9769,15.0897,Jugovzhodna Slovenija,SI037
3249,Ravne Pri Cerknem,Ravna Priv Cerknema,Ravnu Prih Cerknemu,46.1278,13.9875,Goriška,SI043
3250,Ravne Pri Šmartnem,Ravna Priv Šmartnema,Ravnu Prih Šmartnemu,46.2257,14.612,Osrednjeslovenska,SI041
3251,Ravne Pri Zdolah,Ravna Priv Zdolaha,Ravnu Prih Zdolahu,45.95,15.4833,Posavska,SI036
3252,Ravne Pri Žireh,Ravna Priv Žireha,Ravnu Prih Žirehu,46.0469,14.1097,Gorenjska,SI042
3254,Ravni Dol,Ravniv Dola,Ravnih Dolu,45.9374,14.8029,Osrednjeslovenska,SI041
3255,Ravni Dol,Ravniv Dola,Ravnih Dolu,45.7616,14.6363,Jugovzhodna Slovenija,SI037
3256,Ravnica,Ravnice,Ravnici,45.9558,13.6433,Goriška,SI043
3257,Ravnica,Ravnice,Ravnici,46.3425,14.1721,Gorenjska,SI042
3258,Ravnik,Ravnika,Ravniku,45.9769,15.0897,Jugovzhodna Slovenija,SI037
3259,Ravnik Pri Hotedršici,Ravnika Priv Hotedršiciv,Ravniku Prih Hotedršicih,45.9167,14.2297,Osrednjeslovenska,SI041
3260,Ravnje,Ravnja,Ravnju,45.7034,13.8706,Obalno-kraška,SI044
3263,Ravno Brdo,Ravna Brda,Ravnu Brdu,46.0514,14.5061,Osrednjeslovenska,SI041
3264,Razbor,Razbora,Razboru,46.0092,15.3041,Posavska,SI036
3265,Razbor,Razbora,Razboru,46.2176,15.396,Savinjska,SI034
3266,Razborca,Razborce,Razborci,46.4431,15.1931,Koroška,SI033
3267,Razbore,Razbora,Razboru,45.9104,15.0086,Jugovzhodna Slovenija,SI037
3268,Razdelj,Razdelja,Razdelju,46.2933,15.3052,Savinjska,SI034
3271,Razgor,Razgora,Razgoru,46.2933,15.3052,Savinjska,SI034
3272,Razgor Pri Žabljeku,Razgora Priv Žabljekua,Razgoru Prih Žabljekuu,46.3903,15.575,Podravska,SI032
3273,Razgorce,Razgorca,Razgorcu,46.2933,15.3052,Savinjska,SI034
3274,Razguri,Razguriv,Razgurih,45.7034,13.8706,Obalno-kraška,SI044
3275,Razkrižje,Razkrižja,Razkrižju,46.5182,16.2882,Pomurska,SI031
3276,Razpotje,Razpotja,Razpotju,46.0025,14.0275,Goriška,SI043
3277,Raztez,Razteza,Raztezu,45.95,15.4833,Posavska,SI036
3278,Razvanje,Razvanja,Razvanju,46.5575,15.6456,Podravska,SI032
3279,Rdeči Breg – Del,Rdečiv Brega –a Dla,Rdečih Bregu –u Dlu,46.5864,15.3286,Koroška,SI033
3280,Rdeči Kal,Rdečiv Kala,Rdečih Kalu,45.9374,14.8029,Osrednjeslovenska,SI041
3281,Rdeči Kal,Rdečiv Kala,Rdečih Kalu,45.9104,15.0086,Jugovzhodna Slovenija,SI037
3282,Reber,Rebera,Reberu,45.8339,14.9292,Jugovzhodna Slovenija,SI037
3283,Reber Pri Škofljici,Rebera Priv Škofljiciv,Reberu Prih Škofljicih,45.9836,14.5761,Osrednjeslovenska,SI041
3284,Rečica,Rečice,Rečici,45.5679,14.2527,Primorsko-notranjska,SI038
3285,Rejcov Grič,Rejcova Griča,Rejcovu Griču,46.0025,14.0275,Goriška,SI043
3286,Reka,Reke,Reki,46.1278,13.9875,Goriška,SI043
3287,Reka,Reke,Reki,46.1563,15.2386,Savinjska,SI034
3288,Renke,Renka,Renku,46.0667,14.8167,Zasavska,SI035
3289,Renkovci,Renkovciv,Renkovcih,46.6194,16.3223,Pomurska,SI031
3291,Reparje,Reparja,Reparju,45.7964,14.3581,Primorsko-notranjska,SI038
3292,Repče,Repča,Repču,46.0514,14.5061,Osrednjeslovenska,SI041
3293,Repče,Repča,Repču,45.9104,15.0086,Jugovzhodna Slovenija,SI037
3294,Repišče,Repišča,Repišču,45.8484,14.6944,Osrednjeslovenska,SI041
3295,Replje,Replja,Replju,45.9104,15.0086,Jugovzhodna Slovenija,SI037
3296,Repnje,Repnja,Repnju,46.1897,14.4944,Osrednjeslovenska,SI041
3297,Repno,Repna,Repnu,46.2176,15.396,Savinjska,SI034
3298,Repuš,Repuša,Repušu,46.1369,15.3945,Savinjska,SI034
3299,Resnik,Resnika,Resniku,46.375,15.3854,Savinjska,SI034
3300,Reštanj,Reštanja,Reštanju,45.95,15.4833,Posavska,SI036
3301,Reteče,Reteča,Reteču,46.1672,14.303,Gorenjska,SI042
3302,Retje Nad Trbovljami,Retja Nada Trbovljamiv,Retju Nadu Trbovljamih,46.15,15.05,Zasavska,SI035
3303,Retnje,Retnja,Retnju,46.3581,14.293,Gorenjska,SI042
3304,Reva,Reve,Revi,45.9104,15.0086,Jugovzhodna Slovenija,SI037
3305,Ribče,Ribča,Ribču,46.0667,14.8167,Zasavska,SI035
3306,Ribnica,Ribnice,Ribnici,45.9048,15.5922,Posavska,SI036
3307,Ribnica,Ribnice,Ribnici,45.6833,14.2,Primorsko-notranjska,SI038
3308,Ribnica,Ribnice,Ribnici,45.74,14.7308,Jugovzhodna Slovenija,SI037
3309,Ribnica,Ribnice,Ribnici,46.5372,15.2733,Koroška,SI033
3310,Ribniško Selo,Ribniška Sela,Ribnišku Selu,46.5575,15.6456,Podravska,SI032
3311,Ribno,Ribna,Ribnu,46.3688,14.114,Gorenjska,SI042
3312,Rifengozd,Rifengozda,Rifengozdu,46.1563,15.2386,Savinjska,SI034
3313,Rifnik,Rifnika,Rifniku,46.2176,15.396,Savinjska,SI034
3314,Rigelj Pri Ortneku,Rigelja Priv Ortnekua,Rigelju Prih Ortnekuu,45.74,14.7308,Jugovzhodna Slovenija,SI037
3315,Rigelj Pri Ortneku,Rigelja Priv Ortnekua,Rigelju Prih Ortnekuu,46.5372,15.2733,Koroška,SI033
3316,Rigonce,Rigonca,Rigoncu,45.9048,15.5922,Posavska,SI036
3317,Rihpovec,Rihpovca,Rihpovcu,45.9104,15.0086,Jugovzhodna Slovenija,SI037
3318,Rihtarovci,Rihtarovciv,Rihtarovcih,46.6428,16.0453,Pomurska,SI031
3320,Rimske Toplice,Rimska Toplica,Rimsku Toplicu,46.1563,15.2386,Savinjska,SI034
3321,Rinčetova Graba,Rinčetove Grabe,Rinčetovi Grabi,46.5168,16.2027,Pomurska,SI031
3322,Ritmerk,Ritmerka,Ritmerku,46.4086,16.1475,Podravska,SI032
3323,Ritoznoj,Ritoznoja,Ritoznoju,46.3903,15.575,Podravska,SI032
3324,Rižana,Rižane,Rižani,45.55,13.7333,Obalno-kraška,SI044
3325,Rjavče,Rjavča,Rjavču,45.5679,14.2527,Primorsko-notranjska,SI038
3326,Rjavica,Rjavice,Rjavici,46.2314,15.6381,Savinjska,SI034
3328,Robanov Kot,Robanova Kota,Robanovu Kotu,46.4201,14.6918,Savinjska,SI034
3329,Robič,Robiča,Robiču,46.2464,13.578,Goriška,SI043
3330,Robidišče,Robidišča,Robidišču,46.2464,13.578,Goriška,SI043
3331,Robidni Breg,Robidniv Brega,Robidnih Bregu,46.088,13.6347,Goriška,SI043
3332,Roče,Roča,Roču,46.1857,13.7352,Goriška,SI043
3333,Ročevnica,Ročevnice,Ročevnici,46.3581,14.293,Gorenjska,SI042
3334,Ročica,Ročice,Ročici,46.6099,15.6714,Podravska,SI032
3335,Ročinj,Ročinja,Ročinju,46.088,13.6347,Goriška,SI043
3336,Rodica,Rodice,Rodici,46.1394,14.595,Osrednjeslovenska,SI041
3337,Rodine,Rodina,Rodinu,45.5711,15.1889,Jugovzhodna Slovenija,SI037
3338,Rodine Pri Trebnjem,Rodina Priv Trebnjema,Rodinu Prih Trebnjemu,45.9104,15.0086,Jugovzhodna Slovenija,SI037
3339,Rodni Vrh,Rodniv Vrha,Rodnih Vrhu,46.3361,15.8786,Podravska,SI032
3340,Rogačice,Rogačica,Rogačicu,46.0092,15.3041,Posavska,SI036
3341,Rogaška Slatina,Rogaške Slatine,Rogaški Slatini,46.2314,15.6381,Savinjska,SI034
3342,Rogašovci,Rogašovcev,Rogašovcih,46.8053,16.0344,Pomurska,SI031
3343,Rogatec Nad Želimljami,Rogatca Nada Želimljamiv,Rogatcu Nadu Želimljamih,45.9692,14.5394,Osrednjeslovenska,SI041
3344,Rogati Hrib,Rogativ Hriba,Rogatih Hribu,45.643,14.8594,Jugovzhodna Slovenija,SI037
3345,Roginska Gorca,Roginske Gorce,Roginski Gorci,46.1573,15.5974,Savinjska,SI034
3346,Rogla,Rogle,Rogli,46.375,15.3854,Savinjska,SI034
3347,Roje,Roja,Roju,45.8389,15.3361,Jugovzhodna Slovenija,SI037
3348,Roje Pri Čatežu,Roja Priv Čatežua,Roju Prih Čatežuu,45.9104,15.0086,Jugovzhodna Slovenija,SI037
3349,Ropoča,Ropoče,Ropoči,46.8053,16.0344,Pomurska,SI031
3350,Rošnja,Rošnje,Rošnji,46.4664,15.7675,Podravska,SI032
3351,Rošpoh – Del,Rošpoha –a Dla,Rošpohu –u Dlu,46.5575,15.6456,Podravska,SI032
3352,Rotman,Rotmana,Rotmanu,46.4853,15.971,Podravska,SI032
3353,Rova,Rove,Rovi,46.1394,14.595,Osrednjeslovenska,SI041
3354,Rove,Rova,Rovu,46.2933,15.3052,Savinjska,SI034
3355,Rovišče Pri Studencu,Rovišča Priv Studencua,Rovišču Prih Studencuu,46.0092,15.3041,Posavska,SI036
3356,Rovt Pod Menino,Rovta Poda Menina,Rovtu Podu Meninu,46.3202,14.9531,Savinjska,SI034
3357,Rovtarske Žibrše,Rovtarska Žibrša,Rovtarsku Žibršu,45.9167,14.2297,Osrednjeslovenska,SI041
3358,Rovte,Rovta,Rovtu,45.9167,14.2297,Osrednjeslovenska,SI041
3359,Rovte,Rovta,Rovtu,46.3425,14.1721,Gorenjska,SI042
3360,Rovte V Selški Dolini,Rovta Va Selškiv Doliniv,Rovtu Vu Selških Dolinih,46.1672,14.303,Gorenjska,SI042
3361,Rožanec,Rožanca,Rožancu,45.5711,15.1889,Jugovzhodna Slovenija,SI037
3362,Rožar,Rožara,Rožaru,45.55,13.7333,Obalno-kraška,SI044
3363,Roženberk,Roženberka,Roženberku,45.9769,15.0897,Jugovzhodna Slovenija,SI037
3364,Rožengrunt,Rožengrunta,Rožengruntu,46.6497,15.8453,Podravska,SI032
3365,Roženpelj,Roženpelja,Roženpelju,45.9104,15.0086,Jugovzhodna Slovenija,SI037
3366,Rožič Vrh,Rožiča Vrha,Rožiču Vrhu,45.5711,15.1889,Jugovzhodna Slovenija,SI037
3367,Rožično,Rožična,Rožičnu,46.2257,14.612,Osrednjeslovenska,SI041
3368,Rožna Dolina,Rožne Doline,Rožni Dolini,45.9558,13.6433,Goriška,SI043
3369,Rožni Dol,Rožniv Dola,Rožnih Dolu,45.6546,15.1783,Jugovzhodna Slovenija,SI037
3370,Rožni Vrh,Rožniv Vrha,Rožnih Vrhu,46.2358,15.2675,Savinjska,SI034
3371,Rožni Vrh,Rožniv Vrha,Rožnih Vrhu,45.9104,15.0086,Jugovzhodna Slovenija,SI037
3372,Rožnik,Rožnika,Rožniku,45.9551,14.6562,Osrednjeslovenska,SI041
3373,Rožno,Rožna,Rožnu,45.95,15.4833,Posavska,SI036
3374,Rubije,Rubija,Rubiju,45.8159,13.7507,Obalno-kraška,SI044
3375,Ručetna Vas,Ručetne Vasa,Ručetni Vasu,45.5711,15.1889,Jugovzhodna Slovenija,SI037
3376,Rudna Vas,Rudne Vasa,Rudni Vasu,46.0658,15.1728,Posavska,SI036
3377,Rudnica,Rudnice,Rudnici,46.1573,15.5974,Savinjska,SI034
3378,Rudnik Pri Moravčah,Rudnika Priv Moravčaha,Rudniku Prih Moravčahu,46.1356,14.7439,Osrednjeslovenska,SI041
3379,Rudnik Pri Radomljah,Rudnika Priv Radomljaha,Rudniku Prih Radomljahu,46.2257,14.612,Osrednjeslovenska,SI041
3380,Rudno,Rudna,Rudnu,46.2182,14.1592,Gorenjska,SI042
3381,Rudolfovo,Rudolfova,Rudolfovu,45.7964,14.3581,Primorsko-notranjska,SI038
3382,Ruhna Vas,Ruhne Vasa,Ruhni Vasu,45.9069,15.2914,Jugovzhodna Slovenija,SI037
3383,Rumanja Vas,Rumanje Vasa,Rumanji Vasu,45.7864,15.0745,Jugovzhodna Slovenija,SI037
3384,Runeč,Runeča,Runeču,46.4086,16.1475,Podravska,SI032
3385,Runtole,Runtola,Runtolu,46.2358,15.2675,Savinjska,SI034
3386,Rupe,Rupa,Rupu,46.2358,15.2675,Savinjska,SI034
3387,Rupe,Rupa,Rupu,45.8363,14.6377,Osrednjeslovenska,SI041
3388,Ruperče,Ruperča,Ruperču,46.5575,15.6456,Podravska,SI032
3389,Ruše,Ruš,Rušah,46.5386,15.5154,Podravska,SI032
3390,Ruše,Ruš,Rušah,46.251,15.1639,Savinjska,SI034
3391,Rut,Ruta,Rutu,46.1857,13.7352,Goriška,SI043
3392,Ržišče,Ržišča,Ržišču,46.0667,14.8167,Zasavska,SI035
3393,Sabonje,Sabonja,Sabonju,45.5679,14.2527,Primorsko-notranjska,SI038
3394,Sad,Sada,Sadu,45.9374,14.8029,Osrednjeslovenska,SI041
3395,Sadinja Vas,Sadinje Vasa,Sadinji Vasu,46.0514,14.5061,Osrednjeslovenska,SI041
3396,Sadinja Vas Pri Dvoru,Sadinje Vasa Priv Dvorua,Sadinji Vasu Prih Dvoruu,45.8339,14.9292,Jugovzhodna Slovenija,SI037
3397,Sadni Hrib,Sadniv Hriba,Sadnih Hribu,45.643,14.8594,Jugovzhodna Slovenija,SI037
3398,Sajenice,Sajenica,Sajenicu,45.9476,15.0664,Jugovzhodna Slovenija,SI037
3399,Sajevče,Sajevča,Sajevču,45.7759,14.2137,Primorsko-notranjska,SI038
3400,Sajevec,Sajevca,Sajevcu,45.74,14.7308,Jugovzhodna Slovenija,SI037
3401,Sajevec,Sajevca,Sajevcu,46.5372,15.2733,Koroška,SI033
3402,Saksid,Saksida,Saksidu,45.9558,13.6433,Goriška,SI043
3403,Sakušak,Sakušaka,Sakušaku,46.4853,15.971,Podravska,SI032
3404,Samotorica,Samotorice,Samotorici,46.023,14.2981,Osrednjeslovenska,SI041
3405,Sanabor,Sanabora,Sanaboru,45.8476,13.9624,Goriška,SI043
3406,Sapnik,Sapnika,Sapniku,45.5088,14.91,Jugovzhodna Slovenija,SI037
3407,Sarsko,Sarska,Sarsku,45.9692,14.5394,Osrednjeslovenska,SI041
3408,Satahovci,Satahovciv,Satahovcih,46.6667,16.1667,Pomurska,SI031
3410,Savina,Savine,Savini,46.3333,14.8333,Savinjska,SI034
3411,Savinsko,Savinska,Savinsku,46.3174,15.6669,Podravska,SI032
3412,Sebenje,Sebenja,Sebenju,46.3581,14.293,Gorenjska,SI042
3413,Seč,Seča,Seču,45.643,14.8594,Jugovzhodna Slovenija,SI037
3414,Sečje Selo,Sečja Sela,Sečju Selu,45.5711,15.1889,Jugovzhodna Slovenija,SI037
3415,Sedlarjevo,Sedlarjeva,Sedlarjevu,46.1573,15.5974,Savinjska,SI034
3416,Sedlašek,Sedlašeka,Sedlašeku,46.3361,15.8786,Podravska,SI032
3418,Sedraž,Sedraža,Sedražu,46.1563,15.2386,Savinjska,SI034
3419,Segonje,Segonja,Segonju,45.9069,15.2914,Jugovzhodna Slovenija,SI037
3420,Sejenice,Sejenica,Sejenicu,45.9104,15.0086,Jugovzhodna Slovenija,SI037
3421,Sekirišče,Sekirišča,Sekirišču,45.8363,14.6377,Osrednjeslovenska,SI041
3422,Sela,Sele,Seli,46.1573,15.5974,Savinjska,SI034
3423,Sela,Sele,Seli,45.7034,13.8706,Obalno-kraška,SI044
3424,Sela,Sele,Seli,45.8622,15.2214,Jugovzhodna Slovenija,SI037
3425,Sela,Sele,Seli,45.8484,14.6944,Osrednjeslovenska,SI041
3426,Sela Nad Podmelcem,Sele Nada Podmelcema,Seli Nadu Podmelcemu,46.1857,13.7352,Goriška,SI043
3427,Sela Pri Ajdovcu,Sele Priv Ajdovcua,Seli Prih Ajdovcuu,45.8339,14.9292,Jugovzhodna Slovenija,SI037
3428,Sela Pri Dobovi,Sele Priv Doboviv,Seli Prih Dobovih,45.9048,15.5922,Posavska,SI036
3429,Sela Pri Dobu,Sele Priv Dobua,Seli Prih Dobuu,45.9374,14.8029,Osrednjeslovenska,SI041
3430,Sela Pri Dol. Toplicah,Sele Priv Dol.a Toplicaha,Seli Prih Dol.u Toplicahu,45.7545,15.0583,Jugovzhodna Slovenija,SI037
3431,Sela Pri Dragatušu,Sele Priv Dragatušua,Seli Prih Dragatušuu,45.5711,15.1889,Jugovzhodna Slovenija,SI037
3432,Sela Pri Hinjah,Sele Priv Hinjaha,Seli Prih Hinjahu,45.8339,14.9292,Jugovzhodna Slovenija,SI037
3433,Sela Pri Kamniku,Sele Priv Kamnikua,Seli Prih Kamnikuu,46.2257,14.612,Osrednjeslovenska,SI041
3434,Sela Pri Otovcu,Sele Priv Otovcua,Seli Prih Otovcuu,45.5711,15.1889,Jugovzhodna Slovenija,SI037
3435,Sela Pri Raki,Sele Priv Rakiv,Seli Prih Rakih,45.95,15.4833,Posavska,SI036
3436,Sela Pri Ratežu,Sele Priv Ratežua,Seli Prih Ratežuu,45.8,15.1667,Jugovzhodna Slovenija,SI037
3437,Sela Pri Sobračah,Sele Priv Sobračaha,Seli Prih Sobračahu,45.9374,14.8029,Osrednjeslovenska,SI041
3438,Sela Pri Šentjerneju,Sele Priv Šentjernejua,Seli Prih Šentjernejuu,45.8389,15.3361,Jugovzhodna Slovenija,SI037
3439,Sela Pri Šmarju,Sele Priv Šmarjua,Seli Prih Šmarjuu,45.9551,14.6562,Osrednjeslovenska,SI041
3440,Sela Pri Štravberku,Sele Priv Štravberkua,Seli Prih Štravberkuu,45.8,15.1667,Jugovzhodna Slovenija,SI037
3441,Sela Pri Šumberku,Sele Priv Šumberkua,Seli Prih Šumberkuu,45.9104,15.0086,Jugovzhodna Slovenija,SI037
3442,Sela Pri Višnji Gori,Sele Priv Višnjiv Goriv,Seli Prih Višnjih Gorih,45.9374,14.8029,Osrednjeslovenska,SI041
3443,Sela Pri Volčah,Sele Priv Volčaha,Seli Prih Volčahu,46.1857,13.7352,Goriška,SI043
3444,Sela Pri Vrčicah,Sele Priv Vrčicaha,Seli Prih Vrčicahu,45.6546,15.1783,Jugovzhodna Slovenija,SI037
3445,Sela Pri Zajčjem Vrhu,Sele Priv Zajčjema Vrhua,Seli Prih Zajčjemu Vrhuu,45.8,15.1667,Jugovzhodna Slovenija,SI037
3446,Sela Pri Zburah,Sele Priv Zburaha,Seli Prih Zburahu,45.8622,15.2214,Jugovzhodna Slovenija,SI037
3447,Selca,Selce,Selci,46.2182,14.1592,Gorenjska,SI042
3448,Selce,Selca,Selcu,46.0667,14.8167,Zasavska,SI035
3449,Selce,Selca,Selcu,46.1686,14.6892,Osrednjeslovenska,SI041
3450,Selce,Selca,Selcu,45.6833,14.2,Primorsko-notranjska,SI038
3451,Selce,Selca,Selcu,46.1857,13.7352,Goriška,SI043
3452,Selce,Selca,Selcu,46.2933,15.3052,Savinjska,SI034
3453,Selce Nad Blanco,Selca Nada Blanca,Selcu Nadu Blancu,46.0092,15.3041,Posavska,SI036
3454,Selce Pri Leskovcu,Selca Priv Leskovcua,Selcu Prih Leskovcuu,45.95,15.4833,Posavska,SI036
3455,Selce Pri Moravčah,Selca Priv Moravčaha,Selcu Prih Moravčahu,46.1356,14.7439,Osrednjeslovenska,SI041
3456,Selce Pri Špeharjih,Selca Priv Špeharjiha,Selcu Prih Špeharjihu,45.5711,15.1889,Jugovzhodna Slovenija,SI037
3457,Sele,Sela,Selu,46.5094,15.0792,Koroška,SI033
3458,Sele,Sela,Selu,46.2176,15.396,Savinjska,SI034
3459,Sele Pri Polskavi,Sela Priv Polskaviv,Selu Prih Polskavih,46.3903,15.575,Podravska,SI032
3460,Selišče,Selišča,Selišču,45.7545,15.0583,Jugovzhodna Slovenija,SI037
3461,Selišče,Selišča,Selišču,46.1857,13.7352,Goriška,SI043
3462,Selnica Ob Muri,Selnice Oba Muriv,Selnici Obu Murih,46.6817,15.6481,Podravska,SI032
3463,Selnik,Selnika,Selniku,45.9692,14.5394,Osrednjeslovenska,SI041
3464,Selo,Sela,Selu,45.8861,13.9097,Goriška,SI043
3465,Selo,Sela,Selu,45.95,15.4833,Posavska,SI036
3466,Selo,Sela,Selu,45.7034,13.8706,Obalno-kraška,SI044
3467,Selo,Sela,Selu,46.0469,14.1097,Gorenjska,SI042
3468,Selo Nad Laškim,Sela Nada Laškima,Selu Nadu Laškimu,46.1563,15.2386,Savinjska,SI034
3469,Selo Pri Bledu,Sela Priv Bledua,Selu Prih Bleduu,46.3688,14.114,Gorenjska,SI042
3470,Selo Pri Ihanu,Sela Priv Ihanua,Selu Prih Ihanuu,46.1394,14.595,Osrednjeslovenska,SI041
3471,Selo Pri Kostelu,Sela Priv Kostelua,Selu Prih Kosteluu,45.5088,14.91,Jugovzhodna Slovenija,SI037
3472,Selo Pri Mirni,Sela Priv Mirniv,Selu Prih Mirnih,45.9476,15.0664,Jugovzhodna Slovenija,SI037
3473,Selo Pri Moravčah,Sela Priv Moravčaha,Selu Prih Moravčahu,46.1356,14.7439,Osrednjeslovenska,SI041
3474,Selo Pri Pancah,Sela Priv Pancaha,Selu Prih Pancahu,46.0514,14.5061,Osrednjeslovenska,SI041
3475,Selo Pri Radohovi Vasi,Sela Priv Radohoviv Vasiv,Selu Prih Radohovih Vasih,45.9374,14.8029,Osrednjeslovenska,SI041
3476,Selo Pri Robu,Sela Priv Robua,Selu Prih Robuu,45.8363,14.6377,Osrednjeslovenska,SI041
3477,Selo Pri Vodicah,Sela Priv Vodicaha,Selu Prih Vodicahu,46.1897,14.4944,Osrednjeslovenska,SI041
3478,Selo Pri Vranskem,Sela Priv Vranskema,Selu Prih Vranskemu,46.172,14.8217,Osrednjeslovenska,SI041
3479,Selo Pri Zagorici,Sela Priv Zagoriciv,Selu Prih Zagoricih,45.858,15.0876,Jugovzhodna Slovenija,SI037
3480,Selovec,Selovca,Selovcu,46.5903,15.0236,Koroška,SI033
3481,Selska Gora,Selske Gore,Selski Gori,45.9476,15.0664,Jugovzhodna Slovenija,SI037
3482,Selski Vrh,Selskiv Vrha,Selskih Vrhu,46.3383,15.4233,Savinjska,SI034
3483,Selšček,Selščeka,Selščeku,45.7964,14.3581,Primorsko-notranjska,SI038
3484,Semič,Semiča,Semiču,45.6546,15.1783,Jugovzhodna Slovenija,SI037
3485,Senadole,Senadola,Senadolu,45.682,13.9702,Obalno-kraška,SI044
3486,Senadolice,Senadolica,Senadolicu,45.7034,13.8706,Obalno-kraška,SI044
3487,Senčak Pri Juršincih,Senčaka Priv Juršinciha,Senčaku Prih Juršincihu,46.4853,15.971,Podravska,SI032
3488,Senešci,Senešciv,Senešcih,46.4086,16.1475,Podravska,SI032
3489,Seničica,Seničice,Seničici,46.1382,14.4147,Osrednjeslovenska,SI041
3490,Senično,Senična,Seničnu,46.3581,14.293,Gorenjska,SI042
3491,Seniški Breg,Seniškiv Brega,Seniških Bregu,46.088,13.6347,Goriška,SI043
3492,Senovo,Senova,Senovu,45.95,15.4833,Posavska,SI036
3493,Senožeče,Senožeča,Senožeču,45.682,13.9702,Obalno-kraška,SI044
3494,Senožete,Senožeta,Senožetu,45.95,15.4833,Posavska,SI036
3495,Senožete,Senožeta,Senožetu,46.1563,15.2386,Savinjska,SI034
3496,Senuše,Senuša,Senušu,45.95,15.4833,Posavska,SI036
3497,Serdica,Serdice,Serdici,46.8053,16.0344,Pomurska,SI031
3498,Serjuče,Serjuča,Serjuču,46.1356,14.7439,Osrednjeslovenska,SI041
3499,Sestrže,Sestrža,Sestržu,46.35,15.7333,Podravska,SI032
3500,Setnica – Del,Setnice –a Dla,Setnici –u Dlu,46.1382,14.4147,Osrednjeslovenska,SI041
3501,Sevce,Sevca,Sevcu,46.1563,15.2386,Savinjska,SI034
3502,Sevec,Sevca,Sevcu,46.3903,15.575,Podravska,SI032
3503,Sevnica,Sevnice,Sevnici,46.0092,15.3041,Posavska,SI036
3504,Sevno,Sevna,Sevnu,45.8,15.1667,Jugovzhodna Slovenija,SI037
3505,Sežana,Sežane,Sežani,45.7034,13.8706,Obalno-kraška,SI044
3506,Sidol,Sidola,Sidolu,46.2257,14.612,Osrednjeslovenska,SI041
3507,Silova,Silove,Silovi,46.3625,15.1144,Savinjska,SI034
3508,Silovec,Silovca,Silovcu,45.9048,15.5922,Posavska,SI036
3509,Sinja Gorica,Sinje Gorice,Sinji Gorici,45.9624,14.2937,Osrednjeslovenska,SI041
3510,Sinji Vrh,Sinjiv Vrha,Sinjih Vrhu,45.5711,15.1889,Jugovzhodna Slovenija,SI037
3511,Sinovica,Sinovice,Sinovici,45.7616,14.6363,Jugovzhodna Slovenija,SI037
3512,Sirči,Sirčiv,Sirčih,45.55,13.7333,Obalno-kraška,SI044
3513,Sitarovci,Sitarovciv,Sitarovcih,46.5168,16.2027,Pomurska,SI031
3514,Sitež,Siteža,Sitežu,46.35,15.7333,Podravska,SI032
3515,Skaručna,Skaručne,Skaručni,46.1897,14.4944,Osrednjeslovenska,SI041
3516,Skomarje,Skomarja,Skomarju,46.375,15.3854,Savinjska,SI034
3517,Skopo,Skopa,Skopu,45.7034,13.8706,Obalno-kraška,SI044
3518,Skorišnjak,Skorišnjaka,Skorišnjaku,45.8484,14.6944,Osrednjeslovenska,SI041
3519,Skorno Pri Šoštanju,Skorna Priv Šoštanjua,Skornu Prih Šoštanjuu,46.3798,15.0482,Savinjska,SI034
3520,Skrblje,Skrblja,Skrblju,46.35,15.7333,Podravska,SI032
3521,Skrilje,Skrilja,Skrilju,45.8861,13.9097,Goriška,SI043
3522,Skrovnik,Skrovnika,Skrovniku,46.0092,15.3041,Posavska,SI036
3523,Sladki Vrh,Sladkiv Vrha,Sladkih Vrhu,46.6817,15.6481,Podravska,SI032
3524,Slamniki,Slamnikiv,Slamnikih,46.3688,14.114,Gorenjska,SI042
3525,Slamnjak,Slamnjaka,Slamnjaku,46.5168,16.2027,Pomurska,SI031
3526,Slance,Slanca,Slancu,46.2358,15.2675,Savinjska,SI034
3527,Slančji Vrh,Slančjiv Vrha,Slančjih Vrhu,46.0092,15.3041,Posavska,SI036
3531,Slap Ob Idrijci,Slapa Oba Idrijciv,Slapu Obu Idrijcih,46.1857,13.7352,Goriška,SI043
3532,Slape,Slapa,Slapu,46.35,15.7333,Podravska,SI032
3533,Slatenik,Slatenika,Slateniku,46.6099,15.6714,Podravska,SI032
3534,Slatina,Slatine,Slatini,46.3436,15.9941,Podravska,SI032
3535,Slatina Pri Dobjem,Slatine Priv Dobjema,Slatini Prih Dobjemu,46.1369,15.3945,Savinjska,SI034
3536,Slatina Pri Ponikvi,Slatine Priv Ponikviv,Slatini Prih Ponikvih,46.2176,15.396,Savinjska,SI034
3537,Slatina V Rožni Dolini,Slatine Va Rožniv Doliniv,Slatini Vu Rožnih Dolinih,46.2358,15.2675,Savinjska,SI034
3538,Slatna,Slatne,Slatni,46.3425,14.1721,Gorenjska,SI042
3539,Slatnik,Slatnika,Slatniku,45.74,14.7308,Jugovzhodna Slovenija,SI037
3540,Slatnik,Slatnika,Slatniku,46.5372,15.2733,Koroška,SI033
3541,Slavina,Slavine,Slavini,46.0667,14.8167,Zasavska,SI035
3542,Slavina,Slavine,Slavini,45.7759,14.2137,Primorsko-notranjska,SI038
3543,Slavinje,Slavinja,Slavinju,45.7759,14.2137,Primorsko-notranjska,SI038
3544,Slavski Laz,Slavskiv Laza,Slavskih Lazu,45.5088,14.91,Jugovzhodna Slovenija,SI037
3545,Slivice,Slivica,Slivicu,45.7964,14.3581,Primorsko-notranjska,SI038
3546,Slivje,Slivja,Slivju,45.95,15.4833,Posavska,SI036
3547,Slivna,Slivne,Slivni,46.0667,14.8167,Zasavska,SI035
3548,Slivnica Pri Celju,Slivnice Priv Celjua,Slivnici Prih Celjuu,46.2176,15.396,Savinjska,SI034
3549,Slivno,Slivna,Slivnu,46.1563,15.2386,Savinjska,SI034
3550,Slogonsko,Slogonska,Slogonsku,45.9048,15.5922,Posavska,SI036
3551,Sloka Gora,Sloke Gore,Sloki Gori,45.8363,14.6377,Osrednjeslovenska,SI041
3552,Slomi,Slomiv,Slomih,46.4299,15.9488,Podravska,SI032
3553,Slovenj Gradec,Slovenj Gradca,Slovenj Gradcu,46.5094,15.0792,Koroška,SI033
3554,Slovenska Bistrica,Slovenske Bistrice,Slovenski Bistrici,46.3903,15.575,Podravska,SI032
3555,Slovenska Vas,Slovenske Vasa,Slovenski Vasu,45.9048,15.5922,Posavska,SI036
3556,Slovenska Vas,Slovenske Vasa,Slovenski Vasu,45.643,14.8594,Jugovzhodna Slovenija,SI037
3557,Slovenska Vas,Slovenske Vasa,Slovenski Vasu,45.6833,14.2,Primorsko-notranjska,SI038
3558,Slovenska Vas,Slovenske Vasa,Slovenski Vasu,45.9769,15.0897,Jugovzhodna Slovenija,SI037
3559,Slovenske Konjice,Slovenske Konjice,Slovenskih Konjicah,46.3383,15.4233,Savinjska,SI034
3560,Slovenski Javornik,Slovenskiv Javornika,Slovenskih Javorniku,46.4366,14.0602,Gorenjska,SI042
3561,Slugovo,Slugova,Slugovu,45.7964,14.3581,Primorsko-notranjska,SI038
3562,Smast,Smasta,Smastu,46.2464,13.578,Goriška,SI043
3563,Smečice,Smečica,Smečicu,45.95,15.4833,Posavska,SI036
3564,Smednik,Smednika,Smedniku,45.95,15.4833,Posavska,SI036
3565,Smlednik,Smlednika,Smledniku,46.1382,14.4147,Osrednjeslovenska,SI041
3566,Smokvica,Smokvice,Smokvici,45.55,13.7333,Obalno-kraška,SI044
3567,Smolenja Vas,Smolenje Vasa,Smolenji Vasu,45.8,15.1667,Jugovzhodna Slovenija,SI037
3568,Smoleva,Smoleve,Smolevi,46.2182,14.1592,Gorenjska,SI042
3569,Smolinci,Smolinciv,Smolincih,46.566,15.9429,Podravska,SI032
3570,Smolnik,Smolnika,Smolniku,46.5386,15.5154,Podravska,SI032
3571,Smrečje,Smrečja,Smrečju,45.9624,14.2937,Osrednjeslovenska,SI041
3572,Smrečje V Črni,Smrečja Va Črniv,Smrečju Vu Črnih,46.2257,14.612,Osrednjeslovenska,SI041
3573,Smrečno,Smrečna,Smrečnu,46.3903,15.575,Podravska,SI032
3574,Smrje,Smrja,Smrju,45.5679,14.2527,Primorsko-notranjska,SI038
3575,Smrjene,Smrjena,Smrjenu,45.9836,14.5761,Osrednjeslovenska,SI041
3576,Smuka,Smuke,Smuki,45.643,14.8594,Jugovzhodna Slovenija,SI037
3577,Snežnik,Snežnika,Snežniku,45.5679,14.2527,Primorsko-notranjska,SI038
3578,Snovik,Snovika,Snoviku,46.2257,14.612,Osrednjeslovenska,SI041
3579,Sobenja Vas,Sobenje Vasa,Sobenji Vasu,45.9048,15.5922,Posavska,SI036
3580,Sobetinci,Sobetinciv,Sobetincih,46.3956,15.9314,Podravska,SI032
3581,Sobrače,Sobrača,Sobraču,45.9374,14.8029,Osrednjeslovenska,SI041
3582,Socerb,Socerba,Socerbu,45.55,13.7333,Obalno-kraška,SI044
3583,Socka,Socke,Socki,46.2933,15.3052,Savinjska,SI034
3585,Sočerga,Sočerge,Sočergi,45.55,13.7333,Obalno-kraška,SI044
3586,Sodevci,Sodevciv,Sodevcih,45.5711,15.1889,Jugovzhodna Slovenija,SI037
3587,Sodinci,Sodinciv,Sodincih,46.4086,16.1475,Podravska,SI032
3588,Sodišinci,Sodišinciv,Sodišincih,46.6558,16.0933,Pomurska,SI031
3589,Sodji Vrh,Sodjiv Vrha,Sodjih Vrhu,45.6546,15.1783,Jugovzhodna Slovenija,SI037
3590,Sodna Vas,Sodne Vasa,Sodni Vasu,46.1573,15.5974,Savinjska,SI034
3591,Sodražica,Sodražice,Sodražici,45.7616,14.6363,Jugovzhodna Slovenija,SI037
3592,Sojek,Sojeka,Sojeku,46.3383,15.4233,Savinjska,SI034
3593,Sokoliči,Sokoličiv,Sokoličih,45.55,13.7333,Obalno-kraška,SI044
3594,Solčava,Solčave,Solčavi,46.4201,14.6918,Savinjska,SI034
3595,Solkan,Solkana,Solkanu,45.9558,13.6433,Goriška,SI043
3596,Sopota,Sopote,Sopoti,46.0667,14.8167,Zasavska,SI035
3597,Sopotnica,Sopotnice,Sopotnici,46.1672,14.303,Gorenjska,SI042
3598,Sora,Sore,Sori,46.1382,14.4147,Osrednjeslovenska,SI041
3599,Sotensko Pod Kalobjem,Sotenska Poda Kalobjema,Sotensku Podu Kalobjemu,46.2176,15.396,Savinjska,SI034
3600,Soteska,Soteske,Soteski,45.7545,15.0583,Jugovzhodna Slovenija,SI037
3601,Soteska,Soteske,Soteski,46.2257,14.612,Osrednjeslovenska,SI041
3602,Soteska Pri Moravčah,Soteske Priv Moravčaha,Soteski Prih Moravčahu,46.1356,14.7439,Osrednjeslovenska,SI041
3603,Sotina,Sotine,Sotini,46.8053,16.0344,Pomurska,SI031
3604,Soviče,Soviča,Soviču,45.8484,14.6944,Osrednjeslovenska,SI041
3605,Sovinek,Sovineka,Sovineku,45.6546,15.1783,Jugovzhodna Slovenija,SI037
3606,Sovinja Peč,Sovinje Peča,Sovinji Peču,46.2257,14.612,Osrednjeslovenska,SI041
3607,Sovjak,Sovjaka,Sovjaku,46.5231,15.8978,Podravska,SI032
3608,Sovra,Sovre,Sovri,46.0469,14.1097,Gorenjska,SI042
3609,Soze,Soza,Sozu,45.5679,14.2527,Primorsko-notranjska,SI038
3610,Spodnja Bačkova,Spodnje Bačkove,Spodnji Bačkovi,46.6065,15.8842,Podravska,SI032
3611,Spodnja Bela,Spodnje Bele,Spodnji Beli,46.3052,14.4203,Gorenjska,SI042
3612,Spodnja Besnica,Spodnje Besnice,Spodnji Besnici,46.2333,14.3667,Gorenjska,SI042
3613,Spodnja Bilpa,Spodnje Bilpe,Spodnji Bilpi,45.643,14.8594,Jugovzhodna Slovenija,SI037
3614,Spodnja Branica,Spodnje Branice,Spodnji Branici,45.9558,13.6433,Goriška,SI043
3615,Spodnja Brežnica,Spodnje Brežnice,Spodnji Brežnici,46.3135,15.5791,Podravska,SI032
3616,Spodnja Dobrava,Spodnje Dobrave,Spodnji Dobravi,46.1356,14.7439,Osrednjeslovenska,SI041
3617,Spodnja Dobrava,Spodnje Dobrave,Spodnji Dobravi,46.3425,14.1721,Gorenjska,SI042
3618,Spodnja Draga,Spodnje Drage,Spodnji Dragi,45.9374,14.8029,Osrednjeslovenska,SI041
3619,Spodnja Idrija,Spodnje Idrije,Spodnji Idriji,46.0025,14.0275,Goriška,SI043
3620,Spodnja Javoršica,Spodnje Javoršice,Spodnji Javoršici,46.1356,14.7439,Osrednjeslovenska,SI041
3621,Spodnja Kanomlja,Spodnje Kanomlje,Spodnji Kanomlji,46.0025,14.0275,Goriška,SI043
3622,Spodnja Kapla,Spodnje Kaple,Spodnji Kapli,46.5864,15.3286,Koroška,SI033
3623,Spodnja Kostrivnica,Spodnje Kostrivnice,Spodnji Kostrivnici,46.2314,15.6381,Savinjska,SI034
3624,Spodnja Libna,Spodnje Libne,Spodnji Libni,45.95,15.4833,Posavska,SI036
3625,Spodnja Lipnica,Spodnje Lipnice,Spodnji Lipnici,46.3425,14.1721,Gorenjska,SI042
3626,Spodnja Ložnica,Spodnje Ložnice,Spodnji Ložnici,46.3903,15.575,Podravska,SI032
3627,Spodnja Luša,Spodnje Luše,Spodnji Luši,46.1672,14.303,Gorenjska,SI042
3628,Spodnja Nova Vas,Spodnje Nove Vasa,Spodnji Novi Vasu,46.3903,15.575,Podravska,SI032
3629,Spodnja Pohanca,Spodnje Pohance,Spodnji Pohanci,45.9048,15.5922,Posavska,SI036
3630,Spodnja Polskava,Spodnje Polskave,Spodnji Polskavi,46.3903,15.575,Podravska,SI032
3631,Spodnja Pristava,Spodnje Pristave,Spodnji Pristavi,46.3383,15.4233,Savinjska,SI034
3632,Spodnja Rečica,Spodnje Rečice,Spodnji Rečici,46.1563,15.2386,Savinjska,SI034
3633,Spodnja Ročica,Spodnje Ročice,Spodnji Ročici,46.6065,15.8842,Podravska,SI032
3634,Spodnja Senica,Spodnje Senice,Spodnji Senici,46.1382,14.4147,Osrednjeslovenska,SI041
3635,Spodnja Slivnica,Spodnje Slivnice,Spodnji Slivnici,45.9551,14.6562,Osrednjeslovenska,SI041
3636,Spodnja Sorica,Spodnje Sorice,Spodnji Sorici,46.2182,14.1592,Gorenjska,SI042
3637,Spodnja Sveča,Spodnje Sveče,Spodnji Sveči,46.35,15.7333,Podravska,SI032
3638,Spodnja Velka,Spodnje Velke,Spodnji Velki,46.6817,15.6481,Podravska,SI032
3639,Spodnje Bitnje,Spodnja Bitnja,Spodnju Bitnju,46.2333,14.3667,Gorenjska,SI042
3640,Spodnje Blato,Spodnja Blata,Spodnju Blatu,45.9551,14.6562,Osrednjeslovenska,SI041
3641,Spodnje Brezovo,Spodnja Brezova,Spodnju Brezovu,45.9374,14.8029,Osrednjeslovenska,SI041
3642,Spodnje Danje,Spodnja Danja,Spodnju Danju,46.2182,14.1592,Gorenjska,SI042
3643,Spodnje Dobrenje,Spodnja Dobrenja,Spodnju Dobrenju,46.6099,15.6714,Podravska,SI032
3644,Spodnje Dule,Spodnja Dula,Spodnju Dulu,45.95,15.4833,Posavska,SI036
3645,Spodnje Duplice,Spodnja Duplica,Spodnju Duplicu,45.9551,14.6562,Osrednjeslovenska,SI041
3646,Spodnje Duplje,Spodnja Duplja,Spodnju Duplju,46.2749,14.3176,Gorenjska,SI042
3647,Spodnje Gameljne,Spodnja Gameljna,Spodnju Gameljnu,46.0514,14.5061,Osrednjeslovenska,SI041
3648,Spodnje Gorče,Spodnja Gorča,Spodnju Gorču,46.2884,15.0386,Savinjska,SI034
3649,Spodnje Gruškovje,Spodnja Gruškovja,Spodnju Gruškovju,46.3361,15.8786,Podravska,SI032
3650,Spodnje Grušovje,Spodnja Grušovja,Spodnju Grušovju,46.3383,15.4233,Savinjska,SI034
3651,Spodnje Grušovlje,Spodnja Grušovlja,Spodnju Grušovlju,46.251,15.1639,Savinjska,SI034
3652,Spodnje Hlapje,Spodnja Hlapja,Spodnju Hlapju,46.6099,15.6714,Podravska,SI032
3653,Spodnje Jablane,Spodnja Jablana,Spodnju Jablanu,46.406,15.7983,Podravska,SI032
3654,Spodnje Jarše,Spodnja Jarša,Spodnju Jaršu,46.1394,14.595,Osrednjeslovenska,SI041
3655,Spodnje Jelenje,Spodnja Jelenja,Spodnju Jelenju,46.0667,14.8167,Zasavska,SI035
3656,Spodnje Koseze,Spodnja Koseza,Spodnju Kosezu,46.1686,14.6892,Osrednjeslovenska,SI041
3657,Spodnje Kraše,Spodnja Kraša,Spodnju Krašu,46.3202,14.9531,Savinjska,SI034
3658,Spodnje Laže,Spodnja Laža,Spodnju Lažu,46.3383,15.4233,Savinjska,SI034
3659,Spodnje Loke,Spodnja Loka,Spodnju Loku,46.1686,14.6892,Osrednjeslovenska,SI041
3660,Spodnje Mladetiče,Spodnja Mladetiča,Spodnju Mladetiču,46.0092,15.3041,Posavska,SI036
3661,Spodnje Negonje,Spodnja Negonja,Spodnju Negonju,46.2314,15.6381,Savinjska,SI034
3662,Spodnje Palovče,Spodnja Palovča,Spodnju Palovču,46.2257,14.612,Osrednjeslovenska,SI041
3663,Spodnje Pijavško,Spodnja Pijavška,Spodnju Pijavšku,45.95,15.4833,Posavska,SI036
3664,Spodnje Pirniče,Spodnja Pirniča,Spodnju Pirniču,46.1382,14.4147,Osrednjeslovenska,SI041
3665,Spodnje Poljčane,Spodnja Poljčana,Spodnju Poljčanu,46.3135,15.5791,Podravska,SI032
3666,Spodnje Prapreče,Spodnja Prapreča,Spodnju Prapreču,46.1686,14.6892,Osrednjeslovenska,SI041
3667,Spodnje Prebukovje,Spodnja Prebukovja,Spodnju Prebukovju,46.3903,15.575,Podravska,SI032
3668,Spodnje Preloge,Spodnja Preloga,Spodnju Prelogu,46.3383,15.4233,Savinjska,SI034
3669,Spodnje Roje,Spodnja Roja,Spodnju Roju,46.251,15.1639,Savinjska,SI034
3670,Spodnje Sečovo,Spodnja Sečova,Spodnju Sečovu,46.2314,15.6381,Savinjska,SI034
3671,Spodnje Slemene,Spodnja Slemena,Spodnju Slemenu,46.2176,15.396,Savinjska,SI034
3672,Spodnje Stranice,Spodnja Stranica,Spodnju Stranicu,46.375,15.3854,Savinjska,SI034
3673,Spodnje Stranje,Spodnja Stranja,Spodnju Stranju,46.2257,14.612,Osrednjeslovenska,SI041
3674,Spodnje Škofije,Spodnja Škofija,Spodnju Škofiju,45.55,13.7333,Obalno-kraška,SI044
3675,Spodnje Vetrno,Spodnja Vetrna,Spodnju Vetrnu,46.3581,14.293,Gorenjska,SI042
3676,Spodnje Vodale,Spodnja Vodala,Spodnju Vodalu,46.0092,15.3041,Posavska,SI036
3677,Spodnji Dolič,Spodnjiv Doliča,Spodnjih Doliču,46.3825,15.2956,Savinjska,SI034
3678,Spodnji Gabernik,Spodnjiv Gabernika,Spodnjih Gaberniku,46.2314,15.6381,Savinjska,SI034
3679,Spodnji Gaj Pri Pragerskem,Spodnjiv Gaja Priv Pragerskema,Spodnjih Gaju Prih Pragerskemu,46.406,15.7983,Podravska,SI032
3680,Spodnji Hotič,Spodnjiv Hotiča,Spodnjih Hotiču,46.0667,14.8167,Zasavska,SI035
3681,Spodnji Jakobski Dol,Spodnjiv Jakobskiv Dola,Spodnjih Jakobskih Dolu,46.6099,15.6714,Podravska,SI032
3682,Spodnji Jernej,Spodnjiv Jerneja,Spodnjih Jerneju,46.3383,15.4233,Savinjska,SI034
3683,Spodnji Kamenščak,Spodnjiv Kamenščaka,Spodnjih Kamenščaku,46.5168,16.2027,Pomurska,SI031
3684,Spodnji Ključarovci,Spodnjiv Ključarovciv,Spodnjih Ključarovcih,46.4086,16.1475,Podravska,SI032
3685,Spodnji Kocjan,Spodnjiv Kocjana,Spodnjih Kocjanu,46.6428,16.0453,Pomurska,SI031
3686,Spodnji Leskovec,Spodnjiv Leskovca,Spodnjih Leskovcu,45.8484,14.6944,Osrednjeslovenska,SI041
3687,Spodnji Log,Spodnjiv Loga,Spodnjih Logu,45.643,14.8594,Jugovzhodna Slovenija,SI037
3688,Spodnji Log,Spodnjiv Loga,Spodnjih Logu,46.0667,14.8167,Zasavska,SI035
3689,Spodnji Otok,Spodnjiv Otoka,Spodnjih Otoku,46.3425,14.1721,Gorenjska,SI042
3690,Spodnji Petelinjek,Spodnjiv Petelinjeka,Spodnjih Petelinjeku,46.1686,14.6892,Osrednjeslovenska,SI041
3691,Spodnji Prekar,Spodnjiv Prekara,Spodnjih Prekaru,46.1356,14.7439,Osrednjeslovenska,SI041
3692,Spodnji Razbor,Spodnjiv Razbora,Spodnjih Razboru,46.5094,15.0792,Koroška,SI033
3693,Spodnji Stari Grad,Spodnjiv Stariv Grada,Spodnjih Starih Gradu,45.95,15.4833,Posavska,SI036
3694,Spodnji Tuštanj,Spodnjiv Tuštanja,Spodnjih Tuštanju,46.1356,14.7439,Osrednjeslovenska,SI041
3695,Spodnji Velovlek,Spodnjiv Velovleka,Spodnjih Velovleku,46.4194,15.8694,Podravska,SI032
3696,Spodnji Vrsnik,Spodnjiv Vrsnika,Spodnjih Vrsniku,46.0025,14.0275,Goriška,SI043
3697,Spuhlja,Spuhlje,Spuhlji,46.4194,15.8694,Podravska,SI032
3698,Srakovlje,Srakovlja,Srakovlju,46.2333,14.3667,Gorenjska,SI042
3699,Srebotje,Srebotja,Srebotju,46.6817,15.6481,Podravska,SI032
3700,Srebrniče,Srebrniča,Srebrniču,45.8,15.1667,Jugovzhodna Slovenija,SI037
3701,Sredgora,Sredgore,Sredgori,45.6546,15.1783,Jugovzhodna Slovenija,SI037
3702,Srednik,Srednika,Sredniku,46.0092,15.3041,Posavska,SI036
3703,Srednja Bela,Srednje Bele,Srednji Beli,46.3052,14.4203,Gorenjska,SI042
3704,Srednja Bistrica,Srednje Bistrice,Srednji Bistrici,46.5747,16.2937,Pomurska,SI031
3705,Srednja Dobrava,Srednje Dobrave,Srednji Dobravi,46.3425,14.1721,Gorenjska,SI042
3706,Srednja Kanomlja,Srednje Kanomlje,Srednji Kanomlji,46.0025,14.0275,Goriška,SI043
3707,Srednja Vas,Srednje Vasa,Srednji Vasu,46.3425,14.1721,Gorenjska,SI042
3708,Srednja Vas,Srednje Vasa,Srednji Vasu,45.6546,15.1783,Jugovzhodna Slovenija,SI037
3709,Srednja Vas – Goriče,Srednje Vasa –a Goriča,Srednji Vasu –u Goriču,46.2333,14.3667,Gorenjska,SI042
3710,Srednja Vas Pri Kamniku,Srednje Vasa Priv Kamnikua,Srednji Vasu Prih Kamnikuu,46.2257,14.612,Osrednjeslovenska,SI041
3711,Srednja Vas Pri Šenčurju,Srednje Vasa Priv Šenčurjua,Srednji Vasu Prih Šenčurjuu,46.243,14.4181,Gorenjska,SI042
3713,Srednje Arto,Srednja Arta,Srednju Artu,45.95,15.4833,Posavska,SI036
3714,Srednje Bitnje,Srednja Bitnja,Srednju Bitnju,46.2333,14.3667,Gorenjska,SI042
3715,Srednje Gameljne,Srednja Gameljna,Srednju Gameljnu,46.0514,14.5061,Osrednjeslovenska,SI041
3716,Srednje Grčevje,Srednja Grčevja,Srednju Grčevju,45.8,15.1667,Jugovzhodna Slovenija,SI037
3717,Srednje Jarše,Srednja Jarša,Srednju Jaršu,46.1394,14.595,Osrednjeslovenska,SI041
3718,Srednje Pijavško,Srednja Pijavška,Srednju Pijavšku,45.95,15.4833,Posavska,SI036
3719,Srednji Dolič,Srednjiv Doliča,Srednjih Doliču,46.4431,15.1931,Koroška,SI033
3720,Srednji Globodol,Srednjiv Globodola,Srednjih Globodolu,45.858,15.0876,Jugovzhodna Slovenija,SI037
3721,Srednji Lipovec,Srednjiv Lipovca,Srednjih Lipovcu,45.8339,14.9292,Jugovzhodna Slovenija,SI037
3722,Srednji Potok,Srednjiv Potoka,Srednjih Potoku,45.5088,14.91,Jugovzhodna Slovenija,SI037
3723,Srednji Radenci,Srednjiv Radenciv,Srednjih Radencih,45.5711,15.1889,Jugovzhodna Slovenija,SI037
3724,Srednji Vrh,Srednjiv Vrha,Srednjih Vrhu,46.4854,13.7871,Gorenjska,SI042
3725,Sremič,Sremiča,Sremiču,45.95,15.4833,Posavska,SI036
3726,Srgaši,Srgašiv,Srgaših,45.55,13.7333,Obalno-kraška,SI044
3727,Srnjak,Srnjaka,Srnjaku,45.8363,14.6377,Osrednjeslovenska,SI041
3728,Srobotnik Ob Kolpi,Srobotnika Oba Kolpiv,Srobotniku Obu Kolpih,45.5088,14.91,Jugovzhodna Slovenija,SI037
3729,Srobotnik Pri Vel. Laščah,Srobotnika Priv Vel.a Laščaha,Srobotniku Prih Vel.u Laščahu,45.8363,14.6377,Osrednjeslovenska,SI041
3730,Sromlje,Sromlja,Sromlju,45.9048,15.5922,Posavska,SI036
3731,Srpenica,Srpenice,Srpenici,46.3378,13.5522,Goriška,SI043
3732,Srževica,Srževice,Srževici,46.2176,15.396,Savinjska,SI034
3733,Stahovica,Stahovice,Stahovici,46.2257,14.612,Osrednjeslovenska,SI041
3734,Staje,Staja,Staju,45.9692,14.5394,Osrednjeslovenska,SI041
3736,Stanečka Vas,Stanečke Vasa,Stanečki Vasu,46.35,15.7333,Podravska,SI032
3737,Stanetinci,Stanetinciv,Stanetincih,46.566,15.9429,Podravska,SI032
3738,Stanežiče,Stanežiča,Stanežiču,46.0514,14.5061,Osrednjeslovenska,SI041
3739,Staniše,Staniša,Stanišu,46.1672,14.303,Gorenjska,SI042
3740,Stanjevci,Stanjevciv,Stanjevcih,46.805,16.2172,Pomurska,SI031
3741,Stankovo,Stankova,Stankovu,45.9048,15.5922,Posavska,SI036
3742,Stanošina,Stanošine,Stanošini,46.3361,15.8786,Podravska,SI032
3743,Stanovišče,Stanovišča,Stanovišču,46.2464,13.578,Goriška,SI043
3744,Stanovno,Stanovna,Stanovnu,46.4086,16.1475,Podravska,SI032
3745,Stanovsko,Stanovska,Stanovsku,46.3135,15.5791,Podravska,SI032
3746,Stara Bučka,Stare Bučke,Stari Bučki,45.9069,15.2914,Jugovzhodna Slovenija,SI037
3747,Stara Cerkev,Stare Cerkeva,Stari Cerkevu,45.643,14.8594,Jugovzhodna Slovenija,SI037
3748,Stara Cesta,Stare Ceste,Stari Cesti,46.5168,16.2027,Pomurska,SI031
3749,Stara Gora,Stare Gore,Stari Gori,46.6065,15.8842,Podravska,SI032
3750,Stara Gora,Stare Gore,Stari Gori,45.9476,15.0664,Jugovzhodna Slovenija,SI037
3751,Stara Gora,Stare Gore,Stari Gori,45.9558,13.6433,Goriška,SI043
3752,Stara Gora Pri Šentilju,Stare Gore Priv Šentiljua,Stari Gori Prih Šentiljuu,46.6817,15.6481,Podravska,SI032
3753,Stara Lipa,Stare Lipe,Stari Lipi,45.5711,15.1889,Jugovzhodna Slovenija,SI037
3754,Stara Loka,Stare Loke,Stari Loki,46.1672,14.303,Gorenjska,SI042
3755,Stara Nova Vas,Stare Nove Vasa,Stari Novi Vasu,46.5631,16.1399,Pomurska,SI031
3756,Stara Sela,Stare Sele,Stari Seli,46.2257,14.612,Osrednjeslovenska,SI041
3757,Stara Sušica,Stare Sušice,Stari Sušici,45.6833,14.2,Primorsko-notranjska,SI038
3758,Stara Vas,Stare Vasa,Stari Vasu,45.7759,14.2137,Primorsko-notranjska,SI038
3759,Stara Vas-Bizeljsko,Stare Vasa-Bizeljska,Stari Vasu-Bizeljsku,45.9048,15.5922,Posavska,SI036
3760,Stara Vrhnika,Stare Vrhnike,Stari Vrhniki,45.9624,14.2937,Osrednjeslovenska,SI041
3761,Stare Slemene,Stara Slemena,Staru Slemenu,46.3383,15.4233,Savinjska,SI034
3762,Stare Žage,Stara Žaga,Staru Žagu,45.7545,15.0583,Jugovzhodna Slovenija,SI037
3763,Stari Breg,Stariv Brega,Starih Bregu,45.643,14.8594,Jugovzhodna Slovenija,SI037
3764,Stari Dvor,Stariv Dvora,Starih Dvoru,46.0658,15.1728,Posavska,SI036
3765,Stari Grad,Stariv Grada,Starih Gradu,45.95,15.4833,Posavska,SI036
3766,Stari Grad,Stariv Grada,Starih Gradu,46.3174,15.6669,Podravska,SI032
3767,Stari Grad V Podbočju,Stariv Grada Va Podbočjua,Starih Gradu Vu Podbočjuu,45.95,15.4833,Posavska,SI036
3768,Stari Log,Stariv Loga,Starih Logu,45.643,14.8594,Jugovzhodna Slovenija,SI037
3769,Stari Log,Stariv Loga,Starih Logu,46.3903,15.575,Podravska,SI032
3770,Stari Trg,Stariv Trga,Starih Trgu,45.9374,14.8029,Osrednjeslovenska,SI041
3771,Stari Trg,Stariv Trga,Starih Trgu,46.5094,15.0792,Koroška,SI033
3772,Stari Trg Ob Kolpi,Stariv Trga Oba Kolpiv,Starih Trgu Obu Kolpih,45.5711,15.1889,Jugovzhodna Slovenija,SI037
3773,Starihov Vrh,Starihova Vrha,Starihovu Vrhu,45.6546,15.1783,Jugovzhodna Slovenija,SI037
3774,Staro Brezje,Stara Brezja,Staru Brezju,45.643,14.8594,Jugovzhodna Slovenija,SI037
3775,Staro Selo,Stara Sela,Staru Selu,46.2464,13.578,Goriška,SI043
3776,Starod,Staroda,Starodu,45.5679,14.2527,Primorsko-notranjska,SI038
3777,Starošince,Starošinca,Starošincu,46.406,15.7983,Podravska,SI032
3779,Stavča Vas,Stavče Vasa,Stavči Vasu,45.8339,14.9292,Jugovzhodna Slovenija,SI037
3780,Stebljevek,Stebljeveka,Stebljeveku,46.2257,14.612,Osrednjeslovenska,SI041
3781,Stegne,Stegna,Stegnu,46.1356,14.7439,Osrednjeslovenska,SI041
3782,Stehanja Vas,Stehanje Vasa,Stehanji Vasu,45.9104,15.0086,Jugovzhodna Slovenija,SI037
3783,Stelnik,Stelnika,Stelniku,45.5088,14.91,Jugovzhodna Slovenija,SI037
3784,Stenica,Stenice,Stenici,46.3825,15.2956,Savinjska,SI034
3785,Stepani,Stepaniv,Stepanih,45.55,13.7333,Obalno-kraška,SI044
3786,Steske,Steska,Stesku,45.9558,13.6433,Goriška,SI043
3787,Stična,Stične,Stični,45.9374,14.8029,Osrednjeslovenska,SI041
3788,Stirpnik,Stirpnika,Stirpniku,46.1672,14.303,Gorenjska,SI042
3789,Stogovci,Stogovciv,Stogovcih,46.35,15.7333,Podravska,SI032
3790,Stojanski Vrh,Stojanskiv Vrha,Stojanskih Vrhu,45.9048,15.5922,Posavska,SI036
3791,Stojnci,Stojnciv,Stojncih,46.3956,15.9314,Podravska,SI032
3792,Stolnik,Stolnika,Stolniku,46.2257,14.612,Osrednjeslovenska,SI041
3793,Stolovnik,Stolovnika,Stolovniku,45.95,15.4833,Posavska,SI036
3794,Stomaž,Stomaža,Stomažu,45.8861,13.9097,Goriška,SI043
3795,Stomaž,Stomaža,Stomažu,45.7034,13.8706,Obalno-kraška,SI044
3796,Stopce,Stopca,Stopcu,46.1563,15.2386,Savinjska,SI034
3797,Stopče,Stopča,Stopču,46.2176,15.396,Savinjska,SI034
3798,Stope,Stopa,Stopu,45.8363,14.6377,Osrednjeslovenska,SI041
3799,Stoperce,Stoperca,Stopercu,46.35,15.7333,Podravska,SI032
3800,Stopiče,Stopiča,Stopiču,45.8,15.1667,Jugovzhodna Slovenija,SI037
3801,Stopnik,Stopnika,Stopniku,46.1857,13.7352,Goriška,SI043
3802,Stopnik,Stopnika,Stopniku,46.172,14.8217,Osrednjeslovenska,SI041
3803,Stopno,Stopna,Stopnu,46.3174,15.6669,Podravska,SI032
3804,Stopno,Stopna,Stopnu,45.9069,15.2914,Jugovzhodna Slovenija,SI037
3805,Strahinj,Strahinja,Strahinju,46.2749,14.3176,Gorenjska,SI042
3806,Strahomer,Strahomera,Strahomeru,45.9692,14.5394,Osrednjeslovenska,SI041
3807,Strajna,Strajne,Strajni,46.3361,15.8786,Podravska,SI032
3808,Strane,Strana,Stranu,45.7759,14.2137,Primorsko-notranjska,SI038
3809,Stranice,Stranica,Stranicu,46.375,15.3854,Savinjska,SI034
3810,Stranje,Stranja,Stranju,45.95,15.4833,Posavska,SI036
3811,Stranje Pri Dobrniču,Stranja Priv Dobrničua,Stranju Prih Dobrničuu,45.9104,15.0086,Jugovzhodna Slovenija,SI037
3812,Stranje Pri Škocjanu,Stranja Priv Škocjanua,Stranju Prih Škocjanuu,45.9069,15.2914,Jugovzhodna Slovenija,SI037
3813,Stranje Pri Velikem Gabru,Stranja Priv Velikema Gabrua,Stranju Prih Velikemu Gabruu,45.9104,15.0086,Jugovzhodna Slovenija,SI037
3814,Stranska Vas,Stranske Vasa,Stranski Vasu,45.8,15.1667,Jugovzhodna Slovenija,SI037
3815,Stranska Vas Ob Višnjici,Stranske Vasa Oba Višnjiciv,Stranski Vasu Obu Višnjicih,45.9374,14.8029,Osrednjeslovenska,SI041
3816,Stranska Vas Pri Semiču,Stranske Vasa Priv Semičua,Stranski Vasu Prih Semičuu,45.6546,15.1783,Jugovzhodna Slovenija,SI037
3817,Stranske Makole,Stranska Makola,Stransku Makolu,46.3174,15.6669,Podravska,SI032
3818,Stranski Vrh,Stranskiv Vrha,Stranskih Vrhu,46.0667,14.8167,Zasavska,SI035
3819,Straška Gorca,Straške Gorce,Straški Gorci,46.2176,15.396,Savinjska,SI034
3824,Straža Na Gori,Straže Ne Goriv,Straži Ni Gorih,46.2176,15.396,Savinjska,SI034
3825,Straža Pri Dolu,Straže Priv Dolua,Straži Prih Doluu,46.2933,15.3052,Savinjska,SI034
3826,Straža Pri Krškem,Straže Priv Krškema,Straži Prih Krškemu,45.95,15.4833,Posavska,SI036
3827,Straža Pri Moravčah,Straže Priv Moravčaha,Straži Prih Moravčahu,46.1356,14.7439,Osrednjeslovenska,SI041
3828,Straža Pri Novi Cerkvi,Straže Priv Noviv Cerkviv,Straži Prih Novih Cerkvih,46.2933,15.3052,Savinjska,SI034
3829,Straža Pri Oplotnici,Straže Priv Oplotniciv,Straži Prih Oplotnicih,46.386,15.4458,Podravska,SI032
3830,Straža Pri Raki,Straže Priv Rakiv,Straži Prih Rakih,45.95,15.4833,Posavska,SI036
3831,Stražgonjca,Stražgonjce,Stražgonjci,46.406,15.7983,Podravska,SI032
3832,Stražica,Stražice,Stražici,46.2933,15.3052,Savinjska,SI034
3833,Stražišče,Stražišča,Stražišču,45.7964,14.3581,Primorsko-notranjska,SI038
3834,Stražišče,Stražišča,Stražišču,46.5438,14.9119,Koroška,SI033
3835,Stražnji Vrh,Stražnjiv Vrha,Stražnjih Vrhu,45.5711,15.1889,Jugovzhodna Slovenija,SI037
3836,Strehovci,Strehovciv,Strehovcih,46.6515,16.3479,Pomurska,SI031
3837,Strejaci,Strejaciv,Strejacih,46.4299,15.9488,Podravska,SI032
3838,Strelac,Strelaca,Strelacu,45.8622,15.2214,Jugovzhodna Slovenija,SI037
3839,Strelci,Strelciv,Strelcih,46.3956,15.9314,Podravska,SI032
3840,Strensko,Strenska,Strensku,46.1563,15.2386,Savinjska,SI034
3841,Strezetina,Strezetine,Strezetini,46.4086,16.1475,Podravska,SI032
3842,Strjanci,Strjanciv,Strjancih,46.4086,16.1475,Podravska,SI032
3843,Strletje,Strletja,Strletju,45.8363,14.6377,Osrednjeslovenska,SI041
3844,Strmca,Strmce,Strmci,46.1563,15.2386,Savinjska,SI034
3845,Strmca,Strmce,Strmci,45.7759,14.2137,Primorsko-notranjska,SI038
3846,Strmec,Strmca,Strmcu,46.0025,14.0275,Goriška,SI043
3847,Strmec,Strmca,Strmcu,46.0667,14.8167,Zasavska,SI035
3848,Strmec,Strmca,Strmcu,46.3565,14.7436,Savinjska,SI034
3849,Strmec,Strmca,Strmcu,45.8363,14.6377,Osrednjeslovenska,SI041
3850,Strmec Na Predelu,Strmca Ne Predelua,Strmcu Ni Predeluu,46.3378,13.5522,Goriška,SI043
3851,Strmec Nad Dobrno,Strmca Nada Dobrna,Strmcu Nadu Dobrnu,46.3381,15.2293,Savinjska,SI034
3852,Strmec Pri Destrniku,Strmca Priv Destrnikua,Strmcu Prih Destrnikuu,46.4923,15.8801,Podravska,SI032
3853,Strmec Pri Leskovcu,Strmca Priv Leskovcua,Strmcu Prih Leskovcuu,45.8484,14.6944,Osrednjeslovenska,SI041
3854,Strmec Pri Ormožu,Strmca Priv Ormožua,Strmcu Prih Ormožuu,46.4086,16.1475,Podravska,SI032
3855,Strmec Pri Polenšaku,Strmca Priv Polenšakua,Strmcu Prih Polenšakuu,46.4299,15.9488,Podravska,SI032
3856,Strmec Pri Sv. Florijanu,Strmca Priv Sv.a Florijanua,Strmcu Prih Sv.u Florijanuu,46.2314,15.6381,Savinjska,SI034
3857,Strmica,Strmice,Strmici,46.1672,14.303,Gorenjska,SI042
3858,Strmica,Strmice,Strmici,45.9624,14.2937,Osrednjeslovenska,SI041
3859,Strmo Rebro,Strma Rebra,Strmu Rebru,45.95,15.4833,Posavska,SI036
3860,Strnišče,Strnišča,Strnišču,46.406,15.7983,Podravska,SI032
3861,Stročja Vas,Stročje Vasa,Stročji Vasu,46.5168,16.2027,Pomurska,SI031
3862,Strtenik,Strtenika,Strteniku,46.3383,15.4233,Savinjska,SI034
3863,Strug,Struga,Strugu,46.3174,15.6669,Podravska,SI032
3864,Strukovci,Strukovciv,Strukovcih,46.7039,16.1572,Pomurska,SI031
3865,Stružnica,Stružnice,Stružnici,45.5088,14.91,Jugovzhodna Slovenija,SI037
3866,Stržišče,Stržišča,Stržišču,46.0092,15.3041,Posavska,SI036
3867,Stržišče,Stržišča,Stržišču,46.1857,13.7352,Goriška,SI043
3868,Studena Gora,Studene Gore,Studeni Gori,45.5679,14.2527,Primorsko-notranjska,SI038
3869,Studenca,Studence,Studenci,46.2257,14.612,Osrednjeslovenska,SI041
3870,Studence,Studenca,Studencu,46.1479,15.1528,Savinjska,SI034
3871,Studence,Studenca,Studencu,46.251,15.1639,Savinjska,SI034
3872,Studenčice,Studenčica,Studenčicu,46.1382,14.4147,Osrednjeslovenska,SI041
3873,Studenčice,Studenčica,Studenčicu,46.3425,14.1721,Gorenjska,SI042
3874,Studenec,Studenca,Studencu,45.7759,14.2137,Primorsko-notranjska,SI038
3875,Studenec,Studenca,Studencu,46.0092,15.3041,Posavska,SI036
3876,Studenec,Studenca,Studencu,45.9104,15.0086,Jugovzhodna Slovenija,SI037
3877,Studenec Pri Krtini,Studenca Priv Krtiniv,Studencu Prih Krtinih,46.1394,14.595,Osrednjeslovenska,SI041
3878,Studenice,Studenica,Studenicu,46.3135,15.5791,Podravska,SI032
3879,Studeno,Studena,Studenu,45.7759,14.2137,Primorsko-notranjska,SI038
3880,Studeno,Studena,Studenu,46.2182,14.1592,Gorenjska,SI042
3882,Suha Pri Predosljah,Suhe Priv Predosljaha,Suhi Prih Predosljahu,46.2333,14.3667,Gorenjska,SI042
3883,Suhadol,Suhadola,Suhadolu,46.1563,15.2386,Savinjska,SI034
3884,Suhadol,Suhadola,Suhadolu,46.3383,15.4233,Savinjska,SI034
3885,Suhadole,Suhadola,Suhadolu,46.2073,14.539,Osrednjeslovenska,SI041
3886,Suhadole,Suhadola,Suhadolu,46.0667,14.8167,Zasavska,SI035
3887,Suhi Potok,Suhiv Potoka,Suhih Potoku,45.643,14.8594,Jugovzhodna Slovenija,SI037
3888,Suhi Vrh,Suhiv Vrha,Suhih Vrhu,46.5438,14.9119,Koroška,SI033
3890,Suhor,Suhora,Suhoru,45.5088,14.91,Jugovzhodna Slovenija,SI037
3891,Suhor,Suhora,Suhoru,45.8,15.1667,Jugovzhodna Slovenija,SI037
3892,Suhor Pri Dol. Toplicah,Suhora Priv Dol.a Toplicaha,Suhoru Prih Dol.u Toplicahu,45.7545,15.0583,Jugovzhodna Slovenija,SI037
3893,Suhorje,Suhorja,Suhorju,45.6833,14.2,Primorsko-notranjska,SI038
3896,Sušak,Sušaka,Sušaku,45.5679,14.2527,Primorsko-notranjska,SI038
3897,Sušica,Sušice,Sušici,45.9374,14.8029,Osrednjeslovenska,SI041
3898,Sušje,Sušja,Sušju,45.74,14.7308,Jugovzhodna Slovenija,SI037
3899,Sušje,Sušja,Sušju,46.5372,15.2733,Koroška,SI033
3900,Sužid,Sužida,Sužidu,46.2464,13.578,Goriška,SI043
3901,Sv. Ana V Slov. Goricah,Sv.a Ane Va Slov.a Goricaha,Sv.u Ani Vu Slov.u Goricahu,46.6497,15.8453,Podravska,SI032
3902,Sv. Andrej,Sv.a Andreja,Sv.u Andreju,46.1672,14.303,Gorenjska,SI042
3903,Sv. Anton,Sv.a Antona,Sv.u Antonu,45.55,13.7333,Obalno-kraška,SI044
3904,Sv. Barbara,Sv.a Barbare,Sv.u Barbari,46.1672,14.303,Gorenjska,SI042
3905,Sv. Boštjan,Sv.a Boštjana,Sv.u Boštjanu,46.5903,15.0236,Koroška,SI033
3906,Sv. Danijel,Sv.a Danijla,Sv.u Danijlu,46.5903,15.0236,Koroška,SI033
3907,Sv. Duh,Sv.a Duha,Sv.u Duhu,46.5903,15.0236,Koroška,SI033
3908,Sv. Duh,Sv.a Duha,Sv.u Duhu,46.1672,14.303,Gorenjska,SI042
3909,Sv. Ema,Sv.a Eme,Sv.u Emi,46.1573,15.5974,Savinjska,SI034
3910,Sv. Florijan,Sv.a Florijana,Sv.u Florijanu,46.2314,15.6381,Savinjska,SI034
3911,Sv. Gregor,Sv.a Gregora,Sv.u Gregoru,45.74,14.7308,Jugovzhodna Slovenija,SI037
3912,Sv. Gregor,Sv.a Gregora,Sv.u Gregoru,46.5372,15.2733,Koroška,SI033
3913,Sv. Jernej Nad Muto,Sv.a Jerneja Nada Muta,Sv.u Jerneju Nadu Mutu,46.6167,15.1667,Koroška,SI033
3914,Sv. Lenart,Sv.a Lenarta,Sv.u Lenartu,46.1672,14.303,Gorenjska,SI042
3915,Sv. Lovrenc,Sv.a Lovrenca,Sv.u Lovrencu,46.2369,15.0919,Savinjska,SI034
3916,Sv. Ožbolt,Sv.a Ožbolta,Sv.u Ožboltu,46.1672,14.303,Gorenjska,SI042
3917,Sv. Petra Hrib,Sv.a Petre Hriba,Sv.u Petri Hribu,46.1672,14.303,Gorenjska,SI042
3918,Sv. Primož Na Pohorju,Sv.a Primoža Ne Pohorjua,Sv.u Primožu Ni Pohorjuu,46.5992,15.1669,Koroška,SI033
3919,Sv. Primož Nad Muto,Sv.a Primoža Nada Muta,Sv.u Primožu Nadu Mutu,46.6167,15.1667,Koroška,SI033
3920,Sv. Tomaž,Sv.a Tomaža,Sv.u Tomažu,46.1672,14.303,Gorenjska,SI042
3921,Sv. Trije Kralji V Slov. Gor.,Sv.a Trija Kraljiv Va Slov.a Gor.a,Sv.u Triju Kraljih Vu Slov.u Gor.u,46.6065,15.8842,Podravska,SI032
3922,Sv. Trojica,Sv.a Trojice,Sv.u Trojici,46.1394,14.595,Osrednjeslovenska,SI041
3923,Sv. Vid,Sv.a Vida,Sv.u Vidu,46.5992,15.1669,Koroška,SI033
3924,Svečane,Svečana,Svečanu,46.6817,15.6481,Podravska,SI032
3925,Sveta Gora,Svete Gore,Sveti Gori,45.9558,13.6433,Goriška,SI043
3926,Sveta Planina,Svete Planine,Sveti Planini,46.15,15.05,Zasavska,SI035
3927,Svetelka,Svetelke,Svetelki,46.2176,15.396,Savinjska,SI034
3928,Sveti Andrej,Svetiv Andreja,Svetih Andreju,46.1356,14.7439,Osrednjeslovenska,SI041
3929,Sveti Florijan Nad Škofjo Loko,Svetiv Florijana Nada Škofja Loka,Svetih Florijanu Nadu Škofju Loku,46.1672,14.303,Gorenjska,SI042
3930,Sveti Jernej,Svetiv Jerneja,Svetih Jerneju,46.3383,15.4233,Savinjska,SI034
3931,Sveti Jošt Nad Kranjem,Svetiv Jošta Nada Kranjema,Svetih Joštu Nadu Kranjemu,46.2333,14.3667,Gorenjska,SI042
3932,Sveti Jurij,Svetiv Jurija,Svetih Juriju,46.8053,16.0344,Pomurska,SI031
3933,Sveti Vid,Svetiv Vida,Svetih Vidu,45.7964,14.3581,Primorsko-notranjska,SI038
3934,Svetina,Svetine,Svetini,46.2219,15.3111,Savinjska,SI034
3935,Svetinci,Svetinciv,Svetincih,46.4923,15.8801,Podravska,SI032
3936,Svetinja,Svetinje,Svetinji,45.9104,15.0086,Jugovzhodna Slovenija,SI037
3937,Svetinje,Svetinja,Svetinju,46.4086,16.1475,Podravska,SI032
3938,Svetli Dol,Svetliv Dola,Svetlih Dolu,46.2219,15.3111,Savinjska,SI034
3939,Svetli Potok,Svetliv Potoka,Svetlih Potoku,45.643,14.8594,Jugovzhodna Slovenija,SI037
3941,Svibnik,Svibnika,Svibniku,45.5711,15.1889,Jugovzhodna Slovenija,SI037
3942,Svibno,Svibna,Svibnu,46.0658,15.1728,Posavska,SI036
3943,Svinjsko,Svinjska,Svinjsku,46.0092,15.3041,Posavska,SI036
3944,Svino,Svina,Svinu,46.2464,13.578,Goriška,SI043
3945,Šafarsko,Šafarska,Šafarsku,46.5182,16.2882,Pomurska,SI031
3946,Šahovec,Šahovca,Šahovcu,45.9104,15.0086,Jugovzhodna Slovenija,SI037
3947,Šalamenci,Šalamenciv,Šalamencih,46.7039,16.1572,Pomurska,SI031
3948,Šalara,Šalare,Šalari,45.55,13.7333,Obalno-kraška,SI044
3949,Šalinci,Šalinciv,Šalincih,46.5168,16.2027,Pomurska,SI031
3950,Šalka Vas,Šalke Vasa,Šalki Vasu,45.643,14.8594,Jugovzhodna Slovenija,SI037
3951,Šalovci,Šalovcev,Šalovcih,46.825,16.2981,Pomurska,SI031
3952,Šardinje,Šardinja,Šardinju,46.4086,16.1475,Podravska,SI032
3953,Šared,Šareda,Šaredu,45.5344,13.6675,Obalno-kraška,SI044
3954,Šavna Peč,Šavne Peča,Šavni Peču,46.1479,15.1528,Savinjska,SI034
3955,Ščurki,Ščurkiv,Ščurkih,45.8363,14.6377,Osrednjeslovenska,SI041
3956,Ščurkovo,Ščurkova,Ščurkovu,45.7964,14.3581,Primorsko-notranjska,SI038
3957,Šebrelje,Šebrelja,Šebrelju,46.1278,13.9875,Goriška,SI043
3958,Šedem,Šedema,Šedemu,45.95,15.4833,Posavska,SI036
3959,Šedina,Šedine,Šedini,46.2176,15.396,Savinjska,SI034
3960,Šeki,Šekiv,Šekih,45.55,13.7333,Obalno-kraška,SI044
3961,Šembije,Šembija,Šembiju,45.5679,14.2527,Primorsko-notranjska,SI038
3962,Šempas,Šempasa,Šempasu,45.9558,13.6433,Goriška,SI043
3963,Šempeter V Savinj. Dolini,Šempetera Va Savinj.a Doliniv,Šempeteru Vu Savinj.u Dolinih,46.251,15.1639,Savinjska,SI034
3964,Šenbric,Šenbrica,Šenbricu,46.3625,15.1144,Savinjska,SI034
3965,Šenčur,Šenčurja,Šenčurju,46.243,14.4181,Gorenjska,SI042
3966,Šentanel,Šentanla,Šentanlu,46.5438,14.9119,Koroška,SI033
3967,Šentilj Pod Turjakom,Šentilja Poda Turjakoma,Šentilju Podu Turjakomu,46.4431,15.1931,Koroška,SI033
3968,Šentilj V Slov. Goricah,Šentilja Va Slov.a Goricaha,Šentilju Vu Slov.u Goricahu,46.6817,15.6481,Podravska,SI032
3969,Šentjakob,Šentjakoba,Šentjakobu,45.8389,15.3361,Jugovzhodna Slovenija,SI037
3970,Šentjanž,Šentjanža,Šentjanžu,46.0092,15.3041,Posavska,SI036
3971,Šentjanž Nad Dravčami,Šentjanža Nada Dravčamiv,Šentjanžu Nadu Dravčamih,46.5992,15.1669,Koroška,SI033
3972,Šentjanž Nad Štorami,Šentjanža Nada Štoramiv,Šentjanžu Nadu Štoramih,46.2219,15.3111,Savinjska,SI034
3973,Šentjanž Pri Dravogradu,Šentjanža Priv Dravogradua,Šentjanžu Prih Dravograduu,46.5903,15.0236,Koroška,SI033
3974,Šentjernej,Šentjerneja,Šentjerneju,45.8389,15.3361,Jugovzhodna Slovenija,SI037
3975,Šentjošt,Šentjošta,Šentjoštu,45.8,15.1667,Jugovzhodna Slovenija,SI037
3976,Šentjungert,Šentjungerta,Šentjungertu,46.2358,15.2675,Savinjska,SI034
3977,Šentjur,Šenturja,Šenturju,46.2176,15.396,Savinjska,SI034
3978,Šentjur Na Polju,Šentjura Ne Poljua,Šentjuru Ni Poljuu,46.0092,15.3041,Posavska,SI036
3979,Šentjurij Na Dolenjskem,Šentjurija Ne Dolenjskema,Šentjuriju Ni Dolenjskemu,45.858,15.0876,Jugovzhodna Slovenija,SI037
3980,Šentjurje,Šentjurja,Šentjurju,45.9374,14.8029,Osrednjeslovenska,SI041
3981,Šentlovrenc,Šentlovrenca,Šentlovrencu,45.9104,15.0086,Jugovzhodna Slovenija,SI037
3982,Šentovec,Šentovca,Šentovcu,46.3903,15.575,Podravska,SI032
3983,Šentožbolt,Šentožbolta,Šentožboltu,46.1686,14.6892,Osrednjeslovenska,SI041
3984,Šentpavel,Šentpavla,Šentpavlu,46.0514,14.5061,Osrednjeslovenska,SI041
3985,Šentpavel Na Dolenjskem,Šentpavla Ne Dolenjskema,Šentpavlu Ni Dolenjskemu,45.9374,14.8029,Osrednjeslovenska,SI041
3986,Šentpavel Pri Domžalah,Šentpavla Priv Domžalaha,Šentpavlu Prih Domžalahu,46.1394,14.595,Osrednjeslovenska,SI041
3987,Šentrupert,Šentruperta,Šentrupertu,46.2884,15.0386,Savinjska,SI034
3988,Šentrupert,Šentruperta,Šentrupertu,46.1563,15.2386,Savinjska,SI034
3989,Šentrupert,Šentruperta,Šentrupertu,45.9769,15.0897,Jugovzhodna Slovenija,SI037
3990,Šentvid Pri Lukovici,Šentvida Priv Lukoviciv,Šentvidu Prih Lukovicih,46.1686,14.6892,Osrednjeslovenska,SI041
3991,Šentvid Pri Planini,Šentvida Priv Planiniv,Šentvidu Prih Planinih,46.2176,15.396,Savinjska,SI034
3992,Šentvid Pri Stični,Šentvida Priv Stičniv,Šentvidu Prih Stičnih,45.9374,14.8029,Osrednjeslovenska,SI041
3993,Šentvid Pri Zavodnju,Šentvida Priv Zavodnjua,Šentvidu Prih Zavodnjuu,46.3798,15.0482,Savinjska,SI034
3994,Šentviška Gora,Šentviške Gore,Šentviški Gori,46.1857,13.7352,Goriška,SI043
3995,Šepulje,Šepulja,Šepulju,45.7034,13.8706,Obalno-kraška,SI044
3996,Šešče Pri Preboldu,Šešča Priv Preboldua,Šešču Prih Prebolduu,46.2369,15.0919,Savinjska,SI034
3997,Ševlje,Ševlja,Ševlju,46.1672,14.303,Gorenjska,SI042
3998,Ševnica,Ševnice,Ševnici,45.9476,15.0664,Jugovzhodna Slovenija,SI037
3999,Šibelji,Šibeljiv,Šibeljih,45.8159,13.7507,Obalno-kraška,SI044
4000,Šibenik,Šibenika,Šibeniku,46.2176,15.396,Savinjska,SI034
4001,Šikole,Šikola,Šikolu,46.406,15.7983,Podravska,SI032
4002,Šilentabor,Šilentabora,Šilentaboru,45.6833,14.2,Primorsko-notranjska,SI038
4003,Šinkov Turn,Šinkova Turna,Šinkovu Turnu,46.1897,14.4944,Osrednjeslovenska,SI041
4004,Šipek,Šipeka,Šipeku,45.5711,15.1889,Jugovzhodna Slovenija,SI037
4005,Širje,Širja,Širju,46.1563,15.2386,Savinjska,SI034
4006,Širmanski Hrib,Širmanskiv Hriba,Širmanskih Hribu,46.0667,14.8167,Zasavska,SI035
4007,Široka Set,Široke Seta,Široki Setu,46.0667,14.8167,Zasavska,SI035
4008,Škalce,Škalca,Škalcu,46.3383,15.4233,Savinjska,SI034
4010,Škalske Cirkovce,Škalska Cirkovca,Škalsku Cirkovcu,46.3625,15.1144,Savinjska,SI034
4011,Škamevec,Škamevca,Škamevcu,45.8363,14.6377,Osrednjeslovenska,SI041
4012,Škarnice,Škarnica,Škarnicu,46.1369,15.3945,Savinjska,SI034
4013,Škedenj,Škedenja,Škedenju,46.3383,15.4233,Savinjska,SI034
4014,Škocjan,Škocjana,Škocjanu,45.682,13.9702,Obalno-kraška,SI044
4015,Škocjan,Škocjana,Škocjanu,46.1394,14.595,Osrednjeslovenska,SI041
4016,Škocjan,Škocjana,Škocjanu,45.9551,14.6562,Osrednjeslovenska,SI041
4017,Škocjan,Škocjana,Škocjanu,45.55,13.7333,Obalno-kraška,SI044
4018,Škocjan,Škocjana,Škocjanu,45.9069,15.2914,Jugovzhodna Slovenija,SI037
4019,Škofce,Škofca,Škofcu,46.1563,15.2386,Savinjska,SI034
4020,Škofi,Škofiv,Škofih,45.8159,13.7507,Obalno-kraška,SI044
4021,Škofja Loka,Škofje Loke,Škofji Loki,46.1672,14.303,Gorenjska,SI042
4022,Škofja Riža,Škofje Riže,Škofji Riži,46.15,15.05,Zasavska,SI035
4023,Škofja Vas,Škofje Vasa,Škofji Vasu,46.2358,15.2675,Savinjska,SI034
4024,Škoflje,Škoflja,Škoflju,45.682,13.9702,Obalno-kraška,SI044
4025,Škoflje,Škoflja,Škoflju,45.9374,14.8029,Osrednjeslovenska,SI041
4026,Škofljica,Škofljice,Škofljici,45.9836,14.5761,Osrednjeslovenska,SI041
4027,Škovec,Škovca,Škovcu,46.0092,15.3041,Posavska,SI036
4028,Škovec,Škovca,Škovcu,45.9104,15.0086,Jugovzhodna Slovenija,SI037
4029,Škrajnek,Škrajneka,Škrajneku,45.74,14.7308,Jugovzhodna Slovenija,SI037
4030,Škrajnek,Škrajneka,Škrajneku,46.5372,15.2733,Koroška,SI033
4031,Škrbina,Škrbine,Škrbini,45.8159,13.7507,Obalno-kraška,SI044
4032,Škrilj,Škrilja,Škrilju,45.643,14.8594,Jugovzhodna Slovenija,SI037
4033,Škrilje,Škrilja,Škrilju,45.9692,14.5394,Osrednjeslovenska,SI041
4034,Škrjanče,Škrjanča,Škrjanču,45.9374,14.8029,Osrednjeslovenska,SI041
4035,Škrjanče,Škrjanča,Škrjanču,45.9476,15.0664,Jugovzhodna Slovenija,SI037
4036,Škrjanče Pri Novem Mestu,Škrjanča Priv Novema Mestua,Škrjanču Prih Novemu Mestuu,45.8,15.1667,Jugovzhodna Slovenija,SI037
4037,Škrjančevo,Škrjančeva,Škrjančevu,46.1394,14.595,Osrednjeslovenska,SI041
4038,Škrljevo,Škrljeva,Škrljevu,45.9769,15.0897,Jugovzhodna Slovenija,SI037
4039,Škrlovica,Škrlovice,Škrlovici,45.8363,14.6377,Osrednjeslovenska,SI041
4040,Šmalčja Vas,Šmalčje Vasa,Šmalčji Vasu,45.8389,15.3361,Jugovzhodna Slovenija,SI037
4041,Šmarca,Šmarce,Šmarci,46.2257,14.612,Osrednjeslovenska,SI041
4042,Šmarčna,Šmarčne,Šmarčni,46.0092,15.3041,Posavska,SI036
4043,Šmarje,Šmarja,Šmarju,45.8861,13.9097,Goriška,SI043
4044,Šmarje,Šmarja,Šmarju,45.55,13.7333,Obalno-kraška,SI044
4045,Šmarje,Šmarja,Šmarju,45.8389,15.3361,Jugovzhodna Slovenija,SI037
4046,Šmarje Pri Sežani,Šmarja Priv Sežaniv,Šmarju Prih Sežanih,45.7034,13.8706,Obalno-kraška,SI044
4047,Šmarje-Sap,Šmarja-Sapa,Šmarju-Sapu,45.9551,14.6562,Osrednjeslovenska,SI041
4048,Šmarješke Toplice,Šmarjeških Toplic,Šmarjeških Toplicah,45.8622,15.2214,Jugovzhodna Slovenija,SI037
4049,Šmarjeta,Šmarjete,Šmarjeti,45.8622,15.2214,Jugovzhodna Slovenija,SI037
4050,Šmarjeta Pri Celju,Šmarjete Priv Celjua,Šmarjeti Prih Celjuu,46.2358,15.2675,Savinjska,SI034
4051,Šmartinske Cirkovce,Šmartinska Cirkovca,Šmartinsku Cirkovcu,46.3625,15.1144,Savinjska,SI034
4052,Šmartno Na Pohorju,Šmartna Ne Pohorjua,Šmartnu Ni Pohorjuu,46.3903,15.575,Podravska,SI032
4053,Šmartno Ob Dreti,Šmartna Oba Dretiv,Šmartnu Obu Dretih,46.3202,14.9531,Savinjska,SI034
4054,Šmartno Pri Slovenj Gradcu,Šmartna Priv Slovenja Gradcua,Šmartnu Prih Slovenju Gradcuu,46.5094,15.0792,Koroška,SI033
4055,Šmartno V Rožni Dolini,Šmartna Va Rožniv Doliniv,Šmartnu Vu Rožnih Dolinih,46.2358,15.2675,Savinjska,SI034
4056,Šmartno V Tuhinju,Šmartna Va Tuhinjua,Šmartnu Vu Tuhinjuu,46.2257,14.612,Osrednjeslovenska,SI041
4057,Šmatevž,Šmatevža,Šmatevžu,46.2884,15.0386,Savinjska,SI034
4058,Šmaver,Šmavera,Šmaveru,45.9558,13.6433,Goriška,SI043
4059,Šmaver,Šmavera,Šmaveru,45.9104,15.0086,Jugovzhodna Slovenija,SI037
4060,Šmihel,Šmihla,Šmihlu,46.1563,15.2386,Savinjska,SI034
4061,Šmihel,Šmihla,Šmihlu,45.9558,13.6433,Goriška,SI043
4062,Šmihel,Šmihla,Šmihlu,45.6833,14.2,Primorsko-notranjska,SI038
4063,Šmihel Nad Mozirjem,Šmihla Nada Mozirjema,Šmihlu Nadu Mozirjemu,46.3381,14.9572,Savinjska,SI034
4064,Šmihel Pod Nanosom,Šmihla Poda Nanosoma,Šmihlu Podu Nanosomu,45.7759,14.2137,Primorsko-notranjska,SI038
4065,Šmihel Pri Žužemberku,Šmihla Priv Žužemberkua,Šmihlu Prih Žužemberkuu,45.8339,14.9292,Jugovzhodna Slovenija,SI037
4066,Šmiklavž,Šmiklavža,Šmiklavžu,46.5094,15.0792,Koroška,SI033
4067,Šmiklavž Pri Škofji Vasi,Šmiklavža Priv Škofjiv Vasiv,Šmiklavžu Prih Škofjih Vasih,46.2358,15.2675,Savinjska,SI034
4068,Šmohor,Šmohora,Šmohoru,46.1563,15.2386,Savinjska,SI034
4069,Šober,Šobera,Šoberu,46.5575,15.6456,Podravska,SI032
4070,Šomat,Šomata,Šomatu,46.6817,15.6481,Podravska,SI032
4071,Šoštanj,Šoštanja,Šoštanju,46.3798,15.0482,Savinjska,SI034
4072,Špeharji,Špeharjiv,Špeharjih,45.5711,15.1889,Jugovzhodna Slovenija,SI037
4073,Špitalič,Špitaliča,Špitaliču,46.2257,14.612,Osrednjeslovenska,SI041
4074,Špitalič Pri Slov. Konjicah,Špitaliča Priv Slov.a Konjicaha,Špitaliču Prih Slov.u Konjicahu,46.3383,15.4233,Savinjska,SI034
4075,Šprinc,Šprinca,Šprincu,46.5182,16.2882,Pomurska,SI031
4076,Šratovci,Šratovciv,Šratovcih,46.6428,16.0453,Pomurska,SI031
4077,Št. Jurij,Št.a Jurija,Št.u Juriju,45.9551,14.6562,Osrednjeslovenska,SI041
4078,Štajer,Štajera,Štajeru,45.5088,14.91,Jugovzhodna Slovenija,SI037
4079,Štajerska Vas,Štajerske Vasa,Štajerski Vasu,46.3383,15.4233,Savinjska,SI034
4080,Štajngrob,Štajngroba,Štajngrobu,46.0092,15.3041,Posavska,SI036
4081,Štajngrova,Štajngrove,Štajngrovi,46.6065,15.8842,Podravska,SI032
4082,Štalcerji,Štalcerjiv,Štalcerjih,45.643,14.8594,Jugovzhodna Slovenija,SI037
4083,Štanjel,Štanjla,Štanjlu,45.8159,13.7507,Obalno-kraška,SI044
4084,Štatenberg,Štatenberga,Štatenbergu,46.3174,15.6669,Podravska,SI032
4085,Štefan Pri Trebnjem,Štefana Priv Trebnjema,Štefanu Prih Trebnjemu,45.9104,15.0086,Jugovzhodna Slovenija,SI037
4086,Štjak,Štjaka,Štjaku,45.7034,13.8706,Obalno-kraška,SI044
4087,Štore,Štor,Štorah,46.2219,15.3111,Savinjska,SI034
4088,Štorje,Štorja,Štorju,45.7034,13.8706,Obalno-kraška,SI044
4089,Štravberk,Štravberka,Štravberku,45.8,15.1667,Jugovzhodna Slovenija,SI037
4090,Štrekljevec,Štrekljevca,Štrekljevcu,45.6546,15.1783,Jugovzhodna Slovenija,SI037
4091,Štrihovec,Štrihovca,Štrihovcu,46.6817,15.6481,Podravska,SI032
4092,Štrit,Štrita,Štritu,45.9069,15.2914,Jugovzhodna Slovenija,SI037
4093,Štrukljeva Vas,Štrukljeve Vasa,Štrukljevi Vasu,45.7964,14.3581,Primorsko-notranjska,SI038
4094,Šturmovci,Šturmovciv,Šturmovcih,45.8484,14.6944,Osrednjeslovenska,SI041
4095,Šulinci,Šulinciv,Šulincih,46.805,16.2172,Pomurska,SI031
4096,Šumnik,Šumnika,Šumniku,46.0667,14.8167,Zasavska,SI035
4097,Šutna,Šutne,Šutni,46.2333,14.3667,Gorenjska,SI042
4098,Šutna,Šutne,Šutni,45.95,15.4833,Posavska,SI036
4102,Tajhte,Tajhta,Tajhtu,46.2176,15.396,Savinjska,SI034
4103,Talčji Vrh,Talčjiv Vrha,Talčjih Vrhu,45.5711,15.1889,Jugovzhodna Slovenija,SI037
4104,Tanča Gora,Tanče Gore,Tanči Gori,45.5711,15.1889,Jugovzhodna Slovenija,SI037
4105,Tatinec,Tatinca,Tatincu,46.2333,14.3667,Gorenjska,SI042
4106,Tavžlje,Tavžlja,Tavžlju,45.7964,14.3581,Primorsko-notranjska,SI038
4107,Teharje,Teharja,Teharju,46.2358,15.2675,Savinjska,SI034
4108,Tehovec,Tehovca,Tehovcu,46.1382,14.4147,Osrednjeslovenska,SI041
4109,Tekačevo,Tekačeva,Tekačevu,46.2314,15.6381,Savinjska,SI034
4110,Telče,Telča,Telču,46.0092,15.3041,Posavska,SI036
4111,Telčice,Telčica,Telčicu,46.0092,15.3041,Posavska,SI036
4112,Temenica,Temenice,Temenici,45.9374,14.8029,Osrednjeslovenska,SI041
4113,Temljine,Temljina,Temljinu,46.1857,13.7352,Goriška,SI043
4114,Tenetiše,Tenetiša,Tenetišu,46.2333,14.3667,Gorenjska,SI042
4115,Tenetiše,Tenetiša,Tenetišu,46.0667,14.8167,Zasavska,SI035
4116,Tepanje,Tepanja,Tepanju,46.3383,15.4233,Savinjska,SI034
4117,Tepanjski Vrh,Tepanjskiv Vrha,Tepanjskih Vrhu,46.3383,15.4233,Savinjska,SI034
4118,Tepe,Tepa,Tepu,46.0667,14.8167,Zasavska,SI035
4120,Tešova,Tešove,Tešovi,46.172,14.8217,Osrednjeslovenska,SI041
4121,Tevče,Tevča,Tevču,45.8861,13.9097,Goriška,SI043
4122,Tevče,Tevča,Tevču,46.1563,15.2386,Savinjska,SI034
4123,Tibolci,Tibolciv,Tibolcih,46.4122,16.0131,Podravska,SI032
4124,Tihaboj,Tihaboja,Tihaboju,46.0667,14.8167,Zasavska,SI035
4125,Tinjan,Tinjana,Tinjanu,45.55,13.7333,Obalno-kraška,SI044
4126,Tinjska Gora,Tinjske Gore,Tinjski Gori,46.3903,15.575,Podravska,SI032
4127,Tišenpolj,Tišenpolja,Tišenpolju,45.5088,14.91,Jugovzhodna Slovenija,SI037
4128,Tišina,Tišine,Tišini,46.6558,16.0933,Pomurska,SI031
4131,Tolčane,Tolčana,Tolčanu,45.9374,14.8029,Osrednjeslovenska,SI041
4132,Tolmin,Tolmina,Tolminu,46.1857,13.7352,Goriška,SI043
4133,Tolminske Ravne,Tolminska Ravna,Tolminsku Ravnu,46.1857,13.7352,Goriška,SI043
4134,Tolminski Lom,Tolminskiv Loma,Tolminskih Lomu,46.1857,13.7352,Goriška,SI043
4135,Tolsti Vrh,Tolstiv Vrha,Tolstih Vrhu,46.0667,14.8167,Zasavska,SI035
4136,Tolsti Vrh,Tolstiv Vrha,Tolstih Vrhu,46.3383,15.4233,Savinjska,SI034
4137,Tolsti Vrh,Tolstiv Vrha,Tolstih Vrhu,45.8389,15.3361,Jugovzhodna Slovenija,SI037
4138,Tolsti Vrh P. R. Na K. – Del,Tolstiv Vrha P.a R.a Ne K.a –a Dla,Tolstih Vrhu P.u R.u Ni K.u –u Dlu,46.5903,15.0236,Koroška,SI033
4139,Tolsti Vrh Pri Mislinji,Tolstiv Vrha Priv Mislinjiv,Tolstih Vrhu Prih Mislinjih,46.4431,15.1931,Koroška,SI033
4140,Tomačevica,Tomačevice,Tomačevici,45.8159,13.7507,Obalno-kraška,SI044
4141,Tomaj,Tomaja,Tomaju,45.7034,13.8706,Obalno-kraška,SI044
4142,Tomaška Vas,Tomaške Vasa,Tomaški Vasu,46.5094,15.0792,Koroška,SI033
4143,Tomaž Nad Vojnikom,Tomaža Nada Vojnikoma,Tomažu Nadu Vojnikomu,46.2933,15.3052,Savinjska,SI034
4144,Tomažini,Tomažiniv,Tomažinih,45.8363,14.6377,Osrednjeslovenska,SI041
4145,Tomažja Vas,Tomažje Vasa,Tomažji Vasu,45.9069,15.2914,Jugovzhodna Slovenija,SI037
4146,Tominje,Tominja,Tominju,45.5679,14.2527,Primorsko-notranjska,SI038
4147,Tomišelj,Tomišelja,Tomišelju,45.9692,14.5394,Osrednjeslovenska,SI041
4148,Topla Reber,Tople Rebera,Topli Reberu,45.643,14.8594,Jugovzhodna Slovenija,SI037
4149,Topol Pri Begunjah,Topola Priv Begunjaha,Topolu Prih Begunjahu,45.7964,14.3581,Primorsko-notranjska,SI038
4150,Topol Pri Medvodah,Topola Priv Medvodaha,Topolu Prih Medvodahu,46.1382,14.4147,Osrednjeslovenska,SI041
4151,Topolc,Topolca,Topolcu,45.5679,14.2527,Primorsko-notranjska,SI038
4152,Topole,Topola,Topolu,46.1626,14.568,Osrednjeslovenska,SI041
4153,Topole,Topola,Topolu,46.2314,15.6381,Savinjska,SI034
4154,Topolje,Topolja,Topolju,46.2182,14.1592,Gorenjska,SI042
4155,Topolovec,Topolovca,Topolovcu,45.55,13.7333,Obalno-kraška,SI044
4156,Topolovo,Topolova,Topolovu,46.074,15.559,Savinjska,SI034
4157,Topolšica,Topolšice,Topolšici,46.3798,15.0482,Savinjska,SI034
4158,Topovlje,Topovlja,Topovlju,46.2884,15.0386,Savinjska,SI034
4159,Torka,Torke,Torki,46.2182,14.1592,Gorenjska,SI042
4160,Torovo,Torova,Torovu,46.1897,14.4944,Osrednjeslovenska,SI041
4161,Toško Čelo,Toška Čela,Tošku Čelu,46.0514,14.5061,Osrednjeslovenska,SI041
4162,Tovsto,Tovsta,Tovstu,46.1563,15.2386,Savinjska,SI034
4165,Tratna Ob Voglajni,Tratne Oba Voglajniv,Tratni Obu Voglajnih,46.2176,15.396,Savinjska,SI034
4166,Tratna Pri Grobelnem,Tratne Priv Grobelnema,Tratni Prih Grobelnemu,46.2176,15.396,Savinjska,SI034
4167,Travna Gora,Travne Gore,Travni Gori,45.7616,14.6363,Jugovzhodna Slovenija,SI037
4168,Travni Dol,Travniv Dola,Travnih Dolu,45.8,15.1667,Jugovzhodna Slovenija,SI037
4170,Trbinc,Trbinca,Trbincu,45.9476,15.0664,Jugovzhodna Slovenija,SI037
4171,Trboje,Trboja,Trboju,46.243,14.4181,Gorenjska,SI042
4172,Trbonje,Trbonja,Trbonju,46.5903,15.0236,Koroška,SI033
4173,Trbovlje,Trbovelj,Trbovljah,46.15,15.05,Zasavska,SI035
4174,Trčkov Grič,Trčkova Griča,Trčkovu Griču,45.9624,14.2937,Osrednjeslovenska,SI041
4175,Trčova,Trčove,Trčovi,46.5575,15.6456,Podravska,SI032
4176,Trdkova,Trdkove,Trdkovi,46.8333,16.0833,Pomurska,SI031
4177,Trdobojci,Trdobojciv,Trdobojcih,45.8484,14.6944,Osrednjeslovenska,SI041
4178,Trebanjski Vrh,Trebanjskiv Vrha,Trebanjskih Vrhu,45.9104,15.0086,Jugovzhodna Slovenija,SI037
4179,Trebča Vas,Trebče Vasa,Trebči Vasu,45.8339,14.9292,Jugovzhodna Slovenija,SI037
4180,Trebelno Pri Palovčah,Trebelna Priv Palovčaha,Trebelnu Prih Palovčahu,46.2257,14.612,Osrednjeslovenska,SI041
4181,Trebenče,Trebenča,Trebenču,46.1278,13.9875,Goriška,SI043
4182,Trebeše,Trebeša,Trebešu,45.55,13.7333,Obalno-kraška,SI044
4183,Trebež,Trebeža,Trebežu,45.9048,15.5922,Posavska,SI036
4184,Trebež,Trebeža,Trebežu,45.9374,14.8029,Osrednjeslovenska,SI041
4185,Trebižani,Trebižaniv,Trebižanih,45.8159,13.7507,Obalno-kraška,SI044
4186,Trebnja Gorica,Trebnje Gorice,Trebnji Gorici,45.9374,14.8029,Osrednjeslovenska,SI041
4187,Trebnje,Trebnjega,Trebnjem,45.9104,15.0086,Jugovzhodna Slovenija,SI037
4188,Trebnji Vrh,Trebnjiv Vrha,Trebnjih Vrhu,45.6546,15.1783,Jugovzhodna Slovenija,SI037
4189,Tremerje,Tremerja,Tremerju,46.2358,15.2675,Savinjska,SI034
4190,Trenta,Trente,Trenti,46.3378,13.5522,Goriška,SI043
4191,Trgovišče,Trgovišča,Trgovišču,46.4086,16.1475,Podravska,SI032
4192,Triban,Tribana,Tribanu,45.55,13.7333,Obalno-kraška,SI044
4193,Tribej,Tribeja,Tribeju,46.5903,15.0236,Koroška,SI033
4194,Tribuče,Tribuča,Tribuču,45.5711,15.1889,Jugovzhodna Slovenija,SI037
4195,Trimlini,Trimliniv,Trimlinih,46.5631,16.4519,Pomurska,SI031
4196,Trnava,Trnave,Trnavi,46.2884,15.0386,Savinjska,SI034
4197,Trniče,Trniča,Trniču,46.4664,15.7675,Podravska,SI032
4198,Trnjava,Trnjave,Trnjavi,46.1686,14.6892,Osrednjeslovenska,SI041
4199,Trnje,Trnja,Trnju,46.5747,16.2937,Pomurska,SI031
4200,Trnje,Trnja,Trnju,45.6833,14.2,Primorsko-notranjska,SI038
4201,Trnje,Trnja,Trnju,46.1672,14.303,Gorenjska,SI042
4202,Trnje,Trnja,Trnju,45.9104,15.0086,Jugovzhodna Slovenija,SI037
4203,Trno,Trna,Trnu,46.2176,15.396,Savinjska,SI034
4204,Trnov Hrib,Trnova Hriba,Trnovu Hribu,46.1563,15.2386,Savinjska,SI034
4205,Trnovče,Trnovča,Trnovču,46.1686,14.6892,Osrednjeslovenska,SI041
4206,Trnovec,Trnovca,Trnovcu,45.643,14.8594,Jugovzhodna Slovenija,SI037
4207,Trnovec,Trnovca,Trnovcu,46.1382,14.4147,Osrednjeslovenska,SI041
4208,Trnovec,Trnovca,Trnovcu,46.0092,15.3041,Posavska,SI036
4209,Trnovec,Trnovca,Trnovcu,45.8484,14.6944,Osrednjeslovenska,SI041
4210,Trnovec Pri Dramljah,Trnovca Priv Dramljaha,Trnovcu Prih Dramljahu,46.2176,15.396,Savinjska,SI034
4211,Trnovec Pri Slovenski Bistrici,Trnovca Priv Slovenskiv Bistriciv,Trnovcu Prih Slovenskih Bistricih,46.3903,15.575,Podravska,SI032
4212,Trnovica,Trnovice,Trnovici,45.9374,14.8029,Osrednjeslovenska,SI041
4213,Trnovlje Pri Celju,Trnovlja Priv Celjua,Trnovlju Prih Celjuu,46.2358,15.2675,Savinjska,SI034
4214,Trnovlje Pri Socki,Trnovlja Priv Sockiv,Trnovlju Prih Sockih,46.2933,15.3052,Savinjska,SI034
4215,Trnovo,Trnova,Trnovu,46.1563,15.2386,Savinjska,SI034
4216,Trnovo,Trnova,Trnovu,45.9558,13.6433,Goriška,SI043
4217,Trnovo Ob Soči,Trnova Oba Sočiv,Trnovu Obu Sočih,46.2464,13.578,Goriška,SI043
4218,Trnovska Vas,Trnovske Vasa,Trnovski Vasu,46.5231,15.8978,Podravska,SI032
4219,Trnovski Vrh,Trnovskiv Vrha,Trnovskih Vrhu,46.5231,15.8978,Podravska,SI032
4220,Trobelno,Trobelna,Trobelnu,46.2257,14.612,Osrednjeslovenska,SI041
4221,Troblje,Troblja,Troblju,46.5094,15.0792,Koroška,SI033
4222,Trobni Dol,Trobniv Dola,Trobnih Dolu,46.1563,15.2386,Savinjska,SI034
4223,Trojane,Trojana,Trojanu,46.1686,14.6892,Osrednjeslovenska,SI041
4224,Trojno,Trojna,Trojnu,46.1563,15.2386,Savinjska,SI034
4225,Tropovci,Tropovciv,Tropovcih,46.6558,16.0933,Pomurska,SI031
4226,Troščine,Troščina,Troščinu,45.9551,14.6562,Osrednjeslovenska,SI041
4227,Trotkova,Trotkove,Trotkovi,46.6065,15.8842,Podravska,SI032
4228,Trpčane,Trpčana,Trpčanu,45.5679,14.2527,Primorsko-notranjska,SI038
4229,Trsek,Trseka,Trseku,45.55,13.7333,Obalno-kraška,SI044
4230,Trstenik,Trstenika,Trsteniku,46.6065,15.8842,Podravska,SI032
4231,Trstenik,Trstenika,Trsteniku,46.2333,14.3667,Gorenjska,SI042
4232,Trstenik,Trstenika,Trsteniku,46.4086,16.1475,Podravska,SI032
4233,Trstenik,Trstenika,Trsteniku,45.9769,15.0897,Jugovzhodna Slovenija,SI037
4234,Trščina,Trščine,Trščini,46.0092,15.3041,Posavska,SI036
4235,Trška Gora,Trške Gore,Trški Gori,45.95,15.4833,Posavska,SI036
4236,Trška Gora,Trške Gore,Trški Gori,45.8,15.1667,Jugovzhodna Slovenija,SI037
4237,Trška Gorca,Trške Gorce,Trški Gorci,46.2176,15.396,Savinjska,SI034
4238,Trtnik,Trtnika,Trtniku,46.1857,13.7352,Goriška,SI043
4239,Truške,Truška,Trušku,45.55,13.7333,Obalno-kraška,SI044
4240,Trzin,Trzina,Trzinu,46.1353,14.56,Osrednjeslovenska,SI041
4241,Tržec,Tržca,Tržcu,45.8484,14.6944,Osrednjeslovenska,SI041
4242,Tržič,Tržiča,Tržiču,46.3581,14.293,Gorenjska,SI042
4243,Tržišče,Tržišča,Tržišču,46.2314,15.6381,Savinjska,SI034
4244,Tržišče,Tržišča,Tržišču,46.0092,15.3041,Posavska,SI036
4245,Tublje Pri Komnu,Tublja Priv Komnua,Tublju Prih Komnuu,45.7034,13.8706,Obalno-kraška,SI044
4246,Tučna,Tučne,Tučni,46.2257,14.612,Osrednjeslovenska,SI041
4247,Tuji Grm,Tujiv Grma,Tujih Grmu,46.0514,14.5061,Osrednjeslovenska,SI041
4248,Tuljaki,Tuljakiv,Tuljakih,45.55,13.7333,Obalno-kraška,SI044
4249,Tuncovec,Tuncovca,Tuncovcu,46.2314,15.6381,Savinjska,SI034
4250,Tunjice,Tunjica,Tunjicu,46.2257,14.612,Osrednjeslovenska,SI041
4251,Tunjiška Mlaka,Tunjiške Mlake,Tunjiški Mlaki,46.2257,14.612,Osrednjeslovenska,SI041
4252,Tupaliče,Tupaliča,Tupaliču,46.3052,14.4203,Gorenjska,SI042
4253,Tupelče,Tupelča,Tupelču,45.8159,13.7507,Obalno-kraška,SI044
4254,Turiška Vas,Turiške Vasa,Turiški Vasu,46.5094,15.0792,Koroška,SI033
4255,Turiška Vas Na Pohorju,Turiške Vasa Ne Pohorjua,Turiški Vasu Ni Pohorjuu,46.3903,15.575,Podravska,SI032
4256,Turjak,Turjaka,Turjaku,45.8363,14.6377,Osrednjeslovenska,SI041
4257,Turjanci,Turjanciv,Turjancih,46.6428,16.0453,Pomurska,SI031
4258,Turjanski Vrh,Turjanskiv Vrha,Turjanskih Vrhu,46.6428,16.0453,Pomurska,SI031
4259,Turje,Turja,Turju,46.1479,15.1528,Savinjska,SI034
4260,Turnišče,Turnišča,Turnišču,46.6194,16.3223,Pomurska,SI031
4261,Turno,Turna,Turnu,46.2176,15.396,Savinjska,SI034
4262,Turnše,Turnša,Turnšu,46.1394,14.595,Osrednjeslovenska,SI041
4263,Turški Vrh,Turškiv Vrha,Turških Vrhu,46.3917,16.0497,Podravska,SI032
4264,Tušev Dol,Tuševa Dola,Tuševu Dolu,45.5711,15.1889,Jugovzhodna Slovenija,SI037
4265,Učak,Učaka,Učaku,46.1686,14.6892,Osrednjeslovenska,SI041
4266,Učakovci,Učakovciv,Učakovcih,45.5711,15.1889,Jugovzhodna Slovenija,SI037
4267,Udje,Udja,Udju,45.9551,14.6562,Osrednjeslovenska,SI041
4268,Udmat,Udmata,Udmatu,46.1563,15.2386,Savinjska,SI034
4269,Ugovec,Ugovca,Ugovcu,46.386,15.4458,Podravska,SI032
4270,Ukanje,Ukanja,Ukanju,46.088,13.6347,Goriška,SI043
4271,Ulaka,Ulake,Ulaki,45.8363,14.6377,Osrednjeslovenska,SI041
4272,Unec,Unca,Uncu,45.7964,14.3581,Primorsko-notranjska,SI038
4273,Unično,Unična,Uničnu,46.1479,15.1528,Savinjska,SI034
4274,Uniše,Uniša,Unišu,46.2176,15.396,Savinjska,SI034
4275,Urh,Urha,Urhu,46.3903,15.575,Podravska,SI032
4276,Uršna Sela,Uršne Sele,Uršni Seli,45.8,15.1667,Jugovzhodna Slovenija,SI037
4277,Ustje,Ustja,Ustju,45.8861,13.9097,Goriška,SI043
4278,Utik,Utika,Utiku,46.1897,14.4944,Osrednjeslovenska,SI041
4279,Utovlje,Utovlja,Utovlju,45.7034,13.8706,Obalno-kraška,SI044
4280,Uzmani,Uzmaniv,Uzmanih,45.8363,14.6377,Osrednjeslovenska,SI041
4281,V Zideh,Va Zideha,Vu Zidehu,46.1686,14.6892,Osrednjeslovenska,SI041
4282,Vače,Vača,Vaču,46.0667,14.8167,Zasavska,SI035
4283,Vadarci,Vadarciv,Vadarcih,46.7039,16.1572,Pomurska,SI031
4284,Vadiče,Vadiča,Vadiču,46.3581,14.293,Gorenjska,SI042
4285,Vajgen,Vajgena,Vajgenu,46.6099,15.6714,Podravska,SI032
4286,Valburga,Valburge,Valburgi,46.1382,14.4147,Osrednjeslovenska,SI041
4287,Vale,Vala,Valu,45.8159,13.7507,Obalno-kraška,SI044
4288,Valična Vas,Valične Vasa,Valični Vasu,45.9374,14.8029,Osrednjeslovenska,SI041
4289,Valterski Vrh,Valterskiv Vrha,Valterskih Vrhu,46.1672,14.303,Gorenjska,SI042
4290,Vanča Vas,Vanče Vasa,Vanči Vasu,46.6558,16.0933,Pomurska,SI031
4291,Vaneča,Vaneče,Vaneči,46.7039,16.1572,Pomurska,SI031
4292,Vanetina,Vanetine,Vanetini,46.566,15.9429,Podravska,SI032
4293,Vanganel,Vanganla,Vanganlu,45.55,13.7333,Obalno-kraška,SI044
4294,Vareja,Vareje,Vareji,45.8484,14.6944,Osrednjeslovenska,SI041
4295,Vareje,Vareja,Vareju,45.682,13.9702,Obalno-kraška,SI044
4296,Varoš,Varoša,Varošu,46.3174,15.6669,Podravska,SI032
4298,Vaseno,Vasena,Vasenu,46.2257,14.612,Osrednjeslovenska,SI041
4300,Vatovlje,Vatovlja,Vatovlju,45.682,13.9702,Obalno-kraška,SI044
4301,Vavpča Vas Pri Dobrniču,Vavpče Vasa Priv Dobrničua,Vavpči Vasu Prih Dobrničuu,45.9104,15.0086,Jugovzhodna Slovenija,SI037
4302,Vavta Vas,Vavte Vasa,Vavti Vasu,45.7864,15.0745,Jugovzhodna Slovenija,SI037
4303,Večeslavci,Večeslavciv,Večeslavcih,46.8053,16.0344,Pomurska,SI031
4304,Večje Brdo,Večja Brda,Večju Brdu,46.1369,15.3945,Savinjska,SI034
4305,Večkoti,Večkotiv,Večkotih,45.8159,13.7507,Obalno-kraška,SI044
4306,Vejar,Vejara,Vejaru,45.9104,15.0086,Jugovzhodna Slovenija,SI037
4307,Vejice,Vejica,Vejicu,46.2176,15.396,Savinjska,SI034
4308,Velenje,Velenja,Velenju,46.3625,15.1144,Savinjska,SI034
4309,Veličane,Veličana,Veličanu,46.4086,16.1475,Podravska,SI032
4310,Velika Brda,Velike Brde,Veliki Brdi,45.7759,14.2137,Primorsko-notranjska,SI038
4311,Velika Bukovica,Velike Bukovice,Veliki Bukovici,45.5679,14.2527,Primorsko-notranjska,SI038
4312,Velika Dobrava,Velike Dobrave,Veliki Dobravi,45.9374,14.8029,Osrednjeslovenska,SI041
4313,Velika Dolina,Velike Doline,Veliki Dolini,45.9048,15.5922,Posavska,SI036
4314,Velika Goba,Velike Gobe,Veliki Gobi,46.0667,14.8167,Zasavska,SI035
4315,Velika Hubajnica,Velike Hubajnice,Veliki Hubajnici,46.0092,15.3041,Posavska,SI036
4316,Velika Ilova Gora,Velike Ilove Gore,Veliki Ilovi Gori,45.9551,14.6562,Osrednjeslovenska,SI041
4317,Velika Lahinja,Velike Lahinje,Veliki Lahinji,45.5711,15.1889,Jugovzhodna Slovenija,SI037
4318,Velika Lašna,Velike Lašne,Veliki Lašni,46.2257,14.612,Osrednjeslovenska,SI041
4319,Velika Ligojna,Velike Ligojne,Veliki Ligojni,45.9624,14.2937,Osrednjeslovenska,SI041
4320,Velika Loka,Velike Loke,Veliki Loki,45.9551,14.6562,Osrednjeslovenska,SI041
4321,Velika Loka,Velike Loke,Veliki Loki,45.9104,15.0086,Jugovzhodna Slovenija,SI037
4322,Velika Nedelja,Velike Nedelje,Veliki Nedelji,46.4086,16.1475,Podravska,SI032
4323,Velika Pirešica,Velike Pirešice,Veliki Pirešici,46.251,15.1639,Savinjska,SI034
4324,Velika Planina,Velike Planine,Veliki Planini,46.2257,14.612,Osrednjeslovenska,SI041
4325,Velika Polana,Velike Polane,Veliki Polani,46.5719,16.3472,Pomurska,SI031
4326,Velika Preska,Velike Preske,Veliki Preski,46.0667,14.8167,Zasavska,SI035
4327,Velika Pristava,Velike Pristave,Veliki Pristavi,45.6833,14.2,Primorsko-notranjska,SI038
4328,Velika Račna,Velike Račne,Veliki Račni,45.9551,14.6562,Osrednjeslovenska,SI041
4329,Velika Raven,Velike Ravena,Veliki Ravenu,46.2933,15.3052,Savinjska,SI034
4330,Velika Sela,Velike Sele,Veliki Seli,45.5711,15.1889,Jugovzhodna Slovenija,SI037
4331,Velika Slevica,Velike Slevice,Veliki Slevici,45.8363,14.6377,Osrednjeslovenska,SI041
4332,Velika Stara Vas,Velike Stare Vasa,Veliki Stari Vasu,45.9551,14.6562,Osrednjeslovenska,SI041
4333,Velika Ševnica,Velike Ševnice,Veliki Ševnici,45.9104,15.0086,Jugovzhodna Slovenija,SI037
4334,Velika Varnica,Velike Varnice,Veliki Varnici,45.8484,14.6944,Osrednjeslovenska,SI041
4335,Velika Vas,Velike Vasa,Veliki Vasu,46.1356,14.7439,Osrednjeslovenska,SI041
4336,Velika Vas Pri Krškem,Velike Vasa Priv Krškema,Veliki Vasu Prih Krškemu,45.95,15.4833,Posavska,SI036
4337,Velike Brusnice,Velika Brusnica,Veliku Brusnicu,45.8,15.1667,Jugovzhodna Slovenija,SI037
4338,Velike Češnjice,Velika Češnjica,Veliku Češnjicu,45.9374,14.8029,Osrednjeslovenska,SI041
4339,Velike Dole,Velika Dola,Veliku Dolu,45.9104,15.0086,Jugovzhodna Slovenija,SI037
4340,Velike Dole Pri Temenici,Velika Dola Priv Temeniciv,Veliku Dolu Prih Temenicih,45.9374,14.8029,Osrednjeslovenska,SI041
4341,Velike Gorelce,Velika Gorelca,Veliku Gorelcu,46.1563,15.2386,Savinjska,SI034
4342,Velike Grahovše,Velika Grahovša,Veliku Grahovšu,46.1563,15.2386,Savinjska,SI034
4343,Velike Kompolje,Velika Kompolja,Veliku Kompolju,45.9374,14.8029,Osrednjeslovenska,SI041
4344,Velike Lašče,Velikih Lašč,Velikih Laščah,45.8363,14.6377,Osrednjeslovenska,SI041
4345,Velike Lese,Velika Lesa,Veliku Lesu,45.9374,14.8029,Osrednjeslovenska,SI041
4346,Velike Lipljene,Velika Lipljena,Veliku Lipljenu,45.9551,14.6562,Osrednjeslovenska,SI041
4347,Velike Malence,Velika Malenca,Veliku Malencu,45.9048,15.5922,Posavska,SI036
4348,Velike Pece,Velika Peca,Veliku Pecu,45.9374,14.8029,Osrednjeslovenska,SI041
4349,Velike Poljane,Velika Poljana,Veliku Poljanu,45.74,14.7308,Jugovzhodna Slovenija,SI037
4350,Velike Poljane,Velika Poljana,Veliku Poljanu,46.5372,15.2733,Koroška,SI033
4351,Velike Poljane,Velika Poljana,Veliku Poljanu,45.9069,15.2914,Jugovzhodna Slovenija,SI037
4352,Velike Rebrce,Velika Rebrca,Veliku Rebrcu,45.9374,14.8029,Osrednjeslovenska,SI041
4353,Velike Rodne,Velika Rodna,Veliku Rodnu,46.2314,15.6381,Savinjska,SI034
4354,Velike Vrhe,Velika Vrha,Veliku Vrhu,45.9374,14.8029,Osrednjeslovenska,SI041
4355,Velike Žablje,Velika Žablja,Veliku Žablju,45.8861,13.9097,Goriška,SI043
4356,Veliki Ban,Velikiv Bana,Velikih Banu,45.8389,15.3361,Jugovzhodna Slovenija,SI037
4357,Veliki Brebrovnik,Velikiv Brebrovnika,Velikih Brebrovniku,46.4086,16.1475,Podravska,SI032
4358,Veliki Cerovec,Velikiv Cerovca,Velikih Cerovcu,45.8,15.1667,Jugovzhodna Slovenija,SI037
4359,Veliki Cirnik,Velikiv Cirnika,Velikih Cirniku,46.0092,15.3041,Posavska,SI036
4360,Veliki Dol,Velikiv Dola,Velikih Dolu,45.95,15.4833,Posavska,SI036
4361,Veliki Dol,Velikiv Dola,Velikih Dolu,45.7034,13.8706,Obalno-kraška,SI044
4362,Veliki Gaber,Velikiv Gabera,Velikih Gaberu,45.9104,15.0086,Jugovzhodna Slovenija,SI037
4363,Veliki Hrib,Velikiv Hriba,Velikih Hribu,46.2257,14.612,Osrednjeslovenska,SI041
4364,Veliki Jelnik,Velikiv Jelnika,Velikih Jelniku,46.1686,14.6892,Osrednjeslovenska,SI041
4365,Veliki Kal,Velikiv Kala,Velikih Kalu,45.9374,14.8029,Osrednjeslovenska,SI041
4366,Veliki Kal,Velikiv Kala,Velikih Kalu,45.858,15.0876,Jugovzhodna Slovenija,SI037
4367,Veliki Kamen,Velikiv Kamena,Velikih Kamenu,45.95,15.4833,Posavska,SI036
4368,Veliki Koren,Velikiv Korena,Velikih Korenu,45.95,15.4833,Posavska,SI036
4369,Veliki Korinj,Velikiv Korinja,Velikih Korinju,45.9374,14.8029,Osrednjeslovenska,SI041
4370,Veliki Lipoglav,Velikiv Lipoglava,Velikih Lipoglavu,46.0514,14.5061,Osrednjeslovenska,SI041
4371,Veliki Lipovec,Velikiv Lipovca,Velikih Lipovcu,45.8339,14.9292,Jugovzhodna Slovenija,SI037
4372,Veliki Ločnik,Velikiv Ločnika,Velikih Ločniku,45.8363,14.6377,Osrednjeslovenska,SI041
4373,Veliki Nerajec,Velikiv Nerajca,Velikih Nerajcu,45.5711,15.1889,Jugovzhodna Slovenija,SI037
4374,Veliki Obrež,Velikiv Obreža,Velikih Obrežu,45.9048,15.5922,Posavska,SI036
4375,Veliki Okič,Velikiv Okiča,Velikih Okiču,45.8484,14.6944,Osrednjeslovenska,SI041
4376,Veliki Orehek,Velikiv Oreheka,Velikih Oreheku,45.8,15.1667,Jugovzhodna Slovenija,SI037
4377,Veliki Osolnik,Velikiv Osolnika,Velikih Osolniku,45.8363,14.6377,Osrednjeslovenska,SI041
4378,Veliki Otok,Velikiv Otoka,Velikih Otoku,45.7759,14.2137,Primorsko-notranjska,SI038
4379,Veliki Podljuben,Velikiv Podljubena,Velikih Podljubenu,45.8,15.1667,Jugovzhodna Slovenija,SI037
4380,Veliki Podlog,Velikiv Podloga,Velikih Podlogu,45.95,15.4833,Posavska,SI036
4381,Veliki Rakitovec,Velikiv Rakitovca,Velikih Rakitovcu,46.2257,14.612,Osrednjeslovenska,SI041
4382,Veliki Rigelj,Velikiv Rigelja,Velikih Rigelju,45.7545,15.0583,Jugovzhodna Slovenija,SI037
4383,Veliki Slatnik,Velikiv Slatnika,Velikih Slatniku,45.8,15.1667,Jugovzhodna Slovenija,SI037
4384,Veliki Trn,Velikiv Trna,Velikih Trnu,45.95,15.4833,Posavska,SI036
4385,Veliki Videm,Velikiv Videma,Velikih Videmu,45.9104,15.0086,Jugovzhodna Slovenija,SI037
4386,Veliki Vrh,Velikiv Vrha,Velikih Vrhu,46.3436,15.9941,Podravska,SI032
4387,Veliki Vrh Pri Litiji,Velikiv Vrha Priv Litijiv,Velikih Vrhu Prih Litijih,46.0667,14.8167,Zasavska,SI035
4388,Veliki Vrh Pri Šmarju,Velikiv Vrha Priv Šmarjua,Velikih Vrhu Prih Šmarjuu,45.9551,14.6562,Osrednjeslovenska,SI041
4389,Veliko Brdo,Velika Brda,Veliku Brdu,45.5679,14.2527,Primorsko-notranjska,SI038
4390,Veliko Črnelo,Velika Črnela,Veliku Črnelu,45.9374,14.8029,Osrednjeslovenska,SI041
4391,Veliko Globoko,Velika Globoka,Veliku Globoku,45.9374,14.8029,Osrednjeslovenska,SI041
4392,Veliko Lipje,Velika Lipja,Veliku Lipju,45.8339,14.9292,Jugovzhodna Slovenija,SI037
4393,Veliko Mlačevo,Velika Mlačeva,Veliku Mlačevu,45.9551,14.6562,Osrednjeslovenska,SI041
4394,Veliko Mraševo,Velika Mraševa,Veliku Mraševu,45.95,15.4833,Posavska,SI036
4395,Veliko Polje,Velika Polja,Veliku Polju,45.7034,13.8706,Obalno-kraška,SI044
4396,Veliko Širje,Velika Širja,Veliku Širju,46.1563,15.2386,Savinjska,SI034
4397,Veliko Tinje,Velika Tinja,Veliku Tinju,46.3903,15.575,Podravska,SI032
4398,Veliko Trebeljevo,Velika Trebeljeva,Veliku Trebeljevu,46.0514,14.5061,Osrednjeslovenska,SI041
4399,Veliko Ubeljsko,Velika Ubeljska,Veliku Ubeljsku,45.7759,14.2137,Primorsko-notranjska,SI038
4400,Velka,Velke,Velki,46.5903,15.0236,Koroška,SI033
4401,Veniše,Veniša,Venišu,45.95,15.4833,Posavska,SI036
4402,Verače,Verača,Veraču,46.1573,15.5974,Savinjska,SI034
4403,Verd,Verda,Verdu,45.9624,14.2937,Osrednjeslovenska,SI041
4404,Verdun,Verduna,Verdunu,45.8,15.1667,Jugovzhodna Slovenija,SI037
4405,Verdun Pri Uršnih Selih,Verduna Priv Uršniha Seliha,Verdunu Prih Uršnihu Selihu,45.7545,15.0583,Jugovzhodna Slovenija,SI037
4406,Verje,Verja,Verju,46.1382,14.4147,Osrednjeslovenska,SI041
4407,Vernek,Verneka,Verneku,46.0667,14.8167,Zasavska,SI035
4408,Verpete,Verpeta,Verpetu,46.2933,15.3052,Savinjska,SI034
4409,Veržej,Veržeja,Veržeju,46.5818,16.1623,Pomurska,SI031
4410,Vesca,Vesce,Vesci,46.1897,14.4944,Osrednjeslovenska,SI041
4411,Vesela Gora,Vesele Gore,Veseli Gori,45.9769,15.0897,Jugovzhodna Slovenija,SI037
4412,Veščica,Veščice,Veščici,46.6667,16.1667,Pomurska,SI031
4413,Veščica,Veščice,Veščici,46.5182,16.2882,Pomurska,SI031
4414,Vešenik,Vešenika,Vešeniku,46.3383,15.4233,Savinjska,SI034
4415,Vešter,Veštera,Vešteru,46.1672,14.303,Gorenjska,SI042
4416,Vetrnik,Vetrnika,Vetrniku,46.074,15.559,Savinjska,SI034
4417,Vezovje,Vezovja,Vezovju,46.2176,15.396,Savinjska,SI034
4418,Vič,Viča,Viču,46.5903,15.0236,Koroška,SI033
4419,Vičanci,Vičanciv,Vičancih,46.4086,16.1475,Podravska,SI032
4420,Vidanovci,Vidanovciv,Vidanovcih,46.5168,16.2027,Pomurska,SI031
4421,Videm,Vidma,Vidmu,45.95,15.4833,Posavska,SI036
4422,Videm Pri Lukovici,Videma Priv Lukoviciv,Videmu Prih Lukovicih,46.1686,14.6892,Osrednjeslovenska,SI041
4423,Videm Pri Ptuju,Videma Priv Ptujua,Videmu Prih Ptujuu,45.8484,14.6944,Osrednjeslovenska,SI041
4424,Videm Pri Temenici,Videma Priv Temeniciv,Videmu Prih Temenicih,45.9374,14.8029,Osrednjeslovenska,SI041
4425,Videž,Videža,Videžu,46.3903,15.575,Podravska,SI032
4426,Vidonci,Vidonciv,Vidoncih,46.7977,16.0984,Pomurska,SI031
4427,Vidovica,Vidovice,Vidovici,46.1573,15.5974,Savinjska,SI034
4428,Vihre,Vihra,Vihru,45.95,15.4833,Posavska,SI036
4429,Vikrče,Vikrča,Vikrču,46.1382,14.4147,Osrednjeslovenska,SI041
4430,Vimolj,Vimolja,Vimolju,45.5088,14.91,Jugovzhodna Slovenija,SI037
4431,Vimolj Pri Predgradu,Vimolja Priv Predgradua,Vimolju Prih Predgraduu,45.643,14.8594,Jugovzhodna Slovenija,SI037
4432,Vinarje,Vinarja,Vinarju,46.5575,15.6456,Podravska,SI032
4433,Vinarje,Vinarja,Vinarju,46.3903,15.575,Podravska,SI032
4434,Vincarje,Vincarja,Vincarju,46.1672,14.303,Gorenjska,SI042
4435,Vine,Vina,Vinu,46.2933,15.3052,Savinjska,SI034
4436,Vinec,Vinca,Vincu,46.2314,15.6381,Savinjska,SI034
4437,Vinica,Vinice,Vinici,45.5711,15.1889,Jugovzhodna Slovenija,SI037
4438,Vinica Pri Šmarjeti,Vinice Priv Šmarjetiv,Vinici Prih Šmarjetih,45.8622,15.2214,Jugovzhodna Slovenija,SI037
4439,Vinice,Vinica,Vinicu,45.7616,14.6363,Jugovzhodna Slovenija,SI037
4440,Vinja Vas,Vinje Vasa,Vinji Vasu,45.8,15.1667,Jugovzhodna Slovenija,SI037
4441,Vinje Pri Moravčah,Vinja Priv Moravčaha,Vinju Prih Moravčahu,46.1356,14.7439,Osrednjeslovenska,SI041
4442,Vinji Vrh,Vinjiv Vrha,Vinjih Vrhu,45.9048,15.5922,Posavska,SI036
4443,Vinji Vrh,Vinjiv Vrha,Vinjih Vrhu,45.8622,15.2214,Jugovzhodna Slovenija,SI037
4444,Vinji Vrh Pri Semiču,Vinjiv Vrha Priv Semičua,Vinjih Vrhu Prih Semičuu,45.6546,15.1783,Jugovzhodna Slovenija,SI037
4445,Vinkov Vrh,Vinkova Vrha,Vinkovu Vrhu,45.8339,14.9292,Jugovzhodna Slovenija,SI037
4446,Vino,Vina,Vinu,45.9551,14.6562,Osrednjeslovenska,SI041
4447,Vinska Gora,Vinske Gore,Vinski Gori,46.3625,15.1144,Savinjska,SI034
4448,Vinska Gorica,Vinske Gorice,Vinski Gorici,46.3381,15.2293,Savinjska,SI034
4449,Vinski Vrh,Vinskiv Vrha,Vinskih Vrhu,46.4086,16.1475,Podravska,SI032
4450,Vintarji,Vintarjiv,Vintarjih,45.74,14.7308,Jugovzhodna Slovenija,SI037
4451,Vintarji,Vintarjiv,Vintarjih,46.5372,15.2733,Koroška,SI033
4452,Vintarovci,Vintarovciv,Vintarovcih,46.4923,15.8801,Podravska,SI032
4453,Vipava,Vipave,Vipavi,45.8476,13.9624,Goriška,SI043
4454,Vipavski Križ,Vipavskiv Križa,Vipavskih Križu,45.8861,13.9097,Goriška,SI043
4456,Vir Pri Nevljah,Vira Priv Nevljaha,Viru Prih Nevljahu,46.2257,14.612,Osrednjeslovenska,SI041
4457,Vir Pri Stični,Vira Priv Stičniv,Viru Prih Stičnih,45.9374,14.8029,Osrednjeslovenska,SI041
4458,Virlog,Virloga,Virlogu,46.1672,14.303,Gorenjska,SI042
4459,Virmaše,Virmaša,Virmašu,46.1672,14.303,Gorenjska,SI042
4460,Virštanj,Virštanja,Virštanju,46.1573,15.5974,Savinjska,SI034
4461,Visejec,Visejca,Visejcu,45.8339,14.9292,Jugovzhodna Slovenija,SI037
4462,Visoče,Visoča,Visoču,46.2176,15.396,Savinjska,SI034
4463,Visoče,Visoča,Visoču,46.3581,14.293,Gorenjska,SI042
4464,Visoko,Visoka,Visoku,45.9692,14.5394,Osrednjeslovenska,SI041
4465,Visoko,Visoka,Visoku,46.243,14.4181,Gorenjska,SI042
4466,Visoko Pri Poljanah,Visoka Priv Poljanaha,Visoku Prih Poljanahu,46.1672,14.303,Gorenjska,SI042
4467,Visole,Visola,Visolu,46.3903,15.575,Podravska,SI032
4468,Višnja Gora,Višnje Gore,Višnji Gori,45.9374,14.8029,Osrednjeslovenska,SI041
4469,Višnja Vas,Višnje Vasa,Višnji Vasu,46.2933,15.3052,Savinjska,SI034
4470,Višnje,Višnja,Višnju,45.8861,13.9097,Goriška,SI043
4471,Višnje,Višnja,Višnju,45.9374,14.8029,Osrednjeslovenska,SI041
4472,Vitan,Vitana,Vitanu,46.4086,16.1475,Podravska,SI032
4473,Vitanje,Vitanja,Vitanju,46.3825,15.2956,Savinjska,SI034
4474,Vitanjsko Skomarje,Vitanjska Skomarja,Vitanjsku Skomarju,46.3825,15.2956,Savinjska,SI034
4475,Vitna Vas,Vitne Vasa,Vitni Vasu,45.9048,15.5922,Posavska,SI036
4476,Vitovlje,Vitovlja,Vitovlju,45.9558,13.6433,Goriška,SI043
4477,Vizore,Vizora,Vizoru,46.2933,15.3052,Savinjska,SI034
4478,Vnajnarje,Vnajnarja,Vnajnarju,46.0514,14.5061,Osrednjeslovenska,SI041
4479,Vnanje Gorice,Vnanja Gorica,Vnanju Goricu,46.0207,14.4178,Osrednjeslovenska,SI041
4480,Vodice,Vodic,Vodicah,45.8861,13.9097,Goriška,SI043
4481,Vodice,Vodic,Vodicah,46.1897,14.4944,Osrednjeslovenska,SI041
4482,Vodice Nad Kamnikom,Vodica Nada Kamnikoma,Vodicu Nadu Kamnikomu,46.2257,14.612,Osrednjeslovenska,SI041
4483,Vodice Pri Gabrovki,Vodica Priv Gabrovkiv,Vodicu Prih Gabrovkih,46.0667,14.8167,Zasavska,SI035
4484,Vodice Pri Kalobju,Vodica Priv Kalobjua,Vodicu Prih Kalobjuu,46.2176,15.396,Savinjska,SI034
4485,Vodice Pri Slivnici,Vodica Priv Slivniciv,Vodicu Prih Slivnicih,46.2176,15.396,Savinjska,SI034
4486,Vodiško,Vodiška,Vodišku,46.1563,15.2386,Savinjska,SI034
4487,Vodole,Vodola,Vodolu,46.5575,15.6456,Podravska,SI032
4488,Vodranci,Vodranciv,Vodrancih,46.4086,16.1475,Podravska,SI032
4489,Vodriž,Vodriža,Vodrižu,46.5094,15.0792,Koroška,SI033
4490,Vodruž,Vodruža,Vodružu,46.2176,15.396,Savinjska,SI034
4491,Voduce,Voduca,Voducu,46.2176,15.396,Savinjska,SI034
4492,Vodule,Vodula,Vodulu,46.2176,15.396,Savinjska,SI034
4493,Voglajna,Voglajne,Voglajni,46.2176,15.396,Savinjska,SI034
4494,Voglarji,Voglarjiv,Voglarjih,45.9558,13.6433,Goriška,SI043
4495,Voglje,Voglja,Voglju,45.7034,13.8706,Obalno-kraška,SI044
4496,Voglje,Voglja,Voglju,46.243,14.4181,Gorenjska,SI042
4497,Vogričevci,Vogričevciv,Vogričevcih,46.5168,16.2027,Pomurska,SI031
4498,Vojna Vas,Vojne Vasa,Vojni Vasu,45.5711,15.1889,Jugovzhodna Slovenija,SI037
4499,Vojnik,Vojnika,Vojniku,46.2933,15.3052,Savinjska,SI034
4503,Voklo,Vokla,Voklu,46.243,14.4181,Gorenjska,SI042
4504,Volarje,Volarja,Volarju,46.1857,13.7352,Goriška,SI043
4505,Volavlje,Volavlja,Volavlju,46.0514,14.5061,Osrednjeslovenska,SI041
4506,Volčanski Ruti,Volčanskiv Rutiv,Volčanskih Rutih,46.1857,13.7352,Goriška,SI043
4507,Volče,Volča,Volču,45.6833,14.2,Primorsko-notranjska,SI038
4508,Volče,Volča,Volču,46.1857,13.7352,Goriška,SI043
4509,Volčja Jama,Volčje Jame,Volčji Jami,45.9104,15.0086,Jugovzhodna Slovenija,SI037
4510,Volčje,Volčja,Volčju,45.9048,15.5922,Posavska,SI036
4511,Volčje Njive,Volčja Njiva,Volčju Njivu,45.9476,15.0664,Jugovzhodna Slovenija,SI037
4512,Volčji Grad,Volčjiv Grada,Volčjih Gradu,45.8159,13.7507,Obalno-kraška,SI044
4513,Volčji Potok,Volčjiv Potoka,Volčjih Potoku,46.2257,14.612,Osrednjeslovenska,SI041
4514,Volčkova Vas,Volčkove Vasa,Volčkovi Vasu,45.8389,15.3361,Jugovzhodna Slovenija,SI037
4515,Volog,Vologa,Vologu,46.3202,14.9531,Savinjska,SI034
4516,Vologa,Vologe,Vologi,46.172,14.8217,Osrednjeslovenska,SI041
4517,Volovnik,Volovnika,Volovniku,45.95,15.4833,Posavska,SI036
4518,Vonarje,Vonarja,Vonarju,46.1573,15.5974,Savinjska,SI034
4519,Vosek,Voseka,Voseku,46.6099,15.6714,Podravska,SI032
4520,Vošce,Vošca,Vošcu,46.1686,14.6892,Osrednjeslovenska,SI041
4521,Vošče,Vošča,Vošču,46.3425,14.1721,Gorenjska,SI042
4522,Vovše,Vovša,Vovšu,46.0667,14.8167,Zasavska,SI035
4523,Vrabče,Vrabča,Vrabču,45.7034,13.8706,Obalno-kraška,SI044
4524,Vranja Peč,Vranje Peča,Vranji Peču,46.2257,14.612,Osrednjeslovenska,SI041
4525,Vranje,Vranja,Vranju,46.0092,15.3041,Posavska,SI036
4526,Vranji Vrh,Vranjiv Vrha,Vranjih Vrhu,46.6817,15.6481,Podravska,SI032
4527,Vranke,Vranka,Vranku,46.1686,14.6892,Osrednjeslovenska,SI041
4528,Vranoviči,Vranovičiv,Vranovičih,45.5711,15.1889,Jugovzhodna Slovenija,SI037
4529,Vransko,Vranskega,Vranskem,46.172,14.8217,Osrednjeslovenska,SI041
4531,Vratno,Vratna,Vratnu,45.8389,15.3361,Jugovzhodna Slovenija,SI037
4534,Vrbica,Vrbice,Vrbici,45.5679,14.2527,Primorsko-notranjska,SI038
4535,Vrbičje,Vrbičja,Vrbičju,45.9551,14.6562,Osrednjeslovenska,SI041
4536,Vrbina,Vrbine,Vrbini,45.95,15.4833,Posavska,SI036
4537,Vrbje,Vrbja,Vrbju,46.251,15.1639,Savinjska,SI034
4538,Vrbljene,Vrbljena,Vrbljenu,45.9692,14.5394,Osrednjeslovenska,SI041
4539,Vrbnje,Vrbnja,Vrbnju,46.3425,14.1721,Gorenjska,SI042
4540,Vrbno,Vrbna,Vrbnu,46.2176,15.396,Savinjska,SI034
4541,Vrbovce,Vrbovca,Vrbovcu,45.8389,15.3361,Jugovzhodna Slovenija,SI037
4542,Vrbovec,Vrbovca,Vrbovcu,45.643,14.8594,Jugovzhodna Slovenija,SI037
4543,Vrbovec,Vrbovca,Vrbovcu,45.9104,15.0086,Jugovzhodna Slovenija,SI037
4544,Vrbovo,Vrbova,Vrbovu,45.5679,14.2527,Primorsko-notranjska,SI038
4545,Vrčice,Vrčica,Vrčicu,45.6546,15.1783,Jugovzhodna Slovenija,SI037
4546,Vremski Britof,Vremskiv Britofa,Vremskih Britofu,45.682,13.9702,Obalno-kraška,SI044
4547,Vrenska Gorca,Vrenske Gorce,Vrenski Gorci,46.074,15.559,Savinjska,SI034
4550,Vrh Nad Krašnjo,Vrha Nada Krašnja,Vrhu Nadu Krašnju,46.1686,14.6892,Osrednjeslovenska,SI041
4551,Vrh Nad Laškim,Vrha Nada Laškima,Vrhu Nadu Laškimu,46.1563,15.2386,Savinjska,SI034
4552,Vrh Nad Želimljami,Vrha Nada Želimljamiv,Vrhu Nadu Želimljamih,45.9836,14.5761,Osrednjeslovenska,SI041
4553,Vrh Pri Boštanju,Vrha Priv Boštanjua,Vrhu Prih Boštanjuu,46.0092,15.3041,Posavska,SI036
4554,Vrh Pri Fari,Vrha Priv Fariv,Vrhu Prih Farih,45.5088,14.91,Jugovzhodna Slovenija,SI037
4555,Vrh Pri Hinjah,Vrha Priv Hinjaha,Vrhu Prih Hinjahu,45.8339,14.9292,Jugovzhodna Slovenija,SI037
4556,Vrh Pri Križu,Vrha Priv Križua,Vrhu Prih Križuu,45.8339,14.9292,Jugovzhodna Slovenija,SI037
4557,Vrh Pri Ljubnu,Vrha Priv Ljubnua,Vrhu Prih Ljubnuu,45.8,15.1667,Jugovzhodna Slovenija,SI037
4558,Vrh Pri Pahi,Vrha Priv Pahiv,Vrhu Prih Pahih,45.8,15.1667,Jugovzhodna Slovenija,SI037
4559,Vrh Pri Poljanah,Vrha Priv Poljanaha,Vrhu Prih Poljanahu,45.74,14.7308,Jugovzhodna Slovenija,SI037
4560,Vrh Pri Poljanah,Vrha Priv Poljanaha,Vrhu Prih Poljanahu,46.5372,15.2733,Koroška,SI033
4561,Vrh Pri Površju,Vrha Priv Površjua,Vrhu Prih Površjuu,45.95,15.4833,Posavska,SI036
4562,Vrh Pri Sobračah,Vrha Priv Sobračaha,Vrhu Prih Sobračahu,45.9374,14.8029,Osrednjeslovenska,SI041
4563,Vrh Pri Šentjerneju,Vrha Priv Šentjernejua,Vrhu Prih Šentjernejuu,45.8389,15.3361,Jugovzhodna Slovenija,SI037
4564,Vrh Pri Višnji Gori,Vrha Priv Višnjiv Goriv,Vrhu Prih Višnjih Gorih,45.9374,14.8029,Osrednjeslovenska,SI041
4565,Vrh Sv. Treh Kraljev,Vrha Sv.a Treha Kraljeva,Vrhu Sv.u Trehu Kraljevu,45.9167,14.2297,Osrednjeslovenska,SI041
4569,Vrhe – Del,Vrha –a Dla,Vrhu –u Dlu,46.15,15.05,Zasavska,SI035
4570,Vrhek,Vrheka,Vrheku,46.0092,15.3041,Posavska,SI036
4571,Vrhje,Vrhja,Vrhju,45.9048,15.5922,Posavska,SI036
4572,Vrhloga,Vrhloge,Vrhlogi,46.3903,15.575,Podravska,SI032
4573,Vrhnika,Vrhnike,Vrhniki,45.9624,14.2937,Osrednjeslovenska,SI041
4574,Vrhole Pri Laporju,Vrhola Priv Laporjua,Vrholu Prih Laporjuu,46.3903,15.575,Podravska,SI032
4575,Vrhole Pri Slov. Konjicah,Vrhola Priv Slov.a Konjicaha,Vrholu Prih Slov.u Konjicahu,46.3903,15.575,Podravska,SI032
4576,Vrhov Dol,Vrhova Dola,Vrhovu Dolu,46.5575,15.6456,Podravska,SI032
4577,Vrhovci,Vrhovciv,Vrhovcih,45.5711,15.1889,Jugovzhodna Slovenija,SI037
4578,Vrhovlje,Vrhovlja,Vrhovlju,46.1686,14.6892,Osrednjeslovenska,SI041
4579,Vrhovlje,Vrhovlja,Vrhovlju,45.7034,13.8706,Obalno-kraška,SI044
4580,Vrhovo,Vrhova,Vrhovu,46.0658,15.1728,Posavska,SI036
4581,Vrhovo Pri Mirni Peči,Vrhova Priv Mirniv Pečiv,Vrhovu Prih Mirnih Pečih,45.858,15.0876,Jugovzhodna Slovenija,SI037
4582,Vrhovo Pri Šentlovrencu,Vrhova Priv Šentlovrencua,Vrhovu Prih Šentlovrencuu,45.9104,15.0086,Jugovzhodna Slovenija,SI037
4583,Vrhovo Pri Žužemberku,Vrhova Priv Žužemberkua,Vrhovu Prih Žužemberkuu,45.8339,14.9292,Jugovzhodna Slovenija,SI037
4584,Vrhovska Vas,Vrhovske Vasa,Vrhovski Vasu,45.9048,15.5922,Posavska,SI036
4585,Vrhpeč,Vrhpeča,Vrhpeču,45.858,15.0876,Jugovzhodna Slovenija,SI037
4586,Vrhpolje,Vrhpolja,Vrhpolju,45.8476,13.9624,Goriška,SI043
4587,Vrhpolje Pri Kamniku,Vrhpolja Priv Kamnikua,Vrhpolju Prih Kamnikuu,46.2257,14.612,Osrednjeslovenska,SI041
4588,Vrhpolje Pri Moravčah,Vrhpolja Priv Moravčaha,Vrhpolju Prih Moravčahu,46.1356,14.7439,Osrednjeslovenska,SI041
4589,Vrhpolje Pri Šentvidu,Vrhpolja Priv Šentvidua,Vrhpolju Prih Šentviduu,45.9374,14.8029,Osrednjeslovenska,SI041
4590,Vrhtrebnje,Vrhtrebnja,Vrhtrebnju,45.9104,15.0086,Jugovzhodna Slovenija,SI037
4591,Vrhulje,Vrhulja,Vrhulju,45.95,15.4833,Posavska,SI036
4592,Vrsno,Vrsna,Vrsnu,46.2464,13.578,Goriška,SI043
4594,Vrtače,Vrtača,Vrtaču,45.9104,15.0086,Jugovzhodna Slovenija,SI037
4595,Vrtovče,Vrtovča,Vrtovču,45.8861,13.9097,Goriška,SI043
4596,Vrtovin,Vrtovina,Vrtovinu,45.8861,13.9097,Goriška,SI043
4597,Vrzdenec,Vrzdenca,Vrzdencu,46.023,14.2981,Osrednjeslovenska,SI041
4598,Vučja Vas,Vučje Vasa,Vučji Vasu,46.5631,16.1399,Pomurska,SI031
4599,Vukovci,Vukovciv,Vukovcih,45.5711,15.1889,Jugovzhodna Slovenija,SI037
4600,Vukovje,Vukovja,Vukovju,46.6099,15.6714,Podravska,SI032
4601,Vukovski Dol,Vukovskiv Dola,Vukovskih Dolu,46.6099,15.6714,Podravska,SI032
4602,Vukovski Vrh,Vukovskiv Vrha,Vukovskih Vrhu,46.6099,15.6714,Podravska,SI032
4603,Vurmat – Del,Vurmata –a Dla,Vurmatu –u Dlu,46.5864,15.3286,Koroška,SI033
4604,Vuzenica,Vuzenice,Vuzenici,46.5992,15.1669,Koroška,SI033
4605,Vuzmetinci,Vuzmetinciv,Vuzmetincih,46.4086,16.1475,Podravska,SI032
4606,Za Kalvarijo,Ze Kalvarija,Zi Kalvariju,46.5575,15.6456,Podravska,SI032
4607,Zabavlje,Zabavlja,Zabavlju,45.55,13.7333,Obalno-kraška,SI044
4608,Zabiče,Zabiča,Zabiču,45.5679,14.2527,Primorsko-notranjska,SI038
4609,Zabočevo,Zabočeva,Zabočevu,45.9197,14.3572,Osrednjeslovenska,SI041
4610,Zabork,Zaborka,Zaborku,46.375,15.3854,Savinjska,SI034
4611,Zaboršt,Zaboršta,Zaborštu,46.1394,14.595,Osrednjeslovenska,SI041
4612,Zaboršt,Zaboršta,Zaborštu,45.9069,15.2914,Jugovzhodna Slovenija,SI037
4613,Zaboršt Pri Šentvidu,Zaboršta Priv Šentvidua,Zaborštu Prih Šentviduu,45.9374,14.8029,Osrednjeslovenska,SI041
4614,Zabovci,Zabovciv,Zabovcih,46.3956,15.9314,Podravska,SI032
4615,Zabrdje,Zabrdja,Zabrdju,45.9476,15.0664,Jugovzhodna Slovenija,SI037
4616,Zabrdo,Zabrda,Zabrdu,46.2182,14.1592,Gorenjska,SI042
4617,Zabrekve,Zabrekva,Zabrekvu,46.2182,14.1592,Gorenjska,SI042
4618,Zabrež,Zabreža,Zabrežu,46.1563,15.2386,Savinjska,SI034
4619,Zabrežnik,Zabrežnika,Zabrežniku,46.0469,14.1097,Gorenjska,SI042
4620,Zabukovica,Zabukovice,Zabukovici,46.251,15.1639,Savinjska,SI034
4621,Zabukovje,Zabukovja,Zabukovju,46.2333,14.3667,Gorenjska,SI042
4622,Zabukovje,Zabukovja,Zabukovju,45.9769,15.0897,Jugovzhodna Slovenija,SI037
4623,Zabukovje,Zabukovja,Zabukovju,46.2933,15.3052,Savinjska,SI034
4624,Zabukovje Nad Sevnico,Zabukovja Nada Sevnica,Zabukovju Nadu Sevnicu,46.0092,15.3041,Posavska,SI036
4625,Zabukovje Pri Raki,Zabukovja Priv Rakiv,Zabukovju Prih Rakih,45.95,15.4833,Posavska,SI036
4626,Začret,Začreta,Začretu,46.2358,15.2675,Savinjska,SI034
4627,Zadlaz-Čadrg,Zadlaza-Čadrga,Zadlazu-Čadrgu,46.1857,13.7352,Goriška,SI043
4628,Zadlaz-Žabče,Zadlaza-Žabča,Zadlazu-Žabču,46.1857,13.7352,Goriška,SI043
4629,Zadlog,Zadloga,Zadlogu,46.0025,14.0275,Goriška,SI043
4630,Zadniki,Zadnikiv,Zadnikih,45.74,14.7308,Jugovzhodna Slovenija,SI037
4631,Zadniki,Zadnikiv,Zadnikih,46.5372,15.2733,Koroška,SI033
4632,Zadnja Vas,Zadnje Vasa,Zadnji Vasu,46.3425,14.1721,Gorenjska,SI042
4633,Zadobrova,Zadobrove,Zadobrovi,46.2358,15.2675,Savinjska,SI034
4634,Zadolje,Zadolja,Zadolju,45.74,14.7308,Jugovzhodna Slovenija,SI037
4635,Zadolje,Zadolja,Zadolju,46.5372,15.2733,Koroška,SI033
4636,Zadraga,Zadrage,Zadragi,46.2749,14.3176,Gorenjska,SI042
4637,Zafara,Zafare,Zafari,45.8339,14.9292,Jugovzhodna Slovenija,SI037
4638,Zagaj Pod Bočem,Zagaja Poda Bočema,Zagaju Podu Bočemu,46.2314,15.6381,Savinjska,SI034
4639,Zagaj Pri Ponikvi,Zagaja Priv Ponikviv,Zagaju Prih Ponikvih,46.2176,15.396,Savinjska,SI034
4640,Zagojiči,Zagojičiv,Zagojičih,46.4122,16.0131,Podravska,SI032
4641,Zagomila,Zagomile,Zagomili,46.088,13.6347,Goriška,SI043
4643,Zagora,Zagore,Zagori,46.088,13.6347,Goriška,SI043
4644,Zagorci,Zagorciv,Zagorcih,46.4853,15.971,Podravska,SI032
4645,Zagorica,Zagorice,Zagorici,46.0667,14.8167,Zasavska,SI035
4646,Zagorica,Zagorice,Zagorici,45.9476,15.0664,Jugovzhodna Slovenija,SI037
4647,Zagorica Nad Kamnikom,Zagorice Nada Kamnikoma,Zagorici Nadu Kamnikomu,46.2257,14.612,Osrednjeslovenska,SI041
4648,Zagorica Pri Čatežu,Zagorice Priv Čatežua,Zagorici Prih Čatežuu,45.9104,15.0086,Jugovzhodna Slovenija,SI037
4649,Zagorica Pri Dobrniču,Zagorice Priv Dobrničua,Zagorici Prih Dobrničuu,45.9104,15.0086,Jugovzhodna Slovenija,SI037
4650,Zagorica Pri Rovah,Zagorice Priv Rovaha,Zagorici Prih Rovahu,46.1394,14.595,Osrednjeslovenska,SI041
4651,Zagorica Pri Velikem Gabru,Zagorice Priv Velikema Gabrua,Zagorici Prih Velikemu Gabruu,45.9104,15.0086,Jugovzhodna Slovenija,SI037
4652,Zagorje,Zagorja,Zagorju,46.074,15.559,Savinjska,SI034
4653,Zagorje,Zagorja,Zagorju,45.6833,14.2,Primorsko-notranjska,SI038
4654,Zagozd,Zagozda,Zagozdu,46.0667,14.8167,Zasavska,SI035
4655,Zagozdac,Zagozdaca,Zagozdacu,45.5711,15.1889,Jugovzhodna Slovenija,SI037
4656,Zagrad,Zagrada,Zagradu,46.5438,14.9119,Koroška,SI033
4657,Zagrad,Zagrada,Zagradu,46.0658,15.1728,Posavska,SI036
4658,Zagrad,Zagrada,Zagradu,45.9069,15.2914,Jugovzhodna Slovenija,SI037
4659,Zagrad Pri Otočcu,Zagrada Priv Otočcua,Zagradu Prih Otočcuu,45.8,15.1667,Jugovzhodna Slovenija,SI037
4660,Zagradec,Zagradca,Zagradcu,45.9374,14.8029,Osrednjeslovenska,SI041
4661,Zagradec Pri Grosupljem,Zagradca Priv Grosupljema,Zagradcu Prih Grosupljemu,45.9551,14.6562,Osrednjeslovenska,SI041
4662,Zagradišče,Zagradišča,Zagradišču,46.0514,14.5061,Osrednjeslovenska,SI041
4663,Zagrajec,Zagrajca,Zagrajcu,45.8159,13.7507,Obalno-kraška,SI044
4664,Zahomce,Zahomca,Zahomcu,46.172,14.8217,Osrednjeslovenska,SI041
4665,Zahrib,Zahriba,Zahribu,45.7964,14.3581,Primorsko-notranjska,SI038
4666,Zajasovnik – Del,Zajasovnika –a Dla,Zajasovniku –u Dlu,46.2257,14.612,Osrednjeslovenska,SI041
4667,Zajasovnik – Del,Zajasovnika –a Dla,Zajasovniku –u Dlu,46.172,14.8217,Osrednjeslovenska,SI041
4668,Zajčje Polje,Zajčja Polja,Zajčju Polju,45.643,14.8594,Jugovzhodna Slovenija,SI037
4669,Zajčji Vrh,Zajčjiv Vrha,Zajčjih Vrhu,45.5711,15.1889,Jugovzhodna Slovenija,SI037
4670,Zajčji Vrh Pri Stopičah,Zajčjiv Vrha Priv Stopičaha,Zajčjih Vrhu Prih Stopičahu,45.8,15.1667,Jugovzhodna Slovenija,SI037
4671,Zajelšje,Zajelšja,Zajelšju,45.5679,14.2527,Primorsko-notranjska,SI038
4672,Zakal,Zakala,Zakalu,46.2257,14.612,Osrednjeslovenska,SI041
4673,Zakl,Zakla,Zaklu,46.2884,15.0386,Savinjska,SI034
4674,Zakl,Zakla,Zaklu,46.3361,15.8786,Podravska,SI032
4675,Zaklanec,Zaklanca,Zaklancu,46.023,14.2981,Osrednjeslovenska,SI041
4676,Zakojca,Zakojce,Zakojci,46.1278,13.9875,Goriška,SI043
4677,Zakraj,Zakraja,Zakraju,46.1857,13.7352,Goriška,SI043
4678,Zakriž,Zakriža,Zakrižu,46.1278,13.9875,Goriška,SI043
4679,Zala,Zale,Zali,45.7964,14.3581,Primorsko-notranjska,SI038
4680,Zala,Zale,Zali,46.2182,14.1592,Gorenjska,SI042
4681,Zalči,Zalčiv,Zalčih,45.5679,14.2527,Primorsko-notranjska,SI038
4682,Zali Log,Zaliv Loga,Zalih Logu,46.2182,14.1592,Gorenjska,SI042
4683,Zalisec,Zalisca,Zaliscu,45.8339,14.9292,Jugovzhodna Slovenija,SI037
4684,Zalog,Zaloga,Zalogu,46.2333,14.3667,Gorenjska,SI042
4685,Zalog,Zaloga,Zalogu,45.7864,15.0745,Jugovzhodna Slovenija,SI037
4686,Zalog Pod Sv. Trojico,Zaloga Poda Sv.a Trojica,Zalogu Podu Sv.u Trojicu,46.1394,14.595,Osrednjeslovenska,SI041
4687,Zalog Pod Uršulo,Zaloga Poda Uršula,Zalogu Podu Uršulu,46.2176,15.396,Savinjska,SI034
4688,Zalog Pri Kresnicah,Zaloga Priv Kresnicaha,Zalogu Prih Kresnicahu,46.1356,14.7439,Osrednjeslovenska,SI041
4689,Zalog Pri Moravčah,Zaloga Priv Moravčaha,Zalogu Prih Moravčahu,46.1356,14.7439,Osrednjeslovenska,SI041
4690,Zalog Pri Šempetru,Zaloga Priv Šempetrua,Zalogu Prih Šempetruu,46.251,15.1639,Savinjska,SI034
4691,Zalog Pri Škocjanu,Zaloga Priv Škocjanua,Zalogu Prih Škocjanuu,45.9069,15.2914,Jugovzhodna Slovenija,SI037
4692,Zalog Pri Škofljici,Zaloga Priv Škofljiciv,Zalogu Prih Škofljicih,45.9836,14.5761,Osrednjeslovenska,SI041
4693,Zaloka,Zaloke,Zaloki,45.9769,15.0897,Jugovzhodna Slovenija,SI037
4694,Zaloke,Zaloka,Zaloku,45.95,15.4833,Posavska,SI036
4695,Zalošče,Zalošča,Zalošču,45.9558,13.6433,Goriška,SI043
4696,Zaloše,Zaloša,Zalošu,46.3425,14.1721,Gorenjska,SI042
4697,Zaloška Gorica,Zaloške Gorice,Zaloški Gorici,46.251,15.1639,Savinjska,SI034
4698,Založe,Založa,Založu,46.2809,15.074,Savinjska,SI034
4699,Zameško,Zameška,Zamešku,45.8389,15.3361,Jugovzhodna Slovenija,SI037
4700,Zamostec,Zamostca,Zamostcu,45.7616,14.6363,Jugovzhodna Slovenija,SI037
4701,Zamušani,Zamušaniv,Zamušanih,46.4122,16.0131,Podravska,SI032
4702,Zanigrad,Zanigrada,Zanigradu,45.55,13.7333,Obalno-kraška,SI044
4703,Zaplana,Zaplane,Zaplani,45.9624,14.2937,Osrednjeslovenska,SI041
4704,Zaplana – Del,Zaplane –a Dla,Zaplani –u Dlu,45.9167,14.2297,Osrednjeslovenska,SI041
4705,Zaplanina,Zaplanine,Zaplanini,46.172,14.8217,Osrednjeslovenska,SI041
4706,Zapodje,Zapodja,Zapodju,46.0667,14.8167,Zasavska,SI035
4707,Zapoge,Zapoga,Zapogu,46.1897,14.4944,Osrednjeslovenska,SI041
4708,Zapotok,Zapotoka,Zapotoku,45.9692,14.5394,Osrednjeslovenska,SI041
4709,Zapotok,Zapotoka,Zapotoku,46.088,13.6347,Goriška,SI043
4710,Zapotok,Zapotoka,Zapotoku,45.7616,14.6363,Jugovzhodna Slovenija,SI037
4711,Zapudje,Zapudja,Zapudju,45.5711,15.1889,Jugovzhodna Slovenija,SI037
4712,Zapuže,Zapuža,Zapužu,46.3425,14.1721,Gorenjska,SI042
4713,Zapuže,Zapuža,Zapužu,45.8389,15.3361,Jugovzhodna Slovenija,SI037
4714,Zapuže Pri Kostelu,Zapuža Priv Kostelua,Zapužu Prih Kosteluu,45.5088,14.91,Jugovzhodna Slovenija,SI037
4715,Zapuže Pri Ribnici,Zapuža Priv Ribniciv,Zapužu Prih Ribnicih,45.74,14.7308,Jugovzhodna Slovenija,SI037
4716,Zapuže Pri Ribnici,Zapuža Priv Ribniciv,Zapužu Prih Ribnicih,46.5372,15.2733,Koroška,SI033
4717,Zarečica,Zarečice,Zarečici,45.5679,14.2527,Primorsko-notranjska,SI038
4718,Zarečje,Zarečja,Zarečju,45.5679,14.2527,Primorsko-notranjska,SI038
4719,Zasadi,Zasadiv,Zasadih,46.4923,15.8801,Podravska,SI032
4720,Zasadi,Zasadiv,Zasadih,46.5631,16.1399,Pomurska,SI031
4721,Zasap,Zasapa,Zasapu,45.9048,15.5922,Posavska,SI036
4722,Zasavci,Zasavciv,Zasavcih,46.4086,16.1475,Podravska,SI032
4723,Zasip,Zasipa,Zasipu,46.3688,14.114,Gorenjska,SI042
4725,Zatolmin,Zatolmina,Zatolminu,46.1857,13.7352,Goriška,SI043
4726,Zavinek,Zavineka,Zavineku,45.9069,15.2914,Jugovzhodna Slovenija,SI037
4727,Zavino,Zavina,Zavinu,45.8861,13.9097,Goriška,SI043
4728,Zavodice,Zavodica,Zavodicu,46.3202,14.9531,Savinjska,SI034
4729,Zavodnje,Zavodnja,Zavodnju,46.3798,15.0482,Savinjska,SI034
4730,Zavrate,Zavrata,Zavratu,46.0658,15.1728,Posavska,SI036
4731,Zavratec,Zavratca,Zavratcu,46.0025,14.0275,Goriška,SI043
4732,Zavratec,Zavratca,Zavratcu,46.0092,15.3041,Posavska,SI036
4733,Zavrč,Zavrča,Zavrču,46.3917,16.0497,Podravska,SI032
4734,Zavrh,Zavrha,Zavrhu,46.0667,14.8167,Zasavska,SI035
4735,Zavrh,Zavrha,Zavrhu,45.9104,15.0086,Jugovzhodna Slovenija,SI037
4736,Zavrh Nad Dobrno,Zavrha Nada Dobrna,Zavrhu Nadu Dobrnu,46.3381,15.2293,Savinjska,SI034
4737,Zavrh Pod Šmarno Goro,Zavrha Poda Šmarna Gora,Zavrhu Podu Šmarnu Goru,46.1382,14.4147,Osrednjeslovenska,SI041
4738,Zavrh Pri Borovnici,Zavrha Priv Borovniciv,Zavrhu Prih Borovnicih,45.9624,14.2937,Osrednjeslovenska,SI041
4739,Zavrh Pri Črnivcu,Zavrha Priv Črnivcua,Zavrhu Prih Črnivcuu,46.2257,14.612,Osrednjeslovenska,SI041
4740,Zavrh Pri Galiciji,Zavrha Priv Galicijiv,Zavrhu Prih Galicijih,46.251,15.1639,Savinjska,SI034
4741,Zavrh Pri Trojanah,Zavrha Priv Trojanaha,Zavrhu Prih Trojanahu,46.1686,14.6892,Osrednjeslovenska,SI041
4742,Zavrhek,Zavrheka,Zavrheku,45.682,13.9702,Obalno-kraška,SI044
4743,Završe,Završa,Završu,46.4431,15.1931,Koroška,SI033
4744,Završe Pri Dobjem,Završa Priv Dobjema,Završu Prih Dobjemu,46.1369,15.3945,Savinjska,SI034
4745,Završje,Završja,Završju,46.15,15.05,Zasavska,SI035
4746,Zavrtače,Zavrtača,Zavrtaču,45.9374,14.8029,Osrednjeslovenska,SI041
4747,Zazid,Zazida,Zazidu,45.55,13.7333,Obalno-kraška,SI044
4748,Zbelovo,Zbelova,Zbelovu,46.3383,15.4233,Savinjska,SI034
4749,Zbelovska Gora,Zbelovske Gore,Zbelovski Gori,46.3383,15.4233,Savinjska,SI034
4750,Zbilje,Zbilja,Zbilju,46.1382,14.4147,Osrednjeslovenska,SI041
4751,Zbure,Zbura,Zburu,45.8622,15.2214,Jugovzhodna Slovenija,SI037
4752,Zdihovo,Zdihova,Zdihovu,45.643,14.8594,Jugovzhodna Slovenija,SI037
4753,Zdole,Zdola,Zdolu,46.074,15.559,Savinjska,SI034
4754,Zdole,Zdola,Zdolu,45.95,15.4833,Posavska,SI036
4755,Zduša,Zduše,Zduši,46.2257,14.612,Osrednjeslovenska,SI041
4756,Zeče,Zeča,Zeču,46.3383,15.4233,Savinjska,SI034
4757,Zeče Pri Bučah,Zeča Priv Bučaha,Zeču Prih Bučahu,46.074,15.559,Savinjska,SI034
4758,Zelše,Zelša,Zelšu,45.7964,14.3581,Primorsko-notranjska,SI038
4759,Zemono,Zemona,Zemonu,45.8476,13.9624,Goriška,SI043
4760,Zenkovci,Zenkovciv,Zenkovcih,46.7039,16.1572,Pomurska,SI031
4761,Zglavnica,Zglavnice,Zglavnici,46.0667,14.8167,Zasavska,SI035
4762,Zgonče,Zgonča,Zgonču,45.8363,14.6377,Osrednjeslovenska,SI041
4763,Zgornja Bačkova,Zgornje Bačkove,Zgornji Bačkovi,46.6497,15.8453,Podravska,SI032
4764,Zgornja Bela,Zgornje Bele,Zgornji Beli,46.3052,14.4203,Gorenjska,SI042
4765,Zgornja Besnica,Zgornje Besnice,Zgornji Besnici,46.2333,14.3667,Gorenjska,SI042
4766,Zgornja Besnica,Zgornje Besnice,Zgornji Besnici,46.0514,14.5061,Osrednjeslovenska,SI041
4767,Zgornja Bistrica,Zgornje Bistrice,Zgornji Bistrici,46.3903,15.575,Podravska,SI032
4768,Zgornja Brežnica,Zgornje Brežnice,Zgornji Brežnici,46.3903,15.575,Podravska,SI032
4769,Zgornja Dobrava,Zgornje Dobrave,Zgornji Dobravi,46.1356,14.7439,Osrednjeslovenska,SI041
4770,Zgornja Dobrava,Zgornje Dobrave,Zgornji Dobravi,46.3425,14.1721,Gorenjska,SI042
4771,Zgornja Draga,Zgornje Drage,Zgornji Dragi,45.9374,14.8029,Osrednjeslovenska,SI041
4772,Zgornja Javoršica,Zgornje Javoršice,Zgornji Javoršici,46.1356,14.7439,Osrednjeslovenska,SI041
4773,Zgornja Jevnica,Zgornje Jevnice,Zgornji Jevnici,46.0667,14.8167,Zasavska,SI035
4774,Zgornja Kapla,Zgornje Kaple,Zgornji Kapli,46.5864,15.3286,Koroška,SI033
4775,Zgornja Kostrivnica,Zgornje Kostrivnice,Zgornji Kostrivnici,46.2314,15.6381,Savinjska,SI034
4776,Zgornja Lipnica,Zgornje Lipnice,Zgornji Lipnici,46.3425,14.1721,Gorenjska,SI042
4777,Zgornja Ložnica,Zgornje Ložnice,Zgornji Ložnici,46.3903,15.575,Podravska,SI032
4778,Zgornja Luša,Zgornje Luše,Zgornji Luši,46.1672,14.303,Gorenjska,SI042
4779,Zgornja Nova Vas,Zgornje Nove Vasa,Zgornji Novi Vasu,46.3903,15.575,Podravska,SI032
4780,Zgornja Pohanca,Zgornje Pohance,Zgornji Pohanci,45.9048,15.5922,Posavska,SI036
4781,Zgornja Polskava,Zgornje Polskave,Zgornji Polskavi,46.3903,15.575,Podravska,SI032
4782,Zgornja Pristava,Zgornje Pristave,Zgornji Pristavi,46.3383,15.4233,Savinjska,SI034
4783,Zgornja Pristava,Zgornje Pristave,Zgornji Pristavi,45.8484,14.6944,Osrednjeslovenska,SI041
4784,Zgornja Radovna,Zgornje Radovne,Zgornji Radovni,46.4854,13.7871,Gorenjska,SI042
4785,Zgornja Rečica,Zgornje Rečice,Zgornji Rečici,46.1563,15.2386,Savinjska,SI034
4786,Zgornja Ročica,Zgornje Ročice,Zgornji Ročici,46.6497,15.8453,Podravska,SI032
4787,Zgornja Senica,Zgornje Senice,Zgornji Senici,46.1382,14.4147,Osrednjeslovenska,SI041
4788,Zgornja Slivnica,Zgornje Slivnice,Zgornji Slivnici,45.9551,14.6562,Osrednjeslovenska,SI041
4789,Zgornja Sorica,Zgornje Sorice,Zgornji Sorici,46.2182,14.1592,Gorenjska,SI042
4790,Zgornja Sveča,Zgornje Sveče,Zgornji Sveči,46.35,15.7333,Podravska,SI032
4791,Zgornja Ščavnica,Zgornje Ščavnice,Zgornji Ščavnici,46.6497,15.8453,Podravska,SI032
4792,Zgornja Velka,Zgornje Velke,Zgornji Velki,46.6817,15.6481,Podravska,SI032
4793,Zgornje Bitnje,Zgornja Bitnja,Zgornju Bitnju,46.2333,14.3667,Gorenjska,SI042
4794,Zgornje Danje,Zgornja Danja,Zgornju Danju,46.2182,14.1592,Gorenjska,SI042
4795,Zgornje Dobrenje,Zgornja Dobrenja,Zgornju Dobrenju,46.6817,15.6481,Podravska,SI032
4796,Zgornje Duplice,Zgornja Duplica,Zgornju Duplicu,45.9551,14.6562,Osrednjeslovenska,SI041
4797,Zgornje Duplje,Zgornja Duplja,Zgornju Duplju,46.2749,14.3176,Gorenjska,SI042
4798,Zgornje Gameljne,Zgornja Gameljna,Zgornju Gameljnu,46.0514,14.5061,Osrednjeslovenska,SI041
4799,Zgornje Gorče,Zgornja Gorča,Zgornju Gorču,46.2884,15.0386,Savinjska,SI034
4800,Zgornje Gradišče,Zgornja Gradišča,Zgornju Gradišču,46.6817,15.6481,Podravska,SI032
4801,Zgornje Gruškovje,Zgornja Gruškovja,Zgornju Gruškovju,46.3361,15.8786,Podravska,SI032
4802,Zgornje Grušovje,Zgornja Grušovja,Zgornju Grušovju,46.386,15.4458,Podravska,SI032
4803,Zgornje Grušovlje,Zgornja Grušovlja,Zgornju Grušovlju,46.251,15.1639,Savinjska,SI034
4804,Zgornje Hlapje,Zgornja Hlapja,Zgornju Hlapju,46.6099,15.6714,Podravska,SI032
4805,Zgornje Jablane,Zgornja Jablana,Zgornju Jablanu,46.406,15.7983,Podravska,SI032
4806,Zgornje Jarše,Zgornja Jarša,Zgornju Jaršu,46.1394,14.595,Osrednjeslovenska,SI041
4807,Zgornje Koseze,Zgornja Koseza,Zgornju Kosezu,46.1356,14.7439,Osrednjeslovenska,SI041
4808,Zgornje Laže,Zgornja Laža,Zgornju Lažu,46.3383,15.4233,Savinjska,SI034
4809,Zgornje Loke,Zgornja Loka,Zgornju Loku,46.1686,14.6892,Osrednjeslovenska,SI041
4810,Zgornje Mladetiče,Zgornja Mladetiča,Zgornju Mladetiču,46.0092,15.3041,Posavska,SI036
4811,Zgornje Negonje,Zgornja Negonja,Zgornju Negonju,46.2314,15.6381,Savinjska,SI034
4812,Zgornje Palovče,Zgornja Palovča,Zgornju Palovču,46.2257,14.612,Osrednjeslovenska,SI041
4813,Zgornje Pirniče,Zgornja Pirniča,Zgornju Pirniču,46.1382,14.4147,Osrednjeslovenska,SI041
4814,Zgornje Poljčane,Zgornja Poljčana,Zgornju Poljčanu,46.3135,15.5791,Podravska,SI032
4815,Zgornje Prapreče,Zgornja Prapreča,Zgornju Prapreču,46.1686,14.6892,Osrednjeslovenska,SI041
4816,Zgornje Prebukovje,Zgornja Prebukovja,Zgornju Prebukovju,46.3903,15.575,Podravska,SI032
4817,Zgornje Roje,Zgornja Roja,Zgornju Roju,46.251,15.1639,Savinjska,SI034
4818,Zgornje Sečovo,Zgornja Sečova,Zgornju Sečovu,46.2314,15.6381,Savinjska,SI034
4819,Zgornje Selce,Zgornja Selca,Zgornju Selcu,46.2176,15.396,Savinjska,SI034
4820,Zgornje Slemene,Zgornja Slemena,Zgornju Slemenu,46.2176,15.396,Savinjska,SI034
4821,Zgornje Stranje,Zgornja Stranja,Zgornju Stranju,46.2257,14.612,Osrednjeslovenska,SI041
4822,Zgornje Škofije,Zgornja Škofija,Zgornju Škofiju,45.55,13.7333,Obalno-kraška,SI044
4823,Zgornje Vetrno,Zgornja Vetrna,Zgornju Vetrnu,46.3581,14.293,Gorenjska,SI042
4824,Zgornje Vodale,Zgornja Vodala,Zgornju Vodalu,46.0092,15.3041,Posavska,SI036
4825,Zgornji Dražen Vrh,Zgornjiv Dražena Vrha,Zgornjih Draženu Vrhu,46.6817,15.6481,Podravska,SI032
4826,Zgornji Gabernik,Zgornjiv Gabernika,Zgornjih Gaberniku,46.2314,15.6381,Savinjska,SI034
4827,Zgornji Hotič,Zgornjiv Hotiča,Zgornjih Hotiču,46.0667,14.8167,Zasavska,SI035
4828,Zgornji Jakobski Dol,Zgornjiv Jakobskiv Dola,Zgornjih Jakobskih Dolu,46.6099,15.6714,Podravska,SI032
4829,Zgornji Kamenščak,Zgornjiv Kamenščaka,Zgornjih Kamenščaku,46.5168,16.2027,Pomurska,SI031
4830,Zgornji Kocjan,Zgornjiv Kocjana,Zgornjih Kocjanu,46.6428,16.0453,Pomurska,SI031
4831,Zgornji Leskovec,Zgornjiv Leskovca,Zgornjih Leskovcu,45.8484,14.6944,Osrednjeslovenska,SI041
4832,Zgornji Log,Zgornjiv Loga,Zgornjih Logu,46.0667,14.8167,Zasavska,SI035
4833,Zgornji Motnik,Zgornjiv Motnika,Zgornjih Motniku,46.2257,14.612,Osrednjeslovenska,SI041
4834,Zgornji Obrež,Zgornjiv Obreža,Zgornjih Obrežu,45.9048,15.5922,Posavska,SI036
4835,Zgornji Otok,Zgornjiv Otoka,Zgornjih Otoku,46.3425,14.1721,Gorenjska,SI042
4836,Zgornji Petelinjek,Zgornjiv Petelinjeka,Zgornjih Petelinjeku,46.1686,14.6892,Osrednjeslovenska,SI041
4837,Zgornji Prekar,Zgornjiv Prekara,Zgornjih Prekaru,46.1356,14.7439,Osrednjeslovenska,SI041
4838,Zgornji Razbor,Zgornjiv Razbora,Zgornjih Razboru,46.5094,15.0792,Koroška,SI033
4839,Zgornji Slemen – Del,Zgornjiv Slemena –a Dla,Zgornjih Slemenu –u Dlu,46.5575,15.6456,Podravska,SI032
4840,Zgornji Tuhinj,Zgornjiv Tuhinja,Zgornjih Tuhinju,46.2257,14.612,Osrednjeslovenska,SI041
4841,Zgornji Tuštanj,Zgornjiv Tuštanja,Zgornjih Tuštanju,46.1356,14.7439,Osrednjeslovenska,SI041
4842,Zgornji Velovlek,Zgornjiv Velovleka,Zgornjih Velovleku,46.4923,15.8801,Podravska,SI032
4843,Zgoša,Zgoše,Zgoši,46.3425,14.1721,Gorenjska,SI042
4844,Zibovnik,Zibovnika,Zibovniku,45.7964,14.3581,Primorsko-notranjska,SI038
4845,Zidani Most,Zidaniv Mosta,Zidanih Mostu,46.1563,15.2386,Savinjska,SI034
4846,Zidani Most,Zidaniv Mosta,Zidanih Mostu,45.9104,15.0086,Jugovzhodna Slovenija,SI037
4847,Zilje,Zilja,Zilju,45.5711,15.1889,Jugovzhodna Slovenija,SI037
4848,Zlakova,Zlakove,Zlakovi,46.375,15.3854,Savinjska,SI034
4849,Zlateče,Zlateča,Zlateču,46.2933,15.3052,Savinjska,SI034
4850,Zlateče Pri Šentjurju,Zlateča Priv Šentjurjua,Zlateču Prih Šentjurjuu,46.2176,15.396,Savinjska,SI034
4851,Zlatenek,Zlateneka,Zlateneku,46.1686,14.6892,Osrednjeslovenska,SI041
4852,Zlati Rep,Zlativ Repa,Zlatih Repu,45.74,14.7308,Jugovzhodna Slovenija,SI037
4853,Zlati Rep,Zlativ Repa,Zlatih Repu,46.5372,15.2733,Koroška,SI033
4854,Zlato Polje,Zlata Polja,Zlatu Polju,46.1686,14.6892,Osrednjeslovenska,SI041
4855,Zlatoličje,Zlatoličja,Zlatoličju,46.4664,15.7675,Podravska,SI032
4856,Zloganje,Zloganja,Zloganju,45.9069,15.2914,Jugovzhodna Slovenija,SI037
4857,Zlogona Gora,Zlogone Gore,Zlogoni Gori,46.386,15.4458,Podravska,SI032
4858,Zlogona Vas,Zlogone Vasa,Zlogoni Vasu,46.386,15.4458,Podravska,SI032
4859,Zminec,Zminca,Zmincu,46.1672,14.303,Gorenjska,SI042
4860,Znojile,Znojila,Znojilu,46.2257,14.612,Osrednjeslovenska,SI041
4861,Znojile,Znojila,Znojilu,46.1857,13.7352,Goriška,SI043
4862,Znojile Pri Krki,Znojila Priv Krkiv,Znojilu Prih Krkih,45.9374,14.8029,Osrednjeslovenska,SI041
4863,Znojile Pri Studencu,Znojila Priv Studencua,Znojilu Prih Studencuu,46.0092,15.3041,Posavska,SI036
4864,Zorenci,Zorenciv,Zorencih,45.5711,15.1889,Jugovzhodna Slovenija,SI037
4865,Zreče,Zreč,Zrečah,46.375,15.3854,Savinjska,SI034
4866,Zrkovci,Zrkovciv,Zrkovcih,46.5575,15.6456,Podravska,SI032
4867,Zvirče,Zvirča,Zvirču,46.3581,14.293,Gorenjska,SI042
4868,Zvodno,Zvodna,Zvodnu,46.2358,15.2675,Savinjska,SI034
4869,Žabče,Žabča,Žabču,46.1857,13.7352,Goriška,SI043
4870,Žabjek,Žabjeka,Žabjeku,45.9104,15.0086,Jugovzhodna Slovenija,SI037
4871,Žabjek V Podbočju,Žabjeka Va Podbočjua,Žabjeku Vu Podbočjuu,45.95,15.4833,Posavska,SI036
4872,Žablje,Žablja,Žablju,46.2333,14.3667,Gorenjska,SI042
4873,Žabljek,Žabljeka,Žabljeku,46.3903,15.575,Podravska,SI032
4874,Žabnica,Žabnice,Žabnici,46.0207,14.4178,Osrednjeslovenska,SI041
4875,Žabnica,Žabnice,Žabnici,46.2333,14.3667,Gorenjska,SI042
4876,Žadovinek,Žadovineka,Žadovineku,45.95,15.4833,Posavska,SI036
4877,Žaga,Žage,Žagi,46.3378,13.5522,Goriška,SI043
4878,Žaga,Žage,Žagi,46.2257,14.612,Osrednjeslovenska,SI041
4879,Žaga,Žage,Žagi,45.8363,14.6377,Osrednjeslovenska,SI041
4880,Žagolič,Žagoliča,Žagoliču,45.8861,13.9097,Goriška,SI043
4881,Žalec,Žalca,Žalcu,46.251,15.1639,Savinjska,SI034
4882,Žalna,Žalne,Žalni,45.9551,14.6562,Osrednjeslovenska,SI041
4883,Žaloviče,Žaloviča,Žaloviču,45.8622,15.2214,Jugovzhodna Slovenija,SI037
4884,Žamenci,Žamenciv,Žamencih,46.4299,15.9488,Podravska,SI032
4885,Žapuže,Žapuža,Žapužu,45.8861,13.9097,Goriška,SI043
4886,Žažar,Žažara,Žažaru,46.023,14.2981,Osrednjeslovenska,SI041
4887,Ždinja Vas,Ždinje Vasa,Ždinji Vasu,45.8,15.1667,Jugovzhodna Slovenija,SI037
4888,Žebnik,Žebnika,Žebniku,46.0658,15.1728,Posavska,SI036
4889,Žegar,Žegara,Žegaru,46.2176,15.396,Savinjska,SI034
4890,Žeje,Žeja,Žeju,46.1394,14.595,Osrednjeslovenska,SI041
4891,Žeje,Žeja,Žeju,46.2749,14.3176,Gorenjska,SI042
4892,Žeje,Žeja,Žeju,45.7759,14.2137,Primorsko-notranjska,SI038
4893,Žeje Pri Komendi,Žeja Priv Komendiv,Žeju Prih Komendih,46.2073,14.539,Osrednjeslovenska,SI041
4894,Žejno,Žejna,Žejnu,45.9048,15.5922,Posavska,SI036
4895,Želče,Želča,Želču,46.2933,15.3052,Savinjska,SI034
4896,Železne Dveri,Železna Dveriv,Železnu Dverih,46.5168,16.2027,Pomurska,SI031
4898,Železniki,Železnikov,Železnikih,46.2182,14.1592,Gorenjska,SI042
4901,Želimlje,Želimlja,Želimlju,45.9836,14.5761,Osrednjeslovenska,SI041
4902,Željne,Željna,Željnu,45.643,14.8594,Jugovzhodna Slovenija,SI037
4903,Želodnik,Želodnika,Želodniku,46.1394,14.595,Osrednjeslovenska,SI041
4904,Ženavlje,Ženavlja,Ženavlju,46.805,16.2172,Pomurska,SI031
4905,Ženje,Ženja,Ženju,45.95,15.4833,Posavska,SI036
4906,Žepina,Žepine,Žepini,46.2358,15.2675,Savinjska,SI034
4907,Žerjavin,Žerjavina,Žerjavinu,45.8389,15.3361,Jugovzhodna Slovenija,SI037
4908,Žerjavka,Žerjavke,Žerjavki,46.243,14.4181,Gorenjska,SI042
4909,Žerovinci,Žerovinciv,Žerovincih,46.4086,16.1475,Podravska,SI032
4910,Žerovnica,Žerovnice,Žerovnici,45.7964,14.3581,Primorsko-notranjska,SI038
4911,Žetale,Žetal,Žetalah,46.275,15.7939,Podravska,SI032
4912,Žibrše,Žibrša,Žibršu,45.9167,14.2297,Osrednjeslovenska,SI041
4913,Žice,Žica,Žicu,46.6497,15.8453,Podravska,SI032
4914,Žiče,Žiča,Žiču,46.1394,14.595,Osrednjeslovenska,SI041
4915,Žiče,Žiča,Žiču,46.3383,15.4233,Savinjska,SI034
4916,Žiganja Vas,Žiganje Vasa,Žiganji Vasu,46.3581,14.293,Gorenjska,SI042
4917,Žigon,Žigona,Žigonu,46.1563,15.2386,Savinjska,SI034
4918,Žigrski Vrh,Žigrskiv Vrha,Žigrskih Vrhu,46.0092,15.3041,Posavska,SI036
4919,Žihovo Selo,Žihova Sela,Žihovu Selu,45.8,15.1667,Jugovzhodna Slovenija,SI037
4920,Žimarice,Žimarica,Žimaricu,45.7616,14.6363,Jugovzhodna Slovenija,SI037
4921,Žiri,Žirov,Žireh,46.0469,14.1097,Gorenjska,SI042
4922,Žirje,Žirja,Žirju,45.7034,13.8706,Obalno-kraška,SI044
4923,Žirovnica,Žirovnice,Žirovnici,46.0025,14.0275,Goriška,SI043
4924,Žirovnica,Žirovnice,Žirovnici,46.0092,15.3041,Posavska,SI036
4925,Žirovski Vrh,Žirovskiv Vrha,Žirovskih Vrhu,46.0469,14.1097,Gorenjska,SI042
4926,Žirovše,Žirovša,Žirovšu,46.1686,14.6892,Osrednjeslovenska,SI041
4927,Žitkovci,Žitkovciv,Žitkovcih,46.6515,16.3479,Pomurska,SI031
4928,Žižki,Žižkiv,Žižkih,46.5747,16.2937,Pomurska,SI031
4929,Žlabor,Žlabora,Žlaboru,46.3202,14.9531,Savinjska,SI034
4930,Žlebe,Žleba,Žlebu,46.1382,14.4147,Osrednjeslovenska,SI041
4931,Žlebič,Žlebiča,Žlebiču,45.74,14.7308,Jugovzhodna Slovenija,SI037
4932,Žlebič,Žlebiča,Žlebiču,46.5372,15.2733,Koroška,SI033
4933,Žrnova,Žrnove,Žrnovi,46.6428,16.0453,Pomurska,SI031
4934,Žubejevo,Žubejeva,Žubejevu,46.2257,14.612,Osrednjeslovenska,SI041
4935,Žubina,Žubine,Žubini,45.9104,15.0086,Jugovzhodna Slovenija,SI037
4936,Žukovo,Žukova,Žukovu,45.74,14.7308,Jugovzhodna Slovenija,SI037
4937,Žukovo,Žukova,Žukovu,46.5372,15.2733,Koroška,SI033
4938,Žuniči,Žuničev,Žuničih,45.5711,15.1889,Jugovzhodna Slovenija,SI037
4940,Župančiči,Župančičiv,Župančičih,45.55,13.7333,Obalno-kraška,SI044
4941,Županje Njive,Županja Njiva,Županju Njivu,46.2257,14.612,Osrednjeslovenska,SI041
4942,Župeča Vas,Župeče Vasa,Župeči Vasu,45.9048,15.5922,Posavska,SI036
4943,Župečja Vas,Župečje Vasa,Župečji Vasu,46.406,15.7983,Podravska,SI032
4944,Župelevec,Župelevca,Župelevcu,45.9048,15.5922,Posavska,SI036
4945,Župeno,Župena,Župenu,45.7964,14.3581,Primorsko-notranjska,SI038
4946,Župetinci,Župetinciv,Župetincih,46.566,15.9429,Podravska,SI032
4947,Žurkov Dol,Žurkova Dola,Žurkovu Dolu,46.0092,15.3041,Posavska,SI036
4948,Žužemberk,Žužemberka,Žužemberku,45.8339,14.9292,Jugovzhodna Slovenija,SI037
4949,Žvab,Žvaba,Žvabu,46.4086,16.1475,Podravska,SI032
4950,Žvabovo,Žvabova,Žvabovu,45.8389,15.3361,Jugovzhodna Slovenija,SI037
4951,Žvirče,Žvirča,Žvirču,45.8339,14.9292,Jugovzhodna Slovenija,SI037
