naselje;občina
Abitanti;Koper
Adamovo;Velike Lašče
Adergas;Cerklje Na Gorenjskem
Adlešiči;Črnomelj
Adrijanci;Gornji Petrovci
Ajba;Kanal
Ajbelj;Kostel
Ajdovščina;Ajdovščina
Ajševica;Nova Gorica
Ambrož Pod Krvavcem;Cerklje Na Gorenjskem
Ambrus;Ivančna Gorica
Andol;Ribnica
Andraž Nad Polzelo;Polzela
Andrejci;Moravske Toplice
Andrejčje;Bloke
Andrenci;Cerkvenjak
Anhovo;Kanal
Ankaran;Ankaran
Anovec;Krško
Anže;Krško
Apače;Apače
Apače;Kidričevo
Apnenik;Šentjernej
Apnenik Pri Boštanju;Sevnica
Apnenik Pri Velikem Trnu;Krško
Apno;Cerklje Na Gorenjskem
Arclin;Vojnik
Arčelca;Trebnje
Ardro Pod Velikim Trnom;Krško
Ardro Pri Raki;Krško
Arja Vas;Žalec
Armeško;Krško
Arnače;Velenje
Arnovo Selo;Brežice
Artiče;Brežice
Artiža Vas;Ivančna Gorica
Artmanja Vas;Trebnje
Arto;Sevnica
Artviže;Hrpelje-Kozina
Avber;Sežana
Avče;Kanal
Avguštine;Kostanjevica Na Krki
Avsa;Kobarid
Aženski Vrh;Gornja Radgona
Babiči;Koper
Babinci;Ljutomer
Babna Brda;Šmarje Pri Jelšah
Babna Gora;Dobrova-Polhov Gradec
Babna Gora;Šmarje Pri Jelšah
Babna Gora;Trebnje
Babna Polica;Loška Dolina
Babna Reka;Šmarje Pri Jelšah
Babni Vrt;Kranj
Babno Polje;Loška Dolina
Bač;Ilirska Bistrica
Bač Pri Materiji;Hrpelje-Kozina
Bača Pri Modreju;Tolmin
Bača Pri Podbrdu;Tolmin
Bačne;Gorenja Vas-Poljane
Bakovci;Murska Sobota
Bakrc;Ivančna Gorica
Balkovci;Črnomelj
Bane;Velike Lašče
Banja Loka;Kostel
Banjšice;Nova Gorica
Banovci;Veržej
Banuta;Lendava
Barbana;Brda
Baredi;Izola
Barislovci;Videm
Barizoni;Koper
Barka;Divača
Bašelj;Preddvor
Bate;Nova Gorica
Batuje;Ajdovščina
Bavdek;Velike Lašče
Bavšica;Bovec
Beč;Cerknica
Bečaje;Cerknica
Bedenj;Črnomelj
Begunje Na Gorenjskem;Radovljica
Begunje Pri Cerknici;Cerknica
Beka;Hrpelje-Kozina
Bela;Ajdovščina
Bela;Kamnik
Bela Cerkev;Šmarješke Toplice
Bela Peč;Kamnik
Belavšek;Videm
Belca;Kranjska Gora
Belčji Vrh;Črnomelj
Bele Vode;Šoštanj
Beli Grič;Mokronog-Trebelno
Beli Potok Pri Frankolovem;Vojnik
Beli Potok Pri Lembergu;Šmarje Pri Jelšah
Belica;Dobrova-Polhov Gradec
Belica;Osilnica
Belo;Brda
Belo;Medvode
Belo;Šmarje Pri Jelšah
Belovo;Laško
Belski Vrh;Zavrč
Belsko;Postojna
Belšak;Prevalje
Belšinja Vas;Trebnje
Beltinci;Beltinci
Belvedur;Koper
Benečija;Trebnje
Benedikt;Benedikt
Benete;Bloke
Benica;Lendava
Bereča Vas;Metlika
Beričevo;Dol Pri Ljubljani
Berinjak;Videm
Berinjek;Litija
Berkovci;Križevci
Berkovci;Moravske Toplice
Berkovski Prelogi;Križevci
Bertoki;Koper
Besnica;Ljubljana
Betanja;Divača
Betonovo;Sodražica
Bevče;Velenje
Bevke;Vrhnika
Bezena;Ruše
Bezenškovo Bukovje;Vojnik
Bezgarji;Osilnica
Bezgovica;Osilnica
Bezgovica;Šmarje Pri Jelšah
Bezina;Slovenske Konjice
Beznovci;Puconci
Bezovica;Koper
Bezovica;Vojnik
Bezovje Nad Zrečami;Zreče
Bezovje Pri Šentjurju;Šentjur
Bezuljak;Cerknica
Bič;Trebnje
Bičje;Grosuplje
Biljana;Brda
Bilje;Miren-Kostanjevica
Binkelj;Škofja Loka
Birčna Vas;Novo Mesto
Birna Vas;Sevnica
Biserjane;Sveti Jurij Ob Ščavnici
Bistra;Črna Na Koroškem
Bistra;Vrhnika
Bistrica;Črnomelj
Bistrica;Kozje
Bistrica;Litija
Bistrica;Naklo
Bistrica;Šentrupert
Bistrica Ob Dravi;Ruše
Bistrica Ob Sotli;Bistrica Ob Sotli
Bistrica Pri Tržiču;Tržič
Bistričica;Kamnik
Biš;Trnovska Vas
Bišče;Domžale
Bišečki Vrh;Trnovska Vas
Biška Vas;Mirna Peč
Bitiče;Litija
Bitnja Vas;Mokronog-Trebelno
Bitnje;Bohinj
Bizeljska Vas;Brežice
Bizeljsko;Brežice
Blagovica;Lukovica
Blaguš;Sveti Jurij Ob Ščavnici
Blanca;Sevnica
Blate;Ribnica
Blatna Brezovica;Vrhnika
Blatni Vrh;Laško
Blatnik Pri Črmošnjicah;Semič
Blatnik Pri Črnomlju;Črnomelj
Blatno;Brežice
Blato;Slovenske Konjice
Blato;Trebnje
Blečji Vrh;Grosuplje
Bled;Bled
Blejska Dobrava;Jesenice
Bločice;Cerknica
Blodnik;Zagorje Ob Savi
Bloška Polica;Cerknica
Boben;Hrastnik
Bobovek;Kranj
Bobovo Pri Ponikvi;Šentjur
Bobovo Pri Šmarju;Šmarje Pri Jelšah
Bočaji;Koper
Bočkovo;Bloke
Bočna;Gornji Grad
Bodešče;Bled
Bodislavci;Ljutomer
Bodkovci;Juršinci
Bodonci;Puconci
Bodovlje;Škofja Loka
Bodrež;Kanal
Bodrež;Šmarje Pri Jelšah
Bodrišna Vas;Šmarje Pri Jelšah
Boga Vas;Ivančna Gorica
Bogenšperk;Šmartno Pri Litiji
Boginja Vas;Metlika
Bogneča Vas;Mokronog-Trebelno
Bogo;Sežana
Bogojina;Moravske Toplice
Boharina;Zreče
Bohinjska Bela;Bled
Bohinjska Bistrica;Bohinj
Bohinjska Češnjica;Bohinj
Bohova;Hoče-Slivnica
Bojanci;Črnomelj
Bojanja Vas;Metlika
Bojanji Vrh;Ivančna Gorica
Bojsno;Brežice
Bojtina;Slovenska Bistrica
Bokrači;Puconci
Boldraž;Metlika
Bolečka Vas;Majšperk
Bolehnečici;Sveti Jurij Ob Ščavnici
Boletina;Šentjur
Boltija;Litija
Bonini;Koper
Boračeva;Radenci
Boreci;Križevci
Boreča;Gornji Petrovci
Borejci;Tišina
Boričevo;Novo Mesto
Borjana;Kobarid
Borje;Zagorje Ob Savi
Borje Pri Mlinšah;Zagorje Ob Savi
Borovak Pri Podkumu;Zagorje Ob Savi
Borovak Pri Polšniku;Litija
Borovci;Markovci
Borovec Pri Karlovici;Velike Lašče
Borovec Pri Kočevski Reki;Kočevje
Borovnica;Borovnica
Boršt;Brežice
Boršt;Koper
Boršt;Metlika
Boršt Pri Dvoru;Žužemberk
Bosljiva Loka;Osilnica
Bošamarin;Koper
Boštanj;Sevnica
Boštetje;Velike Lašče
Botričnica;Šentjur
Bovec;Bovec
Bovše;Vojnik
Božakovo;Metlika
Božič Vrh;Metlika
Božje;Oplotnica
Bračna Vas;Brežice
Branik;Nova Gorica
Brankovo;Velike Lašče
Branoslavci;Ljutomer
Braslovče;Braslovče
Bratislavci;Dornava
Bratnice;Ivančna Gorica
Bratonci;Beltinci
Bratonečice;Sveti Tomaž
Brce;Ilirska Bistrica
Brda;Radovljica
Brda;Slovenj Gradec
Brdarci;Črnomelj
Brdce;Hrastnik
Brdce;Vojnik
Brdce Nad Dobrno;Dobrna
Brdice Pri Kožbani;Brda
Brdice Pri Neblem;Brda
Brdinje;Ravne Na Koroškem
Brdo;Domžale
Brdo;Nazarje
Brdo;Nova Gorica
Brdo;Slovenske Konjice
Brdo;Šentjur
Brdo;Tržič
Brdo Pri Lukovici;Lukovica
Brebovnica;Gorenja Vas-Poljane
Brecljevo;Šmarje Pri Jelšah
Breg;Majšperk
Breg;Mežica
Breg;Sevnica
Breg;Žirovnica
Breg Ob Bistrici;Tržič
Breg Ob Kokri;Preddvor
Breg Ob Savi;Kranj
Breg Pri Borovnici;Borovnica
Breg Pri Dobu;Ivančna Gorica
Breg Pri Golem Brdu;Brda
Breg Pri Kočevju;Kočevje
Breg Pri Komendi;Komenda
Breg Pri Konjicah;Slovenske Konjice
Breg Pri Litiji;Litija
Breg Pri Polzeli;Polzela
Breg Pri Ribnici Na Dol.;Ribnica
Breg Pri Sinjem Vrhu;Črnomelj
Breg Pri Temenici;Ivančna Gorica
Breg Pri Zagradcu;Ivančna Gorica
Brege;Krško
Breginj;Kobarid
Brekovice;Žiri
Brengova;Cerkvenjak
Bresnica;Ormož
Brest;Ig
Brestanica;Krško
Bresternica;Maribor
Brestje;Brda
Brestovec;Rogaška Slatina
Brestovica Pri Komnu;Komen
Brestovica Pri Povirju;Sežana
Breška Vas;Šentjernej
Breza;Trebnje
Brezen;Vitanje
Brezje;Cerknica
Brezje;Mozirje
Brezje;Novo Mesto
Brezje;Radovljica
Brezje;Sevnica
Brezje;Sveti Jurij Ob Ščavnici
Brezje;Zagorje Ob Savi
Brezje Nad Kamnikom;Kamnik
Brezje Ob Slomu;Šentjur
Brezje Pod Nanosom;Postojna
Brezje Pri Bojsnem;Brežice
Brezje Pri Dobjem;Dobje
Brezje Pri Dobrovi;Dobrova-Polhov Gradec
Brezje Pri Dobu;Domžale
Brezje Pri Dovškem;Krško
Brezje Pri Grosupljem;Grosuplje
Brezje Pri Kumpolju;Litija
Brezje Pri Lekmarju;Šmarje Pri Jelšah
Brezje Pri Lipoglavu;Ljubljana
Brezje Pri Ločah;Slovenske Konjice
Brezje Pri Oplotnici;Oplotnica
Brezje Pri Podplatu;Rogaška Slatina
Brezje Pri Poljčanah;Poljčane
Brezje Pri Raki;Krško
Brezje Pri Rožnem Dolu;Semič
Brezje Pri Senušah;Krško
Brezje Pri Slov. Bistrici;Slovenska Bistrica
Brezje Pri Šentjerneju;Šentjernej
Brezje Pri Trebelnem;Mokronog-Trebelno
Brezje Pri Tržiču;Tržič
Brezje Pri Veliki Dolini;Brežice
Brezje Pri Vinjem Vrhu;Semič
Brezje V Podbočju;Krško
Brezni Vrh;Radlje Ob Dravi
Breznica;Prevalje
Breznica;Žirovnica
Breznica Pod Lubnikom;Škofja Loka
Breznica Pri Žireh;Žiri
Breznik;Črnomelj
Breznik;Zagorje Ob Savi
Brezno;Laško
Brezno;Podvelka
Brezova;Celje
Brezova Reber;Semič
Brezova Reber Pri Dvoru;Žužemberk
Brezovci;Dornava
Brezovci;Puconci
Brezovec;Cirkulane
Brezovec – Del;Lendava
Brezovec Pri Polju;Podčetrtek
Brezovec Pri Rogatcu;Rogatec
Brezovi Dol;Ivančna Gorica
Brezovica;Hrpelje-Kozina
Brezovica;Radovljica
Brezovica;Šmarješke Toplice
Brezovica;Velika Polana
Brezovica Na Bizeljskem;Brežice
Brezovica Pri Borovnici;Borovnica
Brezovica Pri Črmošnjicah;Semič
Brezovica Pri Dobu;Domžale
Brezovica Pri Gradinu;Koper
Brezovica Pri Ljubljani;Brezovica
Brezovica Pri Medvodah;Medvode
Brezovica Pri Metliki;Metlika
Brezovica Pri Mirni;Mirna
Brezovica Pri Predgradu;Kočevje
Brezovica Pri Stopičah;Novo Mesto
Brezovica Pri Trebelnem;Mokronog-Trebelno
Brezovica Pri Zlatem Polju;Lukovica
Brezovica V Podbočju;Krško
Brezovk;Brda
Brezovo;Litija
Brezovo;Sevnica
Brezovo Brdo;Hrpelje-Kozina
Brezovska Gora;Krško
Brezula;Rače-Fram
Breže;Ribnica
Brežec Pri Divači;Divača
Brežec Pri Podgorju;Koper
Brežice;Brežice
Brglez;Litija
Brič;Koper
Briga;Kostel
Brinje;Dol Pri Ljubljani
Brinje;Šentrupert
Brinovščica;Ribnica
Briše;Kamnik
Briše;Zagorje Ob Savi
Briše Pri Polhovem Gradcu;Dobrova-Polhov Gradec
Britof;Kranj
Brje;Ajdovščina
Brje Pri Komnu;Komen
Brje Pri Koprivi;Sežana
Brlog;Krško
Brlog – Del;Sodražica
Brlog – Del;Velike Lašče
Brnica;Hrastnik
Brnica;Žalec
Brod;Bohinj
Brod V Podbočju;Krško
Brode;Škofja Loka
Brode;Vransko
Brodnice;Laško
Brsnik;Kostel
Brstnik;Laško
Brstovec;Semič
Brstovnica;Laško
Bršlenovica;Lukovica
Bruhanja Vas;Dobrepolje
Bruna Vas;Mokronog-Trebelno
Brunk;Radeče
Brunška Gora;Radeče
Brunšvik;Starše
Brvace;Grosuplje
Brvi;Brežice
Buč;Kamnik
Buče;Kozje
Bučečovci;Križevci
Bučerca;Krško
Bučka;Škocjan
Bučkovci;Ljutomer
Budanje;Ajdovščina
Budganja Vas;Žužemberk
Budihni;Nova Gorica
Budinci;Šalovci
Budna Vas;Sevnica
Buje;Pivka
Bukošek;Brežice
Bukov Vrh;Gorenja Vas-Poljane
Bukov Vrh Nad Visokim;Škofja Loka
Bukova Gora;Kočevje
Bukovca;Laško
Bukovci;Markovci
Bukovec;Slovenska Bistrica
Bukovec;Velike Lašče
Bukovec Pri Poljanah;Ribnica
Bukovica;Ivančna Gorica
Bukovica;Renče-Vogrsko
Bukovica;Ribnica
Bukovica;Škofja Loka
Bukovica Pri Litiji;Šmartno Pri Litiji
Bukovica Pri Vodicah;Vodice
Bukovje;Brežice
Bukovje;Dravograd
Bukovje;Postojna
Bukovje Pri Slivnici;Šentjur
Bukovje V Babni Gori;Šmarje Pri Jelšah
Bukovlje;Zreče
Bukovnica;Moravske Toplice
Bukovo;Cerkno
Bukovska Vas;Dravograd
Bukovski Vrh;Tolmin
Bukovščica;Škofja Loka
Bukovžlak;Celje
Bunčani;Veržej
Bušeča Vas;Brežice
Bušinec;Dolenjske Toplice
Bušinja Vas;Metlika
Butajnova;Dobrova-Polhov Gradec
Butari;Koper
Butoraj;Črnomelj
Cajnarje;Cerknica
Cankova;Cankova
Cegelnica;Naklo
Ceglo;Brda
Celestrina;Maribor
Celine;Krško
Celje;Celje
Cenkova;Cerkvenjak
Centa;Velike Lašče
Cepki;Koper
Cerej;Koper
Cerina;Brežice
Cerkljanska Dobrava;Cerklje Na Gorenjskem
Cerkljanski Vrh;Cerkno
Cerklje Na Gorenjskem;Cerklje Na Gorenjskem
Cerklje Ob Krki;Brežice
Cerknica;Cerknica
Cerkno;Cerkno
Cerkvenjak;Cerkvenjak
Cerkvišče;Črnomelj
Cerov Log;Šentjernej
Cerovec;Dolenjske Toplice
Cerovec;Sevnica
Cerovec;Šentjur
Cerovec Pod Bočem;Rogaška Slatina
Cerovec Pri Črešnjevcu;Semič
Cerovec Pri Šmarju;Šmarje Pri Jelšah
Cerovec Pri Trebelnem;Mokronog-Trebelno
Cerovec Stanka Vraza;Ormož
Cerovica;Šmartno Pri Litiji
Cerovo;Grosuplje
Ceršak;Šentilj
Cesta;Ajdovščina
Cesta;Dobrepolje
Cesta;Krško
Cesta;Trebnje
Ceste;Rogaška Slatina
Cetore;Izola
Cezanjevci;Ljutomer
Cezlak;Slovenska Bistrica
Ciglence;Duplek
Cigonca;Slovenska Bistrica
Cikava;Grosuplje
Cikava;Mokronog-Trebelno
Ciringa;Kungota
Cirje;Krško
Cirknica;Šentilj
Cirkovce;Kidričevo
Cirkulane;Cirkulane
Cirkuše;Litija
Cirkuše V Tuhinju;Kamnik
Cirnik;Brežice
Cirnik;Mirna
Cmereška Gorca;Podčetrtek
Cogetinci;Cerkvenjak
Col;Ajdovščina
Coljava;Komen
Colnarji;Kostel
Crngrob;Škofja Loka
Cuber;Ljutomer
Cundrovec;Brežice
Cunkovci;Gorišnica
Curnovec;Brežice
Curnovec;Laško
Cven;Ljutomer
Cvetkovci;Ormož
Cvišlerji;Kočevje
Čabrače;Gorenja Vas-Poljane
Čača Vas;Rogaška Slatina
Čadovlje;Kranj
Čadovlje Pri Tržiču;Tržič
Čadram;Oplotnica
Čadramska Vas;Poljčane
Čadraže;Šentjernej
Čadrg;Tolmin
Čagona;Cerkvenjak
Čagošče;Ivančna Gorica
Čakova;Sveti Jurij Ob Ščavnici
Čanje;Sevnica
Čateška Gora;Litija
Čatež;Trebnje
Čatež Ob Savi;Brežice
Čebine;Trbovlje
Čeče – Del;Hrastnik
Čeče – Del;Trbovlje
Čedem;Brežice
Čehovini;Komen
Čekovnik;Idrija
Čelevec;Šmarješke Toplice
Čelje;Ilirska Bistrica
Čelovnik;Sevnica
Čemše;Mirna Peč
Čemšenik;Zagorje Ob Savi
Čentiba;Lendava
Čentur;Koper
Čepinci;Šalovci
Čeplez;Cerkno
Čeplje;Kočevje
Čeplje;Litija
Čeplje;Lukovica
Čeplje;Vransko
Čepno;Pivka
Čepovan;Nova Gorica
Čepulje;Kranj
Čermožiše;Žetale
Černelavci;Murska Sobota
Češča Vas;Novo Mesto
Češenik;Domžale
Češnjevek;Cerklje Na Gorenjskem
Češnjevek;Trebnje
Češnjica;Ljubljana
Češnjica Pri Kropi;Radovljica
Češnjice;Lukovica
Češnjice;Sevnica
Češnjice Pri Moravčah;Moravče
Češnjice Pri Trebelnem;Mokronog-Trebelno
Češnjice Pri Zagradcu;Ivančna Gorica
Češnjice V Tuhinju;Kamnik
Četena Ravan;Gorenja Vas-Poljane
Četež Pri Strugah;Dobrepolje
Četež Pri Turjaku;Velike Lašče
Čezsoča;Bovec
Čežarji;Koper
Čiginj;Tolmin
Čikečka Vas;Moravske Toplice
Čilpah;Mokronog-Trebelno
Čimerno;Radeče
Činžat;Lovrenc Na Pohorju
Čipnje;Komen
Čisti Breg;Šentjernej
Čohovo;Cerknica
Čolnica;Kanal
Čolnišče;Zagorje Ob Savi
Črenšovci;Črenšovci
Čreškova;Vojnik
Črešnjevci;Gornja Radgona
Črešnjevec;Slovenska Bistrica
Črešnjevec;Vojnik
Črešnjevec Ob Bistrici;Bistrica Ob Sotli
Črešnjevec Ob Dravi;Selnica Ob Dravi
Črešnjevec Pri Dragatušu;Črnomelj
Črešnjevec Pri Oštrcu;Kostanjevica Na Krki
Črešnjevec Pri Semiču;Semič
Črešnjice;Novo Mesto
Črešnjice;Vojnik
Črešnjice Nad Pijavškim;Krško
Črešnjice Pri Cerkljah;Brežice
Črešnova;Zreče
Čreta;Hoče-Slivnica
Čreta;Vransko
Čreta Pri Kokarjah;Nazarje
Čretež Pri Krškem;Krško
Čretvež;Zreče
Črmlja;Trnovska Vas
Črmljenšak;Lenart
Črmošnjice;Semič
Črmošnjice Pri Stopičah;Novo Mesto
Črna Na Koroškem;Črna Na Koroškem
Črna Pri Kamniku;Kamnik
Črna Vas;Ljubljana
Črnci;Apače
Črnec;Ribnica
Črneča Vas;Kostanjevica Na Krki
Črneče;Dravograd
Črneška Gora;Dravograd
Črni Kal;Koper
Črni Potok;Šmartno Pri Litiji
Črni Potok Pri Dragi;Loški Potok
Črni Potok Pri Kočevju;Kočevje
Črni Potok Pri Vel. Laščah;Ribnica
Črni Vrh;Dobrova-Polhov Gradec
Črni Vrh;Idrija
Črni Vrh;Tabor
Črni Vrh V Tuhinju;Kamnik
Črniče;Ajdovščina
Črnivec;Radovljica
Črnolica;Šentjur
Črnomelj;Črnomelj
Črnotiče;Koper
Črnova;Velenje
Čučja Mlaka;Škocjan
Čudno Selo;Črnomelj
Čurile;Metlika
Čušperk;Grosuplje
Čužnja Vas;Mokronog-Trebelno
Daber;Tolmin
Dalce;Krško
Daljni Vrh;Novo Mesto
Dalnje Njive;Črnomelj
Damelj;Črnomelj
Dane;Loška Dolina
Dane;Ribnica
Dane Pri Divači;Divača
Dane Pri Sežani;Sežana
Dankovci;Puconci
Davča;Železniki
Debeče;Ivančna Gorica
Debenec;Mirna
Debeni;Gorenja Vas-Poljane
Debro;Laško
Dečina;Črnomelj
Dečja Vas;Trebnje
Dečja Vas Pri Zagradcu;Ivančna Gorica
Dečno Selo;Brežice
Dedna Gora;Sevnica
Dedni Dol;Ivančna Gorica
Dedni Vrh;Krško
Dedni Vrh Pri Vojniku;Vojnik
Dednik;Velike Lašče
Dednja Vas;Brežice
Dekani;Koper
Dekmanca;Bistrica Ob Sotli
Delač;Kostel
Delnice;Gorenja Vas-Poljane
Depala Vas;Domžale
Desenci;Destrnik
Desinec;Črnomelj
Deskle;Kanal
Deskova Vas;Črnomelj
Desnjak;Ljutomer
Destrnik;Destrnik
Dešeča Vas;Žužemberk
Dešen;Moravče
Devina;Slovenska Bistrica
Dežno Pri Makolah;Makole
Dežno Pri Podlehniku;Podlehnik
Dilce;Postojna
Dilici;Koper
Divača;Divača
Divči;Komen
Dob;Domžale
Dob Pri Šentvidu;Ivančna Gorica
Dobe;Kostanjevica Na Krki
Dobec;Cerknica
Dobeno;Brežice
Dobeno;Mengeš
Dobindol;Dolenjske Toplice
Dobja Vas;Ravne Na Koroškem
Dobje;Gorenja Vas-Poljane
Dobje;Grosuplje
Dobje;Litija
Dobje Pri Lesičnem;Šentjur
Dobje Pri Planini;Dobje
Doblar;Kanal
Doblatina;Laško
Dobletina;Nazarje
Dobležiče;Kozje
Dobliče;Črnomelj
Doblička Gora;Črnomelj
Dobova;Brežice
Dobovec;Trbovlje
Dobovec Pri Ponikvi;Šentjur
Dobovec Pri Rogatcu;Rogatec
Dobovica;Litija
Dobovlje;Domžale
Dobovo;Novo Mesto
Dobrava;Izola
Dobrava;Križevci
Dobrava;Ormož
Dobrava;Radeče
Dobrava;Radlje Ob Dravi
Dobrava;Trebnje
Dobrava Ob Krki;Krško
Dobrava Pod Rako;Krško
Dobrava Pri Konjicah;Slovenske Konjice
Dobrava Pri Kostanjevici;Kostanjevica Na Krki
Dobrava Pri Stični;Ivančna Gorica
Dobrava Pri Škocjanu;Škocjan
Dobravica;Ig
Dobravica;Radovljica
Dobravica;Šentjernej
Dobravica Pri Vel. Gabru;Trebnje
Dobravlje;Ajdovščina
Dobravlje;Sežana
Dobravšce;Gorenja Vas-Poljane
Dobrič;Polzela
Dobrije;Ravne Na Koroškem
Dobrina;Šentjur
Dobrina;Žetale
Dobriša Vas;Žalec
Dobriška Vas;Oplotnica
Dobrljevo;Zagorje Ob Savi
Dobrna;Dobrna
Dobrnež;Slovenske Konjice
Dobrnič;Trebnje
Dobro Polje;Radovljica
Dobropolje;Ilirska Bistrica
Dobrova;Celje
Dobrova;Dobrova-Polhov Gradec
Dobrova;Krško
Dobrova Pri Dravogradu;Dravograd
Dobrova Pri Prihovi;Oplotnica
Dobrovce;Miklavž Na Dravskem Polju
Dobrovlje;Braslovče
Dobrovlje;Zreče
Dobrovlje Pri Mozirju;Mozirje
Dobrovnik;Dobrovnik
Dobrovo;Brda
Dobrovščak;Ormož
Dobruša;Vodice
Dobruška Vas;Škocjan
Dogoše;Maribor
Doklece;Majšperk
Dokležovje;Beltinci
Dol;Gornji Grad
Dol;Kočevje
Dol;Krško
Dol;Medvode
Dol Pod Gojko;Vojnik
Dol Pri Borovnici;Borovnica
Dol Pri Hrastniku;Hrastnik
Dol Pri Hrastovljah;Koper
Dol Pri Laškem;Laško
Dol Pri Ljubljani;Dol Pri Ljubljani
Dol Pri Pristavi;Šmarje Pri Jelšah
Dol Pri Stopercah;Majšperk
Dol Pri Šmarjeti;Šmarješke Toplice
Dol Pri Šmarju;Šmarje Pri Jelšah
Dol Pri Trebnjem;Trebnje
Dol Pri Vogljah;Sežana
Dolanci;Komen
Dolane;Cirkulane
Dole;Idrija
Dole;Metlika
Dole;Šentjur
Dole Pod Sv. Trojico;Moravče
Dole Pri Krašcah;Moravče
Dole Pri Litiji;Litija
Dole Pri Polici;Grosuplje
Dole Pri Škofljici;Škofljica
Dolena;Videm
Dolenci;Šalovci
Dolenčice;Gorenja Vas-Poljane
Dolenja Brezovica;Brezovica
Dolenja Brezovica;Šentjernej
Dolenja Dobrava;Gorenja Vas-Poljane
Dolenja Dobrava;Trebnje
Dolenja Lepa Vas;Krško
Dolenja Nemška Vas;Trebnje
Dolenja Pirošica;Brežice
Dolenja Podgora;Črnomelj
Dolenja Ravan;Gorenja Vas-Poljane
Dolenja Stara Vas;Šentjernej
Dolenja Trebuša;Tolmin
Dolenja Vas;Cerknica
Dolenja Vas;Divača
Dolenja Vas;Novo Mesto
Dolenja Vas;Prebold
Dolenja Vas;Ribnica
Dolenja Vas;Zagorje Ob Savi
Dolenja Vas;Železniki
Dolenja Vas Pri Artičah;Brežice
Dolenja Vas Pri Čatežu;Trebnje
Dolenja Vas Pri Črnomlju;Črnomelj
Dolenja Vas Pri Krškem;Krško
Dolenja Vas Pri Mirni Peči;Mirna Peč
Dolenja Vas Pri Polhovem Gradcu;Dobrova-Polhov Gradec
Dolenja Vas Pri Polici;Grosuplje
Dolenja Vas Pri Raki;Krško
Dolenja Vas Pri Temenici;Ivančna Gorica
Dolenja Žaga;Kostel
Dolenja Žetina;Gorenja Vas-Poljane
Dolenjci;Črnomelj
Dolenje;Ajdovščina
Dolenje;Domžale
Dolenje;Sežana
Dolenje Brdo;Gorenja Vas-Poljane
Dolenje Dole;Škocjan
Dolenje Gradišče;Dolenjske Toplice
Dolenje Gradišče Pri Šentj.;Šentjernej
Dolenje Grčevje;Novo Mesto
Dolenje Jesenice;Šentrupert
Dolenje Jezero;Cerknica
Dolenje Kališče;Velike Lašče
Dolenje Kamenje;Novo Mesto
Dolenje Kamenje Pri Dobrniču;Trebnje
Dolenje Karteljevo;Novo Mesto
Dolenje Kronovo;Šmarješke Toplice
Dolenje Laknice;Mokronog-Trebelno
Dolenje Lakovnice;Novo Mesto
Dolenje Medvedje Selo;Trebnje
Dolenje Mokro Polje;Šentjernej
Dolenje Nekovo;Kanal
Dolenje Otave;Cerknica
Dolenje Podpoljane;Ribnica
Dolenje Poljane;Loška Dolina
Dolenje Polje;Dolenjske Toplice
Dolenje Ponikve;Trebnje
Dolenje Pri Jelšanah;Ilirska Bistrica
Dolenje Radulje;Škocjan
Dolenje Selce;Trebnje
Dolenje Skopice;Brežice
Dolenje Sušice;Dolenjske Toplice
Dolenje Vrhpolje;Šentjernej
Dolenje Zabukovje;Mokronog-Trebelno
Dolenji Boštanj;Sevnica
Dolenji Globodol;Mirna Peč
Dolenji Lazi;Ribnica
Dolenji Leskovec;Krško
Dolenji Maharovec;Šentjernej
Dolenji Novaki;Cerkno
Dolenji Podboršt;Mirna Peč
Dolenji Podboršt Pri Treb.;Trebnje
Dolenji Podšumberk;Trebnje
Dolenji Potok;Kostel
Dolenji Radenci;Črnomelj
Dolenji Suhadol;Novo Mesto
Dolenji Suhor Pri Vinici;Črnomelj
Dolenji Vrh;Trebnje
Dolenjske Toplice;Dolenjske Toplice
Dolga Brda;Prevalje
Dolga Gora;Šentjur
Dolga Njiva Pri Šentlovren.;Trebnje
Dolga Poljana;Ajdovščina
Dolga Raka;Krško
Dolga Vas;Kočevje
Dolga Vas;Lendava
Dolge Njive;Gorenja Vas-Poljane
Dolge Njive;Lenart
Dolgi Laz;Tolmin
Dolgi Vrh;Slovenska Bistrica
Dolgo Brdo;Litija
Dolgo Brdo;Ljubljana
Dolgo Brdo Pri Mlinšah;Zagorje Ob Savi
Dolgovaške Gorice;Lendava
Dolič;Destrnik
Dolič;Kuzma
Dolina;Puconci
Dolina;Tržič
Dolina Pri Lendavi;Lendava
Dolje;Tolmin
Dolnja Bistrica;Črenšovci
Dolnja Bitnja;Ilirska Bistrica
Dolnja Briga;Kočevje
Dolnja Košana;Pivka
Dolnja Lokvica;Metlika
Dolnja Paka;Črnomelj
Dolnja Počehova;Pesnica
Dolnja Prekopa;Kostanjevica Na Krki
Dolnja Stara Vas;Škocjan
Dolnja Težka Voda;Novo Mesto
Dolnje Brezovo;Sevnica
Dolnje Cerovo;Brda
Dolnje Dobravice;Metlika
Dolnje Impolje;Sevnica
Dolnje Ležeče;Divača
Dolnje Ložine;Kočevje
Dolnje Mraševo;Straža
Dolnje Orle;Sevnica
Dolnje Prapreče;Trebnje
Dolnje Retje;Velike Lašče
Dolnje Vreme;Divača
Dolnji Ajdovec;Žužemberk
Dolnji Kot;Žužemberk
Dolnji Križ;Žužemberk
Dolnji Lakoš;Lendava
Dolnji Slaveči;Grad
Dolnji Suhor Pri Metliki;Metlika
Dolnji Vrh;Šmartno Pri Litiji
Dolnji Zemon;Ilirska Bistrica
Dolsko;Dol Pri Ljubljani
Dol-Suha;Rečica Ob Savinji
Dolšce;Kostanjevica Na Krki
Dolščaki;Velike Lašče
Dolž;Novo Mesto
Domajinci;Cankova
Domanjševci;Šalovci
Dombrava;Renče-Vogrsko
Domžale;Domžale
Donačka Gora;Rogatec
Dorfarje;Škofja Loka
Dornava;Dornava
Dornberk;Nova Gorica
Dornice;Vodice
Doropolje;Šentjur
Doslovče;Žirovnica
Dovje;Kranjska Gora
Dovško;Krško
Dovže;Mislinja
Draga;Ig
Draga;Loški Potok
Draga;Nova Gorica
Draga;Škofja Loka
Draga;Šmarješke Toplice
Draga;Štore
Draga Pri Sinjem Vrhu;Črnomelj
Draga Pri Šentrupertu;Šentrupert
Dragatuš;Črnomelj
Drage;Metlika
Dragočajna;Medvode
Dragomelj;Domžale
Dragomer;Log-Dragomer
Dragomilo;Šmarje Pri Jelšah
Dragomlja Vas;Metlika
Dragonja;Piran
Dragonja Vas;Kidričevo
Dragoši;Črnomelj
Dragotinci;Sveti Jurij Ob Ščavnici
Dragovanja Vas;Črnomelj
Dragovica;Nova Gorica
Dragovič;Juršinci
Dragovšek;Šmartno Pri Litiji
Dragučova;Pesnica
Drakovci;Ljutomer
Drakšl;Ormož
Drama;Šentjernej
Dramlja;Brežice
Dramlje;Šentjur
Drankovec;Pesnica
Drašča Vas;Žužemberk
Drašiči;Metlika
Dravci;Videm
Dravče;Vuzenica
Dravinjski Vrh;Videm
Dravograd;Dravograd
Dravski Dvor;Miklavž Na Dravskem Polju
Draža Vas;Slovenske Konjice
Dražen Vrh – Del;Sveta Ana
Draženci;Hajdina
Draževnik;Dobrova-Polhov Gradec
Dražgoše;Železniki
Dražica;Borovnica
Drbetinci;Sveti Andraž V Slov. Goricah
Drča;Šentjernej
Drečji Vrh;Mokronog-Trebelno
Dren;Kostel
Drenik;Škofljica
Drenje;Dolenjske Toplice
Drenov Grič;Vrhnika
Drenovec;Črnomelj
Drenovec;Zavrč
Drenovec Pri Bukovju;Brežice
Drenovec Pri Leskovcu;Krško
Drensko Rebro;Kozje
Drešinja Vas;Žalec
Drevenik;Rogaška Slatina
Drežnica;Kobarid
Drežnik;Črnomelj
Drežnik;Kostel
Drežniške Ravne;Kobarid
Drganja Sela;Straža
Drnovk;Brda
Drnovo;Krško
Drobinsko;Šentjur
Drobočnik;Tolmin
Drobtinci;Apače
Drožanje;Sevnica
Drskovče;Pivka
Drstelja;Destrnik
Drtija;Moravče
Drumlažno;Slovenska Bistrica
Drušče;Sevnica
Družina;Zagorje Ob Savi
Družinska Vas;Šmarješke Toplice
Družmirje;Šoštanj
Drvanja;Benedikt
Dule;Ribnica
Dule;Škocjan
Dunaj;Krško
Dupeljne;Lukovica
Duplje;Vipava
Dutovlje;Sežana
Dvor;Ljubljana
Dvor;Šmarje Pri Jelšah
Dvor;Šmartno Pri Litiji
Dvor;Žužemberk
Dvor Pri Polhovem Gradcu;Dobrova-Polhov Gradec
Dvorce;Brežice
Dvori;Koper
Dvorjane;Duplek
Dvorje;Cerklje Na Gorenjskem
Dvorje;Moravče
Dvorska Vas;Radovljica
Dvorska Vas;Velike Lašče
Erzelj
Vipava
Fabci;Ilirska Bistrica
Fala;Ruše
Fala;Selnica Ob Dravi
Famlje;Divača
Fara;Bloke
Fara;Kostel
Farovec;Slovenska Bistrica
Fijeroga;Koper
Fikšinci;Rogašovci
Filipčje Brdo;Sežana
Filovci;Moravske Toplice
Finkovo;Ribnica
Flekušek;Pesnica
Florjan;Šoštanj
Florjan Pri Gornjem Gradu;Gornji Grad
Fojana;Brda
Fokovci;Moravske Toplice
Forme;Škofja Loka
Formin;Gorišnica
Fošt;Slovenska Bistrica
Frajhajm;Slovenska Bistrica
Fram;Rače-Fram
Frankolovo;Vojnik
Frankovci;Ormož
Frluga;Krško
Froleh;Sveta Ana
Fučkovci;Črnomelj
Fužina;Ivančna Gorica
Fužine;Gorenja Vas-Poljane
Gaber Pri Črmošnjicah;Semič
Gaberje;Ajdovščina
Gaberje;Lendava
Gaberke;Šoštanj
Gabernik;Slovenska Bistrica
Gabrc;Sveti Jurij Ob Ščavnici
Gabrce;Rogaška Slatina
Gabrče;Divača
Gabrijele;Sevnica
Gabrje;Dobrova-Polhov Gradec
Gabrje;Novo Mesto
Gabrje;Sevnica
Gabrje;Tolmin
Gabrje Pod Limbarsko Goro;Moravče
Gabrje Pod Špilkom;Lukovica
Gabrje Pri Dobovi;Brežice
Gabrje Pri Ilovi Gori;Grosuplje
Gabrje Pri Jančah;Ljubljana
Gabrje Pri Soteski;Dolenjske Toplice
Gabrje Pri Stični;Ivančna Gorica
Gabrk;Ilirska Bistrica
Gabrk;Škofja Loka
Gabrnik;Juršinci
Gabrnik;Škocjan
Gabrno;Laško
Gabrovčec;Ivančna Gorica
Gabrovec Pri Dramljah;Vojnik
Gabrovec Pri Kostrivnici;Rogaška Slatina
Gabrovica Pri Črnem Kalu;Koper
Gabrovica Pri Komnu;Komen
Gabrovka;Litija
Gabrovka Pri Zagradcu;Ivančna Gorica
Gabrovlje;Slovenske Konjice
Gabrovnica;Kamnik
Gabrovnik;Slovenske Konjice
Gabrovo;Škofja Loka
Gabrska Gora;Litija
Gabrsko;Trbovlje
Gabrška Gora;Škofja Loka
Gačnik;Pesnica
Gaj;Brežice
Gaj;Slovenska Bistrica
Gaj;Šmarje Pri Jelšah
Gaj Nad Mariborom;Maribor
Gajevci;Gorišnica
Gajniče;Grosuplje
Gajševci;Križevci
Galantiči;Koper
Galicija;Žalec
Galušak;Sveti Jurij Ob Ščavnici
Gančani;Beltinci
Gašpinovo;Ribnica
Gatina;Grosuplje
Gavce;Šmartno Ob Paki
Gazice;Brežice
Gažon;Koper
Gederovci;Tišina
Genterovci;Lendava
Gerečja Vas;Hajdina
Gerlinci;Cankova
Geršiči;Metlika
Gibina;Razkrižje
Gibina;Sveti Andraž V Slov. Goricah
Gladloka;Kostel
Gladomes;Slovenska Bistrica
Glažuta;Loški Potok
Glem;Koper
Glina;Bloke
Glinek;Mirna
Glinek;Škofljica
Glinje;Braslovče
Glinje;Cerklje Na Gorenjskem
Glinsko;Celje
Globel;Sodražica
Globočdol;Mirna Peč
Globoče;Vojnik
Globočice;Brežice
Globočice Pri Kostanjevici;Kostanjevica Na Krki
Globoka;Ljutomer
Globoko;Brežice
Globoko;Laško
Globoko;Radovljica
Globoko Ob Dravinji;Poljčane
Globoko Pri Šmarju;Šmarje Pri Jelšah
Glogov Brod;Brežice
Glogovica;Ivančna Gorica
Gmajna;Krško
Gmajna;Slovenj Gradec
Gmajnica;Komenda
Gobnik;Litija
Gobovce;Naklo
Goče;Vipava
Gočova;Sveta Trojica V Slov. Goricah
Godemarci;Ljutomer
Godeninci;Središče Ob Dravi
Godešič;Škofja Loka
Godič;Kamnik
Godičevo;Bloke
Godnje;Sežana
Godovič;Idrija
Gojače;Ajdovščina
Golac;Hrpelje-Kozina
Golavabuka;Slovenj Gradec
Golčaj;Lukovica
Golče;Zagorje Ob Savi
Golek;Črnomelj
Golek;Krško
Golek Pri Vinici;Črnomelj
Goli Vrh;Gorenja Vas-Poljane
Goli Vrh;Krško
Golica;Železniki
Golice;Kamnik
Golišče;Litija
Goljek;Trebnje
Goljevica;Kanal
Golnik;Kranj
Golo;Ig
Golo Brdo;Brda
Golo Brdo;Medvode
Golobinjek;Mirna Peč
Golobinjek Ob Sotli;Podčetrtek
Golobinjek Pri Planini;Šentjur
Golušnik;Novo Mesto
Gombišče;Trebnje
Gomila;Destrnik
Gomila;Mirna
Gomila Pri Kogu;Ormož
Gomilci;Destrnik
Gomilica;Turnišče
Gomilsko;Braslovče
Gonjače;Brda
Gora;Cerknica
Gora;Krško
Gora Pri Komendi;Komenda
Gora Pri Pečah;Moravče
Gorca;Podlehnik
Gorče;Dravograd
Gore;Hrastnik
Gore;Idrija
Goreljce;Radeče
Goreljek;Bohinj
Gorenja Brezovica;Brezovica
Gorenja Brezovica;Šentjernej
Gorenja Dobrava;Gorenja Vas-Poljane
Gorenja Dobrava;Trebnje
Gorenja Gomila;Šentjernej
Gorenja Kanomlja;Idrija
Gorenja Lepa Vas;Krško
Gorenja Nemška Vas;Trebnje
Gorenja Pirošica;Brežice
Gorenja Podgora;Črnomelj
Gorenja Ravan;Gorenja Vas-Poljane
Gorenja Stara Vas;Šentjernej
Gorenja Trebuša;Tolmin
Gorenja Vas;Gorenja Vas-Poljane
Gorenja Vas;Ivančna Gorica
Gorenja Vas;Kanal
Gorenja Vas;Trebnje
Gorenja Vas;Zagorje Ob Savi
Gorenja Vas – Reteče;Škofja Loka
Gorenja Vas Pri Čatežu;Trebnje
Gorenja Vas Pri Leskovcu;Krško
Gorenja Vas Pri Mirni;Mirna
Gorenja Vas Pri Mokronogu;Mokronog-Trebelno
Gorenja Vas Pri Polici;Grosuplje
Gorenja Vas Pri Šmarjeti;Šmarješke Toplice
Gorenja Žaga;Kostel
Gorenja Žetina;Gorenja Vas-Poljane
Gorenjci Pri Adlešičih;Črnomelj
Gorenje;Kočevje
Gorenje;Lukovica
Gorenje;Postojna
Gorenje;Šmartno Ob Paki
Gorenje Blato;Škofljica
Gorenje Brdo;Gorenja Vas-Poljane
Gorenje Brezovo;Ivančna Gorica
Gorenje Dole;Krško
Gorenje Dole;Škocjan
Gorenje Gradišče;Dolenjske Toplice
Gorenje Gradišče Pri Šentj.;Šentjernej
Gorenje Grčevje;Novo Mesto
Gorenje Jelenje;Litija
Gorenje Jesenice;Šentrupert
Gorenje Jezero;Cerknica
Gorenje Kališče;Velike Lašče
Gorenje Kamence;Novo Mesto
Gorenje Kamenje;Novo Mesto
Gorenje Kamenje Pri Dobrniču;Trebnje
Gorenje Karteljevo;Novo Mesto
Gorenje Kronovo;Novo Mesto
Gorenje Laknice;Mokronog-Trebelno
Gorenje Lakovnice;Novo Mesto
Gorenje Medvedje Selo;Trebnje
Gorenje Mokro Polje;Šentjernej
Gorenje Mraševo;Novo Mesto
Gorenje Nekovo;Kanal
Gorenje Otave;Cerknica
Gorenje Podpoljane;Ribnica
Gorenje Polje;Dolenjske Toplice
Gorenje Polje;Kanal
Gorenje Ponikve;Trebnje
Gorenje Pri Divači;Sežana
Gorenje Pri Zrečah;Zreče
Gorenje Radulje;Škocjan
Gorenje Selce;Trebnje
Gorenje Skopice;Brežice
Gorenje Sušice;Dolenjske Toplice
Gorenje Vrhpolje;Šentjernej
Gorenje Zabukovje;Mokronog-Trebelno
Gorenji Globodol;Mirna Peč
Gorenji Lazi;Ribnica
Gorenji Leskovec;Krško
Gorenji Log;Tolmin
Gorenji Maharovec;Šentjernej
Gorenji Mokronog;Mokronog-Trebelno
Gorenji Novaki;Cerkno
Gorenji Podboršt;Mirna Peč
Gorenji Podboršt Pri V. Loki;Trebnje
Gorenji Podšumberk;Trebnje
Gorenji Potok;Kostel
Gorenji Radenci;Črnomelj
Gorenji Suhadol;Novo Mesto
Gorenji Vrh Pri Dobrniču;Trebnje
Gorenji Vrsnik;Idrija
Gorenjski Vrh;Zavrč
Gorica;Črnomelj
Gorica;Krško
Gorica;Moravče
Gorica;Puconci
Gorica;Radovljica
Gorica Na Medvedjeku;Trebnje
Gorica Pri Dobjem;Dobje
Gorica Pri Oplotnici;Oplotnica
Gorica Pri Raztezu;Krško
Gorica Pri Slivnici;Šentjur
Gorica Pri Šmartnem;Celje
Goriča Vas;Ribnica
Goričak;Zavrč
Goričane;Medvode
Goriče;Kranj
Goriče;Postojna
Goriče Pri Famljah;Divača
Goričica;Šentjur
Goričica Pod Krimom;Brezovica
Goričica Pri Ihanu;Domžale
Goričica Pri Moravčah;Moravče
Goričice;Cerknica
Goriška Gora;Škocjan
Goriška Vas;Mirna Peč
Goriška Vas Pri Škocjanu;Škocjan
Goriški Vrh;Dravograd
Gorišnica;Gorišnica
Gorjane;Kozje
Gorjansko;Komen
Gorje;Cerkno
Gorjuša;Domžale
Gorjuše;Bohinj
Gornja Bistrica;Črenšovci
Gornja Bitnja;Ilirska Bistrica
Gornja Briga;Kočevje
Gornja Košana;Pivka
Gornja Lokvica;Metlika
Gornja Paka;Črnomelj
Gornja Prekopa;Kostanjevica Na Krki
Gornja Radgona;Gornja Radgona
Gornja Stara Vas;Škocjan
Gornja Težka Voda;Novo Mesto
Gornja Vas;Šmarje Pri Jelšah
Gornja Vas;Zreče
Gornje Brezovo;Sevnica
Gornje Cerovo;Brda
Gornje Dobravice;Metlika
Gornje Impolje;Sevnica
Gornje Laze;Semič
Gornje Ležeče;Divača
Gornje Ložine;Kočevje
Gornje Orle;Sevnica
Gornje Pijavško;Krško
Gornje Prapreče;Trebnje
Gornje Ravne;Litija
Gornje Retje;Velike Lašče
Gornje Vreme;Divača
Gornji Ajdovec;Žužemberk
Gornji Črnci;Cankova
Gornji Dolič;Mislinja
Gornji Grad;Gornji Grad
Gornji Ig;Ig
Gornji Ivanjci;Gornja Radgona
Gornji Ključarovci;Sveti Tomaž
Gornji Kot;Žužemberk
Gornji Križ;Žužemberk
Gornji Lakoš;Lendava
Gornji Lenart;Brežice
Gornji Petrovci;Gornji Petrovci
Gornji Rogatec;Grosuplje
Gornji Slaveči;Kuzma
Gornji Suhor Pri Metliki;Metlika
Gornji Suhor Pri Vinici;Črnomelj
Gornji Vrh;Šmartno Pri Litiji
Gornji Zemon;Ilirska Bistrica
Goropeke;Žiri
Gorski Vrh;Tolmin
Gortina;Muta
Gosteče;Škofja Loka
Gostinca;Podčetrtek
Gotenc;Kostel
Gotenica;Kočevje
Gotovlje;Žalec
Govce;Laško
Goveji Dol;Sevnica
Govejk;Idrija
Gozd;Ajdovščina
Gozd;Kamnik
Gozd;Tržič
Gozd Martuljek;Kranjska Gora
Gozdec;Laško
Gozd-Reka;Šmartno Pri Litiji
Grabče;Gorje
Grabe;Apače
Grabe;Središče Ob Dravi
Grabe Pri Ljutomeru;Križevci
Graben;Ribnica
Grabonoš;Sveti Jurij Ob Ščavnici
Grabonoški Vrh;Cerkvenjak
Grabrovec;Metlika
Grabšinci;Sveti Jurij Ob Ščavnici
Gračič;Zreče
Gračišče;Koper
Gračnica;Laško
Grad;Cerklje Na Gorenjskem
Grad;Grad
Gradac;Metlika
Gradec;Krško
Gradec;Pivka
Gradenc;Žužemberk
Gradenje;Šmarješke Toplice
Gradenšak;Lenart
Gradež;Velike Lašče
Gradiček;Ivančna Gorica
Gradin;Koper
Gradišča;Cirkulane
Gradiščak;Juršinci
Gradišče;Grosuplje
Gradišče;Kozje
Gradišče;Slovenj Gradec
Gradišče;Sveti Tomaž
Gradišče;Škofljica
Gradišče;Tišina
Gradišče;Velike Lašče
Gradišče;Videm
Gradišče Na Kozjaku;Selnica Ob Dravi
Gradišče Nad Prvačino;Nova Gorica
Gradišče Pri Divači;Divača
Gradišče Pri Litiji;Šmartno Pri Litiji
Gradišče Pri Lukovici;Lukovica
Gradišče Pri Materiji;Hrpelje-Kozina
Gradišče Pri Raki;Krško
Gradišče Pri Štjaku;Sežana
Gradišče Pri Trebnjem;Trebnje
Gradišče Pri Vipavi;Vipava
Gradišče Pri Vojniku;Vojnik
Gradišče V Tuhinju;Kamnik
Gradišče-K. O. Grad. In Polj.;Šmartno Pri Litiji
Gradišče-K. O. Št. Lovrenc;Litija
Gradišica;Hrpelje-Kozina
Gradiška;Kungota
Gradiške Laze;Šmartno Pri Litiji
Gradiški Dol;Rogaška Slatina
Gradiško;Bloke
Gradnik;Semič
Gradnje;Krško
Gradnje;Sežana
Gradno;Brda
Grahovo;Cerknica
Grahovo Brdo;Sežana
Grahovo Ob Bači;Tolmin
Grahovše;Tržič
Grajena;Ptuj
Grajenščak;Ptuj
Grajska Vas;Braslovče
Grant;Tolmin
Graška Gora;Slovenj Gradec
Grč Vrh;Mirna Peč
Grčarevec;Logatec
Grčarice;Ribnica
Grčarske Ravne;Ribnica
Grče;Žalec
Grdina;Majšperk
Grebenje;Ribnica
Gregovce;Brežice
Grenc;Škofja Loka
Gresovščak;Ljutomer
Grgar;Nova Gorica
Grgarske Ravne;Nova Gorica
Grgelj;Kostel
Griblje;Črnomelj
Grič;Kostanjevica Na Krki
Grič;Ribnica
Grič Pri Dobličah;Črnomelj
Grič Pri Klevevžu;Šmarješke Toplice
Grič Pri Trebnjem;Trebnje
Griček Pri Željnah;Kočevje
Grinjan;Koper
Grintovec;Ivančna Gorica
Grintovec;Koper
Grintovec Pri Osilnici;Osilnica
Grivac;Kostel
Grivče;Ajdovščina
Griže;Ivančna Gorica
Griže;Sežana
Griže;Žalec
Grlava;Ljutomer
Grliče;Šmarje Pri Jelšah
Grlinci;Juršinci
Grm;Ivančna Gorica
Grm;Trebnje
Grm;Velike Lašče
Grm Pri Podzemlju;Metlika
Grmada;Trebnje
Grmovlje;Škocjan
Grobelce;Šmarje Pri Jelšah
Grobelno – Del;Šentjur
Grobelno – Del;Šmarje Pri Jelšah
Grobišče;Postojna
Groblje Pri Prekopi;Šentjernej
Grosuplje;Grosuplje
Gruča;Šentjernej
Grudnica;Tolmin
Grušce;Šentjur
Grušena;Kungota
Gruškovec;Cirkulane
Grušova;Maribor
Grušovlje;Rečica Ob Savinji
Gržeča Vas;Krško
Gubno;Kozje
Gumberk;Novo Mesto
Gumnišče;Škofljica
Gunte;Krško
Hajdoše;Hajdina
Hajndl;Ormož
Hajnsko;Šmarje Pri Jelšah
Hardek;Ormož
Harije;Ilirska Bistrica
Harje;Laško
Hercegovščak;Gornja Radgona
Herinja Vas;Novo Mesto
Hermanci;Ormož
Hinjce;Sevnica
Hinje;Sevnica
Hinje;Žužemberk
Hiteno;Bloke
Hlaponci;Juršinci
Hlavče Njive;Gorenja Vas-Poljane
Hlebce;Radovljica
Hlebče;Velike Lašče
Hleviše;Logatec
Hlevni Vrh;Logatec
Hlevnik;Brda
Hmeljčič;Mirna Peč
Hobovše Pri Stari Oselici;Gorenja Vas-Poljane
Hočevje;Dobrepolje
Hočko Pohorje;Hoče-Slivnica
Hodoš;Hodoš
Hohovica;Litija
Hojče;Ribnica
Hom;Šentrupert
Homec;Domžale
Homec;Kobarid
Homec;Rečica Ob Savinji
Homec;Vojnik
Horjul;Horjul
Hosta;Škofja Loka
Hošnica;Slovenska Bistrica
Hotavlje;Gorenja Vas-Poljane
Hotedršica;Logatec
Hotemaže;Šenčur
Hotemež;Radeče
Hotična;Hrpelje-Kozina
Hotinja Vas;Hoče-Slivnica
Hotiza;Lendava
Hotovlja;Gorenja Vas-Poljane
Hotunje;Šentjur
Hramše;Žalec
Hranjigovci;Sveti Tomaž
Hrast Pri Jugorju;Metlika
Hrast Pri Vinici;Črnomelj
Hrastek;Krško
Hrastenice;Dobrova-Polhov Gradec
Hrastje;Kranj
Hrastje;Maribor
Hrastje;Šentjernej
Hrastje;Šentjur
Hrastje Ob Bistrici;Bistrica Ob Sotli
Hrastje Pri Cerkljah;Brežice
Hrastje Pri Grosupljem;Grosuplje
Hrastje Pri Mirni Peči;Mirna Peč
Hrastje-Mota;Radenci
Hrastnik;Hrastnik
Hrastnik;Moravče
Hrastnik;Vojnik
Hrastnik Pri Trojanah;Zagorje Ob Savi
Hrastno;Šentrupert
Hrastov Dol;Ivančna Gorica
Hrastovec;Velenje
Hrastovec;Zavrč
Hrastovec Pod Bočem;Poljčane
Hrastovec V Slov. Goricah;Lenart
Hrastovica;Mokronog-Trebelno
Hrastovlje;Koper
Hrastulje;Škocjan
Hrašče;Postojna
Hrašče;Vipava
Hraše;Medvode
Hraše;Radovljica
Hraše Pri Preddvoru;Preddvor
Hrašenski Vrh;Radenci
Hreljin;Kočevje
Hrenca;Maribor
Hrenova;Vojnik
Hrenovice;Postojna
Hrib;Črnomelj
Hrib;Preddvor
Hrib;Šmarješke Toplice
Hrib Nad Ribčami;Moravče
Hrib Pri Cerovcu;Semič
Hrib Pri Fari;Kostel
Hrib Pri Hinjah;Žužemberk
Hrib Pri Kamniku;Kamnik
Hrib Pri Koprivniku;Kočevje
Hrib Pri Orehku;Novo Mesto
Hrib Pri Rožnem Dolu;Semič
Hribarjevo;Bloke
Hribi;Lukovica
Hribi;Sežana
Hribljane;Cerknica
Hrib-Loški Potok;Loški Potok
Hrovača;Ribnica
Hrpelje;Hrpelje-Kozina
Hrustovo;Velike Lašče
Hruševec;Šentjur
Hruševica;Komen
Hruševje;Postojna
Hruševka;Kamnik
Hruševlje;Brda
Hruševo;Dobrova-Polhov Gradec
Hrušica;Ilirska Bistrica
Hrušica;Jesenice
Hrušica;Novo Mesto
Hruškarje;Cerknica
Hrušovje;Šentjur
Hrvaški Brod;Šentjernej
Hrvatini;Koper
Huda Jama;Laško
Huda Polica;Grosuplje
Hudajužna;Tolmin
Hude Ravne;Litija
Hudeje;Trebnje
Hudenje;Škocjan
Hudi Graben;Tržič
Hudi Konec;Ribnica
Hudi Kot;Ribnica Na Pohorju
Hudi Log;Miren-Kostanjevica
Hudi Vrh;Bloke
Hudinja;Vitanje
Hudo;Domžale
Hudo;Novo Mesto
Hudo;Tržič
Hudo Brezje;Sevnica
Hujbar;Ormož
Huje;Ilirska Bistrica
Hum;Brda
Hum Pri Ormožu;Ormož
Hušica;Tržič
Hvaletinci;Sveti Andraž V Slov. Goricah
Idrija;Idrija
Idrija Pri Bači;Tolmin
Idrijska Bela;Idrija
Idrijske Krnice;Idrija
Idrijski Log;Idrija
Idrsko;Kobarid
Idršek;Idrija
Ig;Ig
Iga Vas;Loška Dolina
Iglenik;Novo Mesto
Iglenik Pri Veliki Loki;Trebnje
Ihan;Domžale
Ihova;Benedikt
Ilirska Bistrica;Ilirska Bistrica
Iljaševci;Križevci
Ilovca;Vojnik
Ilovci;Ljutomer
Ilovka;Kranj
Imenje;Brda
Imenje;Moravče
Imenje;Šentjernej
Imeno;Podčetrtek
Imenska Gorca;Podčetrtek
Imovica;Lukovica
Irje;Rogaška Slatina
Iška;Ig
Iška Loka;Ig
Iška Vas;Ig
Ivanci;Moravske Toplice
Ivančna Gorica;Ivančna Gorica
Ivandol;Krško
Ivanje Selo;Cerknica
Ivanji Grad;Komen
Ivanjkovci;Ormož
Ivanjski Vrh;Cerkvenjak
Ivanjski Vrh;Gornja Radgona
Ivanjše;Kostanjevica Na Krki
Ivanjševci;Moravske Toplice
Ivanjševci Ob Ščavnici;Gornja Radgona
Ivanjševski Vrh;Gornja Radgona
Ivanovci;Moravske Toplice
Ivenca;Vojnik
Izgorje;Žiri
Izlake;Zagorje Ob Savi
Izola;Izola
Izvir;Brežice
Ižakovci;Beltinci
Jablan;Mirna Peč
Jablana;Zagorje Ob Savi
Jablance;Duplek
Jablance;Kostanjevica Na Krki
Jablanica;Ilirska Bistrica
Jablanica;Sevnica
Jablaniške Laze;Šmartno Pri Litiji
Jablaniški Potok;Šmartno Pri Litiji
Jablovec;Podlehnik
Jagnjenica;Radeče
Jagoče;Laško
Jagodje;Izola
Jagodnik;Mokronog-Trebelno
Jagršče;Cerkno
Jakičevo;Velike Lašče
Jakob Pri Šentjurju;Šentjur
Jakovce;Sežana
Jakovica;Logatec
Jakšiči;Kostel
Jama;Kranj
Jama;Novo Mesto
Jama Pri Dvoru;Žužemberk
Jamna;Sveti Jurij Ob Ščavnici
Jamnica;Prevalje
Jamnik;Kranj
Jamnik;Vrhnika
Janče;Ljubljana
Janeževo Brdo;Ilirska Bistrica
Janeži;Sodražica
Janežovci;Destrnik
Janežovski Vrh;Destrnik
Janhova;Apače
Jankova;Vojnik
Jankoviči;Črnomelj
Janški Vrh;Majšperk
Janškovo Selo;Velenje
Janžev Vrh;Radenci
Janževa Gora;Selnica Ob Dravi
Janževski Vrh;Podvelka
Jarčja Dolina;Žiri
Jarčje Brdo;Gorenja Vas-Poljane
Jarčji Vrh;Škocjan
Jareninski Dol;Pesnica
Jareninski Vrh;Pesnica
Jarmovec;Šentjur
Jarše;Zagorje Ob Savi
Jasen;Domžale
Jasen;Ilirska Bistrica
Jastrebci;Ormož
Jastrebnik;Šmartno Pri Litiji
Javnik;Podvelka
Javor;Ljubljana
Javorje;Črna Na Koroškem
Javorje;Gorenja Vas-Poljane
Javorje;Hrpelje-Kozina
Javorje;Šentjur
Javorje;Šmartno Pri Litiji
Javorje;Velike Lašče
Javorje Pri Blagovici;Lukovica
Javorje Pri Gabrovki;Litija
Javorjev Dol;Gorenja Vas-Poljane
Javornik;Idrija
Javornik;Kranj
Javornik;Štore
Javorniški Rovt;Jesenice
Javorovica;Šentjernej
Jazbin Vrh;Šentjur
Jazbina;Črna Na Koroškem
Jazbina;Šmarje Pri Jelšah
Jazbine;Gorenja Vas-Poljane
Jazbine;Šentjur
Jazne;Cerkno
Jedlovnik;Kungota
Jelarji;Koper
Jelce;Šentjur
Jelenče;Pesnica
Jelendol;Ribnica
Jelendol;Škocjan
Jelendol;Tržič
Jelenik;Krško
Jelenja Vas;Kočevje
Jelenk;Zagorje Ob Savi
Jelenov Žleb;Ribnica
Jelenska Reber;Litija
Jelični Vrh;Idrija
Jelovec;Maribor
Jelovec;Sevnica
Jelovec;Sodražica
Jelovec Pri Makolah;Makole
Jelovica;Gorenja Vas-Poljane
Jelovice;Majšperk
Jelovo;Radeče
Jelša;Lukovica
Jelša;Šmartno Pri Litiji
Jelšane;Ilirska Bistrica
Jelše;Krško
Jelše;Mirna Peč
Jelše Pri Otočcu;Novo Mesto
Jelševec;Krško
Jelševec;Mokronog-Trebelno
Jelševica;Zagorje Ob Savi
Jelševnik;Črnomelj
Jeperjek;Sevnica
Jeranovo;Kamnik
Jerčin;Podčetrtek
Jereka;Bohinj
Jereslavec;Brežice
Jerinov Grič;Vrhnika
Jerman Vrh;Škocjan
Jerneja Vas;Črnomelj
Jeronim;Vransko
Jerovska Vas;Šmarje Pri Jelšah
Jeršanovo;Bloke
Jeršiče;Cerknica
Jeruzalem;Ljutomer
Jesen;Kanal
Jesenica;Cerkno
Jesenice;Brežice
Jesenice;Jesenice
Jesenje;Litija
Jesenov Vrt;Kostel
Jesenovo;Zagorje Ob Savi
Ješenca;Rače-Fram
Ješovec;Slovenska Bistrica
Ješovec Pri Kozjem;Kozje
Ješovec Pri Šmarju;Šmarje Pri Jelšah
Jevnica;Litija
Jevšček;Kobarid
Jezerca;Kobarid
Jezerce Pri Dobjem;Dobje
Jezerce Pri Šmartnem;Celje
Jezero;Brezovica
Jezero;Trebnje
Ježce;Šmartno Pri Litiji
Ježevec;Litija
Ježni Vrh;Šmartno Pri Litiji
Jiršovci;Destrnik
Jordankal;Mirna Peč
Josipdol;Ribnica Na Pohorju
Jugorje;Novo Mesto
Jugorje Pri Metliki;Metlika
Junčje;Ribnica
Jurišna Vas;Slovenska Bistrica
Jurjevica;Ribnica
Jurjevski Dol;Šentilj
Jurka Vas;Straža
Jurklošter;Laško
Jurna Vas;Novo Mesto
Jurovci;Videm
Jurovski Dol;Sveti Jurij V Slov. Goricah
Jurski Vrh;Kungota
Juršče;Pivka
Juršinci;Juršinci
Juvanje;Ljubno
Kačiče-Pared;Divača
Kačji Dol;Rogaška Slatina
Kačji Potok;Kočevje
Kadrenci;Cerkvenjak
Kajžar;Ormož
Kal;Hrastnik
Kal;Ivančna Gorica
Kal;Pivka
Kal;Semič
Kal;Tolmin
Kal;Zagorje Ob Savi
Kal Nad Kanalom;Kanal
Kal Pri Dolah;Litija
Kal Pri Krmelju;Sevnica
Kalce;Krško
Kalce;Logatec
Kalce-Naklo;Krško
Kale;Žalec
Kališe;Kamnik
Kališe;Železniki
Kališovec;Krško
Kal-Koritnica;Bovec
Kalobje;Šentjur
Kalše;Slovenska Bistrica
Kambreško;Kanal
Kamenca Nad Ložicami;Kanal
Kamence;Brežice
Kamence;Rogaška Slatina
Kamenče;Braslovče
Kamenica;Metlika
Kamenica;Sevnica
Kamenik;Šmarje Pri Jelšah
Kameno;Šentjur
Kamenško;Sevnica
Kamna Gora;Slovenske Konjice
Kamna Gorca;Rogaška Slatina
Kamna Gorica;Radovljica
Kamni Potok;Trebnje
Kamni Vrh;Litija
Kamni Vrh Pri Ambrusu;Ivančna Gorica
Kamni Vrh Pri Primskovem;Šmartno Pri Litiji
Kamnica;Dol Pri Ljubljani
Kamnica;Maribor
Kamnik;Kamnik
Kamnik Pod Krimom;Brezovica
Kamniška Bistrica;Kamnik
Kamnje;Ajdovščina
Kamnje;Bohinj
Kamnje;Šentrupert
Kamno;Tolmin
Kamno Brdo;Ivančna Gorica
Kamovci;Lendava
Kampel;Koper
Kanal;Kanal
Kanalski Lom;Tolmin
Kanalski Vrh;Kanal
Kančevci;Moravske Toplice
Kandrše – Del;Litija
Kandrše – Del;Zagorje Ob Savi
Kaniža;Šentilj
Kanižarica;Črnomelj
Kanji Dol;Idrija
Kanjuce;Štore
Kapca;Lendava
Kapele;Brežice
Kapelski Vrh;Radenci
Kapla;Tabor
Kaplanovo;Velike Lašče
Kaplja Vas;Prebold
Kaplja Vas;Sevnica
Kapljišče;Metlika
Kaptol;Kostel
Karlče;Kostanjevica Na Krki
Karli;Koper
Karlovica;Velike Lašče
Kasaze;Žalec
Kastelec;Koper
Katarija;Moravče
Kavče;Velenje
Kazlje;Sežana
Kebelj;Slovenska Bistrica
Kerinov Grm;Krško
Kicar;Ptuj
Kidričevo;Kidričevo
Kilovče;Ilirska Bistrica
Kisovec;Zagorje Ob Savi
Kitni Vrh;Ivančna Gorica
Klada;Škofljica
Kladje;Gorenja Vas-Poljane
Kladje;Laško
Kladje Nad Blanco;Sevnica
Kladje Pri Krmelju;Sevnica
Kladnart;Vojnik
Klake;Kozje
Klanc;Dobrna
Klance;Loška Dolina
Klanec;Komenda
Klanec Pri Gabrovki;Litija
Klanec Pri Komnu;Komen
Klanec Pri Kozini;Hrpelje-Kozina
Klavže;Tolmin
Kleč;Kočevje
Kleče Pri Dolu;Dol Pri Ljubljani
Klečet;Žužemberk
Klek;Trbovlje
Klemenčevo;Kamnik
Klenik;Litija
Klenik;Pivka
Klenovik;Škocjan
Klenovo;Laško
Klinja Vas;Kočevje
Ključarovci Pri Ljutomeru;Križevci
Ključevica;Trbovlje
Klokočovnik;Slovenske Konjice
Klopce;Dol Pri Ljubljani
Klopce;Slovenska Bistrica
Klopce;Žužemberk
Klošter;Metlika
Knape;Škofja Loka
Knej;Velike Lašče
Kneške Ravne;Tolmin
Knezdol;Trbovlje
Kneža;Tolmin
Knežak;Ilirska Bistrica
Knežina;Črnomelj
Knežja Lipa;Kočevje
Knežja Njiva;Loška Dolina
Knežja Vas;Trebnje
Kobarid;Kobarid
Kobdilj;Komen
Kobile;Krško
Kobilje;Kobilje
Kobilščak;Radenci
Kobjeglava;Komen
Koblarji;Kočevje
Koble;Slovenske Konjice
Koblek;Vojnik
Koboli;Komen
Kocjan;Radenci
Kočarija;Kostanjevica Na Krki
Kočarji;Kočevje
Koče;Kočevje
Koče;Postojna
Kočevje;Kočevje
Kočevska Reka;Kočevje
Kočevske Poljane;Dolenjske Toplice
Kočice;Žetale
Kočki Vrh;Sveti Jurij Ob Ščavnici
Kočna;Jesenice
Kočno;Krško
Kočno Ob Ložnici;Slovenska Bistrica
Kočno Pri Polskavi;Slovenska Bistrica
Kodreti;Komen
Kog;Ormož
Koglo;Šmarješke Toplice
Kojsko;Brda
Kokarje;Nazarje
Kokolajnščak;Sveti Jurij Ob Ščavnici
Kokoriči;Križevci
Kokošnje;Domžale
Kokra;Preddvor
Kokrica;Kranj
Kolačno;Slovenske Konjice
Kolenča Vas;Dobrepolje
Količevo;Domžale
Kolk;Zagorje Ob Savi
Kolomban;Koper
Kolovec;Domžale
Kolovrat;Zagorje Ob Savi
Koludrje;Sevnica
Komanija;Dobrova-Polhov Gradec
Komarna Vas;Semič
Komarnica;Cerkvenjak
Komen;Komen
Komenda;Komenda
Komendska Dobrava;Komenda
Komolec;Kočevje
Kompole;Štore
Kompolje;Dobrepolje
Kompolje;Lukovica
Kompolje;Sevnica
Konc;Laško
Konca Vas;Kočevje
Konec;Novo Mesto
Konj;Litija
Konjiška Vas;Slovenske Konjice
Konjski Vrh;Luče
Konjsko;Sevnica
Konjsko;Vojnik
Konjšica – Del;Litija
Konjšica – Del;Zagorje Ob Savi
Konuško;Šmarje Pri Jelšah
Kopačnica;Gorenja Vas-Poljane
Koper;Koper
Kopivnik;Rače-Fram
Kopriva;Razkrižje
Kopriva;Sežana
Koprivna;Črna Na Koroškem
Koprivnica;Krško
Koprivnik;Kočevje
Koprivnik;Kostanjevica Na Krki
Koprivnik;Žiri
Koprivnik V Bohinju;Bohinj
Koračice;Sveti Tomaž
Korenitka;Trebnje
Korenjak;Zavrč
Koreno;Lukovica
Koreno Nad Horjulom;Horjul
Koretno;Šmarje Pri Jelšah
Korita;Idrija
Korita;Trebnje
Korita Na Krasu;Miren-Kostanjevica
Koritnica;Krško
Koritnica;Tolmin
Koritnice;Ilirska Bistrica
Koritno;Bled
Koritno;Brežice
Koritno;Majšperk
Koritno;Oplotnica
Koromači-Boškini;Koper
Korošče;Cerknica
Koroška Bela;Jesenice
Koroška Vas;Novo Mesto
Koroška Vas Na Pohorju;Zreče
Koroški Selovec;Ravne Na Koroškem
Korovci;Cankova
Korpe;Lukovica
Korplje;Slovenska Bistrica
Korpule;Šmarje Pri Jelšah
Korte;Izola
Kortine;Koper
Koseč;Kobarid
Koseze;Ilirska Bistrica
Koseze;Vodice
Kosovelje;Sežana
Kostanj;Kamnik
Kostanjek;Krško
Kostanjevec;Slovenska Bistrica
Kostanjevica;Šentrupert
Kostanjevica Na Krasu;Miren-Kostanjevica
Kostanjevica Na Krki;Kostanjevica Na Krki
Kostel;Kostel
Kostrevnica;Zagorje Ob Savi
Kostrivnica;Šentjur
Košarovci;Gornji Petrovci
Koščake;Cerknica
Košiše;Kamnik
Koške Poljane;Šmartno Pri Litiji
Košnica;Šentjur
Košnica Pri Celju;Celje
Koštabona;Koper
Kot;Ig
Kot;Lendava
Kot Na Pohorju;Slovenska Bistrica
Kot Ob Kolpi;Črnomelj
Kot Pri Damlju;Črnomelj
Kot Pri Prevaljah;Prevalje
Kot Pri Rakitnici;Ribnica
Kot Pri Ribnici;Ribnica
Kot Pri Veliki Slevici;Velike Lašče
Kotel;Sodražica
Koti;Novo Mesto
Kotlje;Ravne Na Koroškem
Kotredež;Zagorje Ob Savi
Kovača Vas;Črnomelj
Kovača Vas;Slovenska Bistrica
Kovačevci;Grad
Kovačji Grad;Črnomelj
Kovaški Vrh;Oplotnica
Kovčice;Hrpelje-Kozina
Kovk;Ajdovščina
Kovk;Hrastnik
Kovor;Tržič
Kovski Vrh;Škofja Loka
Kozana;Brda
Kozarišče;Loška Dolina
Kozarno;Brda
Kozaršče;Tolmin
Kozina;Hrpelje-Kozina
Kozjak;Mislinja
Kozjak Nad Pesnico;Kungota
Kozjak Pri Ceršaku;Šentilj
Kozjane;Divača
Kozje;Kozje
Kozji Vrh;Podvelka
Kozji Vrh Nad Dravogradom;Dravograd
Kozloviči;Koper
Kozmerice;Tolmin
Kozminci;Podlehnik
Kožbana;Brda
Kožljek;Cerknica
Kožljevec;Grosuplje
Kožmani;Ajdovščina
Kraberk;Slovenske Konjice
Kračali;Sodražica
Krajna;Tišina
Krajna Brda;Sevnica
Krajna Vas;Sežana
Krajnčica;Šentjur
Krajno Brdo;Lukovica
Kraljevci;Sveti Jurij Ob Ščavnici
Kralji;Kočevje
Kramarovci;Rogašovci
Kramplje;Bloke
Kranj;Kranj
Kranjče;Cerknica
Kranjska Gora;Kranjska Gora
Krapje;Ljutomer
Krasinec;Metlika
Krasna;Poljčane
Krasno;Brda
Krašce;Moravče
Krašči;Cankova
Kraška Vas;Brežice
Krašnja;Lukovica
Krašnji Vrh;Metlika
Krčevina;Ormož
Krčevina Pri Vurbergu;Ptuj
Kred;Kobarid
Kregarjevo;Kamnik
Kregolišče;Sežana
Kremberk;Sveta Ana
Kremen;Krško
Kremenca;Cerknica
Kremenica;Ig
Kremenik;Gorenja Vas-Poljane
Kreplje;Sežana
Kresnica;Šentilj
Kresnice;Litija
Kresniške Poljane;Litija
Kresniški Vrh;Litija
Kristan Vrh;Šmarje Pri Jelšah
Kriška Reber;Trebnje
Kriška Vas;Ivančna Gorica
Krištanci;Ljutomer
Krištandol;Hrastnik
Krivčevo;Kamnik
Krivi Vrh;Sveta Ana
Krivica;Šentjur
Krivo Brdo;Gorenja Vas-Poljane
Krivoglavice;Metlika
Križ;Komenda
Križ;Sevnica
Križ;Sežana
Križ;Trebnje
Križan Vrh;Bistrica Ob Sotli
Križate;Moravče
Križe;Brežice
Križe;Novo Mesto
Križe;Tržič
Križeča Vas;Poljčane
Križevci;Gornji Petrovci
Križevci Pri Ljutomeru;Križevci
Križevec;Zreče
Križevska Vas;Dol Pri Ljubljani
Križevska Vas;Metlika
Križišče;Sevnica
Križmani;Osilnica
Križna Gora;Ajdovščina
Križna Gora;Škofja Loka
Križni Vrh;Mokronog-Trebelno
Križni Vrh;Slovenska Bistrica
Krka;Ivančna Gorica
Krkavče;Koper
Krkovo Nad Faro;Kostel
Krkovo Pri Karlovici;Velike Lašče
Krmačina;Metlika
Krmelj;Sevnica
Krn;Kobarid
Krnci;Moravske Toplice
Krnče;Ribnica
Krnica;Gorje
Krnica;Koper
Krnica;Luče
Krnice;Hrastnik
Krnice Pri Novakih;Gorenja Vas-Poljane
Krog;Murska Sobota
Kromberk;Nova Gorica
Kropa;Radovljica
Krplivnik;Hodoš
Krsinji Vrh;Sevnica
Krstenica;Kanal
Kršič;Kamnik
Krška Vas;Brežice
Krška Vas;Ivančna Gorica
Krško;Krško
Krtina;Domžale
Krtina;Trebnje
Krtince;Šmarje Pri Jelšah
Krtinovica;Sežana
Krupa;Semič
Kruplivnik;Grad
Krušče;Cerknica
Krušni Vrh;Trebnje
Krvava Peč;Velike Lašče
Krvavčji Vrh;Semič
Krvavi Potok;Hrpelje-Kozina
Kržeti;Sodražica
Kržišče;Cerknica
Kržišče;Krško
Kržišče Pri Čatežu;Litija
Kubed;Koper
Kuhlarji;Kočevje
Kuk;Tolmin
Kukava;Juršinci
Kukeč;Gornji Petrovci
Kukenberk;Trebnje
Kukmaka;Velike Lašče
Kumen;Lovrenc Na Pohorju
Kumpolje;Litija
Kungota Pri Ptuju;Kidričevo
Kunova;Gornja Radgona
Kunšperk;Bistrica Ob Sotli
Kupčinji Vrh;Majšperk
Kupetinci;Sveti Jurij Ob Ščavnici
Kupljenik;Bled
Kupšinci;Murska Sobota
Kuretno;Laško
Kuršinci;Ljutomer
Kušernik;Pesnica
Kuštanovci;Puconci
Kuteževo;Ilirska Bistrica
Kutinci;Sveti Jurij Ob Ščavnici
Kuzarjev Kal;Novo Mesto
Kuzma;Kuzma
Kuželič;Kostel
Kuželj;Kostel
Kuželjevec;Ivančna Gorica
Kvasica;Črnomelj
Labinje;Cerkno
Labor;Koper
Lačaves;Ormož
Lačja Vas;Nazarje
Lačna Gora;Oplotnica
Ladja;Medvode
Ladra;Kobarid
Lahomno;Laško
Lahomšek;Laško
Lahonci;Ormož
Lahov Graben;Laško
Lahovče;Cerklje Na Gorenjskem
Lahovna;Celje
Lahovo;Bloke
Lajše;Gorenja Vas-Poljane
Lajše;Železniki
Lancova Vas;Videm
Lancovo;Radovljica
Landek;Vojnik
Landol;Postojna
Lanišče;Škofljica
Laniše;Gorenja Vas-Poljane
Laniše;Kamnik
Laporje;Slovenska Bistrica
Laporje;Velike Lašče
Laseno;Kamnik
Lasigovci;Dornava
Lastnič;Podčetrtek
Lastomerci;Gornja Radgona
Lašče;Borovnica
Lašče;Žužemberk
Laše;Šmarje Pri Jelšah
Laška Vas;Laško
Laška Vas Pri Štorah;Štore
Laški Rovt;Bohinj
Laško;Laško
Latkova Vas;Prebold
Lavrica;Škofljica
Lavrovec;Logatec
Lavtarski Vrh;Kranj
Laze;Brežice
Laze;Gorenja Vas-Poljane
Laze;Logatec
Laze;Novo Mesto
Laze;Velenje
Laze;Velike Lašče
Laze Nad Krko;Ivančna Gorica
Laze Pri Borovnici;Borovnica
Laze Pri Boštanju;Sevnica
Laze Pri Dolskem;Dol Pri Ljubljani
Laze Pri Domžalah;Domžale
Laze Pri Dramljah;Šentjur
Laze Pri Gobniku;Litija
Laze Pri Gorenjem Jezeru;Cerknica
Laze Pri Kostelu;Kostel
Laze Pri Oneku;Kočevje
Laze Pri Predgradu;Kočevje
Laze Pri Vačah;Litija
Laze V Tuhinju;Kamnik
Lazec;Cerkno
Lazec;Loški Potok
Lazina;Žužemberk
Laziše;Laško
Lazna;Nova Gorica
Laznica;Cerkno
Laznica;Maribor
Laže;Divača
Lažiše;Dobje
Ledeča Vas;Šentjernej
Ledina;Sevnica
Ledine;Idrija
Ledinek;Sveta Ana
Ledinica;Žiri
Ledinske Krnice;Idrija
Ledinsko Razpotje;Idrija
Legen;Slovenj Gradec
Lehen Na Pohorju;Podvelka
Lekmarje;Šmarje Pri Jelšah
Lemberg Pri Novi Cerkvi;Vojnik
Lemberg Pri Šmarju;Šmarje Pri Jelšah
Lemerje;Puconci
Lenart Pri Gornjem Gradu;Gornji Grad
Lenart V Slov. Goricah;Lenart
Lendava;Lendava
Lendavske Gorice;Lendava
Lepa Njiva;Mozirje
Lepena;Bovec
Lepence;Bohinj
Lepi Vrh;Bloke
Lesce;Radovljica
Lesično;Kozje
Leskovca;Laško
Leskovec;Celje
Leskovec;Ivančna Gorica
Leskovec;Novo Mesto
Leskovec;Slovenska Bistrica
Leskovec Pri Krškem;Krško
Leskovec V Podborštu;Sevnica
Leskovica;Gorenja Vas-Poljane
Leskovica Pri Šmartnem;Šmartno Pri Litiji
Lesno Brdo;Horjul
Lesno Brdo;Vrhnika
Lešane;Apače
Leščevje;Ivančna Gorica
Leše;Litija
Leše;Prevalje
Leše;Tržič
Lešje;Majšperk
Lešje;Vojnik
Lešnica;Novo Mesto
Lešnica;Ormož
Lešniški Vrh;Ormož
Lešnjake;Cerknica
Letenice;Kranj
Letuš;Braslovče
Levanjci;Destrnik
Levec;Žalec
Levič;Slovenska Bistrica
Levpa;Kanal
Levstiki;Ribnica
Libanja;Ormož
Libeliče;Dravograd
Libeliška Gora;Dravograd
Libelj;Krško
Liberga;Šmartno Pri Litiji
Libna;Krško
Liboje;Žalec
Libušnje;Kobarid
Ličenca;Slovenske Konjice
Lig;Kanal
Limbarska Gora;Moravče
Limbuš;Maribor
Limovce;Vransko
Lindek;Vojnik
Lipa;Beltinci
Lipa;Dobrepolje
Lipa;Lukovica
Lipa;Miren-Kostanjevica
Lipa;Zreče
Lipa Pri Frankolovem;Vojnik
Lipce;Jesenice
Lipe;Ljubljana
Lipica;Sežana
Lipica;Škofja Loka
Lipje;Velenje
Liplje;Kamnik
Liplje;Postojna
Lipni Dol;Laško
Lipnica;Radovljica
Lipnik;Trebnje
Lipoglav;Slovenske Konjice
Lipovci;Beltinci
Lipovec;Ribnica
Lipovec;Semič
Lipovec;Šmarje Pri Jelšah
Lipovec Pri Kostelu;Kostel
Lipovec Pri Škofji Vasi;Celje
Lipovšica;Sodražica
Lipsenj;Cerknica
Lisec;Tolmin
Lisec;Trebnje
Lisjaki;Komen
Litija;Litija
Litmerk;Ormož
Livek;Kobarid
Livold;Kočevje
Livške Ravne;Kobarid
Ljubečna;Celje
Ljubež V Lazih;Litija
Ljubgojna;Horjul
Ljubično;Poljčane
Ljubija;Mozirje
Ljubinj;Tolmin
Ljubljana;Ljubljana
Ljubnica;Vitanje
Ljubno;Radovljica
Ljubno Ob Savinji;Ljubno
Ljubstava;Videm
Ljutomer;Ljutomer
Lobček;Grosuplje
Lobnica;Ruše
Loče;Brežice
Loče;Celje
Loče;Slovenske Konjice
Ločica Ob Savinji;Polzela
Ločica Pri Vranskem;Vransko
Ločič;Trnovska Vas
Ločki Vrh;Benedikt
Ločki Vrh;Destrnik
Log;Kranjska Gora
Log;Lukovica
Log;Mokronog-Trebelno
Log;Rogatec
Log;Ruše
Log;Sevnica
Log Čezsoški;Bovec
Log Nad Škofjo Loko;Škofja Loka
Log Pod Mangartom;Bovec
Log Pri Brezovici;Log-Dragomer
Log Pri Mlinšah;Zagorje Ob Savi
Log Pri Polhovem Gradcu;Dobrova-Polhov Gradec
Log Pri Vrhovem;Radeče
Log Pri Žužemberku;Trebnje
Log V Bohinju;Bohinj
Logarji;Velike Lašče
Logarovci;Križevci
Logarska Dolina;Solčava
Logaršče;Tolmin
Logatec;Logatec
Logje;Kobarid
Lohača;Postojna
Loje;Tolmin
Loka;Koper
Loka;Starše
Loka;Šentjernej
Loka;Tržič
Loka Pri Dobrni;Dobrna
Loka Pri Framu;Rače-Fram
Loka Pri Mengšu;Mengeš
Loka Pri Zidanem Mostu;Sevnica
Loka Pri Žusmu;Šentjur
Lokanja Vas;Slovenska Bistrica
Lokarje;Šentjur
Lokavci;Gornja Radgona
Lokavec;Ajdovščina
Lokavec;Laško
Lokavec;Sveta Ana
Loke;Krško
Loke;Nova Gorica
Loke;Straža
Loke;Tabor
Loke Pri Mozirju;Mozirje
Loke Pri Planini;Šentjur
Loke Pri Zagorju;Zagorje Ob Savi
Loke V Tuhinju;Kamnik
Lokev;Sežana
Lokovec;Nova Gorica
Lokovica;Prevalje
Lokovica;Šoštanj
Lokovina;Dobrna
Lokrovec;Celje
Lokve;Črnomelj
Lokve;Krško
Lokve;Nova Gorica
Lokve Pri Dobrniču;Trebnje
Lokvica;Miren-Kostanjevica
Lom;Mežica
Lom Nad Volčo;Gorenja Vas-Poljane
Lom Pod Storžičem;Tržič
Lomanoše;Gornja Radgona
Lome;Idrija
Lomno;Krško
Lončarjev Dol;Sevnica
Lončarovci;Moravske Toplice
Lopaca;Šentjur
Lopar;Koper
Lopata;Celje
Lopata;Žužemberk
Lopatnik;Velenje
Lopatnik Pri Velenju;Velenje
Loperšice;Ormož
Lormanje;Lenart
Loška Gora;Radeče
Loška Gora Pri Zrečah;Zreče
Loška Vas;Dolenjske Toplice
Lovnik;Poljčane
Lovranovo;Bloke
Lovrenc Na Dravskem Polju;Kidričevo
Lovrenc Na Pohorju;Lovrenc Na Pohorju
Lovsko Brdo;Gorenja Vas-Poljane
Lozice;Vipava
Lož;Loška Dolina
Ložane;Pesnica
Lože;Laško
Lože;Vipava
Ložec;Osilnica
Ložice;Kanal
Ložina;Podlehnik
Ložnica;Makole
Ložnica;Velenje
Ložnica Pri Žalcu;Žalec
Lucija;Piran
Lucova;Gornji Petrovci
Lučarjev Kal;Ivančna Gorica
Luče;Grosuplje
Luče;Luče
Lučine;Gorenja Vas-Poljane
Ludranski Vrh;Črna Na Koroškem
Lukačevci;Moravske Toplice
Lukanja;Slovenska Bistrica
Lukavci;Križevci
Lukini;Koper
Lukovec;Komen
Lukovec;Litija
Lukovec;Sevnica
Lukovek;Trebnje
Lukovica Pri Brezovici;Log-Dragomer
Lukovica Pri Domžalah;Lukovica
Lunovec;Ormož
Lupinica;Šmartno Pri Litiji
Lušečka Vas;Poljčane
Lutrje;Šentjur
Lutrško Selo;Novo Mesto
Lutverci;Apače
Luža;Trebnje
Lužarji;Velike Lašče
Luže;Šenčur
Mače;Preddvor
Mačji Dol;Trebnje
Mački;Velike Lašče
Mačkovci;Puconci
Mačkovec;Kočevje
Mačkovec;Laško
Mačkovec;Trebnje
Mačkovec Pri Dvoru;Žužemberk
Mačkovec Pri Suhorju;Metlika
Mačkovec Pri Škocjanu;Škocjan
Magolnik;Litija
Magozd;Kobarid
Mahneti;Cerknica
Mahniči;Sežana
Mahovci;Apače
Mahovnik;Kočevje
Majcni;Sežana
Majski Vrh;Videm
Majšperk;Majšperk
Makole;Makole
Makoše;Ribnica
Mala Brda;Postojna
Mala Breza;Laško
Mala Bukovica;Ilirska Bistrica
Mala Cikava;Novo Mesto
Mala Dobrava;Ivančna Gorica
Mala Dolina;Brežice
Mala Goba;Litija
Mala Gora;Kočevje
Mala Gora;Zreče
Mala Goričica;Ivančna Gorica
Mala Hubajnica;Sevnica
Mala Ilova Gora;Grosuplje
Mala Kostrevnica;Šmartno Pri Litiji
Mala Lahinja;Črnomelj
Mala Lašna;Lukovica
Mala Ligojna;Vrhnika
Mala Loka;Domžale
Mala Loka;Trebnje
Mala Loka Pri Višnji Gori;Grosuplje
Mala Mislinja;Mislinja
Mala Nedelja;Ljutomer
Mala Pirešica;Žalec
Mala Polana;Velika Polana
Mala Pristava;Pivka
Mala Pristava;Šmarje Pri Jelšah
Mala Račna;Grosuplje
Mala Sela;Črnomelj
Mala Sela;Litija
Mala Slevica;Velike Lašče
Mala Stara Vas;Grosuplje
Mala Strmica;Šmarješke Toplice
Mala Ševnica;Trebnje
Mala Štanga;Šmartno Pri Litiji
Mala Varnica;Videm
Mala Vas;Dobrepolje
Mala Vas;Gorišnica
Mala Vas Pri Grosupljem;Grosuplje
Mala Vas Pri Ormožu;Sveti Tomaž
Malahorna;Oplotnica
Male Braslovče;Braslovče
Male Brusnice;Novo Mesto
Male Češnjice;Ivančna Gorica
Male Dole;Vojnik
Male Dole Pri Stehanji Vasi;Trebnje
Male Dole Pri Temenici;Ivančna Gorica
Male Grahovše;Laško
Male Kompolje;Ivančna Gorica
Male Lašče;Velike Lašče
Male Lese;Ivančna Gorica
Male Lipljene;Grosuplje
Male Loče;Ilirska Bistrica
Male Pece;Ivančna Gorica
Male Poljane;Škocjan
Male Rebrce;Ivančna Gorica
Male Rodne;Rogaška Slatina
Male Vinice;Sodražica
Male Vodenice;Kostanjevica Na Krki
Male Vrhe;Ivančna Gorica
Male Žablje;Ajdovščina
Malečnik;Maribor
Malence;Kostanjevica Na Krki
Malenska Vas;Mirna Peč
Malenski Vrh;Gorenja Vas-Poljane
Mali Ban;Šentjernej
Mali Brebrovnik;Ormož
Mali Breg;Slovenske Konjice
Mali Cerovec;Novo Mesto
Mali Cirnik;Brežice
Mali Cirnik Pri Šentjanžu;Šentrupert
Mali Dol;Komen
Mali Dol;Pesnica
Mali Gaber;Trebnje
Mali Hrib;Kamnik
Mali Jelnik;Lukovica
Mali Kal;Ivančna Gorica
Mali Kal;Mirna Peč
Mali Kamen;Krško
Mali Konec;Grosuplje
Mali Koren;Krško
Mali Korinj;Ivančna Gorica
Mali Kum;Zagorje Ob Savi
Mali Lipoglav;Ljubljana
Mali Lipovec;Žužemberk
Mali Ločnik;Velike Lašče
Mali Log;Loški Potok
Mali Moravščak;Sveti Jurij Ob Ščavnici
Mali Nerajec;Črnomelj
Mali Obrež;Brežice
Mali Okič;Cirkulane
Mali Orehek;Novo Mesto
Mali Osolnik;Velike Lašče
Mali Otok;Postojna
Mali Podljuben;Novo Mesto
Mali Podlog;Krško
Mali Rakitovec;Kamnik
Mali Rigelj;Dolenjske Toplice
Mali Slatnik;Novo Mesto
Mali Trn;Krško
Mali Videm;Trebnje
Mali Vrh;Brežice
Mali Vrh;Mirna Peč
Mali Vrh;Šmartno Ob Paki
Mali Vrh Pri Prežganju;Ljubljana
Mali Vrh Pri Šmarju;Grosuplje
Malija;Izola
Maline;Mokronog-Trebelno
Maline Pri Štrekljevcu;Semič
Malinišče;Osilnica
Malkovec;Sevnica
Malna;Sveti Jurij V Slov. Goricah
Malni;Bloke
Malo Črnelo;Ivančna Gorica
Malo Globoko;Ivančna Gorica
Malo Hudo;Ivančna Gorica
Malo Lešče;Metlika
Malo Lipje;Žužemberk
Malo Mlačevo;Grosuplje
Malo Mraševo;Krško
Malo Naklo;Naklo
Malo Polje;Ajdovščina
Malo Tinje;Slovenska Bistrica
Malo Trebeljevo;Ljubljana
Malo Ubeljsko;Postojna
Malovše;Ajdovščina
Mamolj;Litija
Manče;Vipava
Manžan;Koper
Marezige;Koper
Maribor;Maribor
Marija Dobje;Šentjur
Marija Gradec;Laško
Marija Reka;Prebold
Marijina Vas;Laško
Marinča Vas;Ivančna Gorica
Marinčev Grič;Vrhnika
Marinčki;Velike Lašče
Marindol;Črnomelj
Marjeta Na Dravskem Polju;Starše
Markečica;Oplotnica
Markišavci;Murska Sobota
Markovci;Markovci
Markovci;Šalovci
Markovec;Loška Dolina
Markovo;Kamnik
Markovščina;Hrpelje-Kozina
Marno;Hrastnik
Marolče;Ribnica
Maršiči;Koper
Maršiči;Ribnica
Martinj Vrh;Železniki
Martinja Vas;Trebnje
Martinja Vas Pri Mokronogu;Mokronog-Trebelno
Martinjak;Cerknica
Martinje;Gornji Petrovci
Martjanci;Moravske Toplice
Masore;Idrija
Mašelj;Semič
Matavun;Divača
Matena;Ig
Matenja Vas;Postojna
Materija;Hrpelje-Kozina
Matjaševci;Kuzma
Matke;Prebold
Mavčiče;Kranj
Mavrc;Kostel
Mavrlen;Črnomelj
Medana;Brda
Medija;Zagorje Ob Savi
Medlog;Celje
Medno;Ljubljana
Medribnik;Cirkulane
Medvedce;Majšperk
Medvedica;Grosuplje
Medvedje Brdo;Logatec
Medvedjek;Trebnje
Medvedjek;Velike Lašče
Medvode;Medvode
Meglenik;Trebnje
Meja;Kranj
Meje;Cirkulane
Mekinje;Kamnik
Mekinje Nad Stično;Ivančna Gorica
Mekotnjak;Ljutomer
Melanjski Vrh;Radenci
Mele;Gornja Radgona
Melinci;Beltinci
Meliše;Ljubno
Meljski Hrib;Maribor
Mengeš;Mengeš
Meniška Vas;Dolenjske Toplice
Merče;Sežana
Mereče;Ilirska Bistrica
Mestinje;Šmarje Pri Jelšah
Mestni Vrh;Ptuj
Metava;Maribor
Metlika;Metlika
Metnaj;Ivančna Gorica
Metni Vrh;Sevnica
Metulje;Bloke
Mevce;Ivančna Gorica
Mevkuž;Gorje
Mezgovci;Sveti Tomaž
Mezgovci Ob Pesnici;Dornava
Mežica;Mežica
Migojnice;Žalec
Migolica;Mirna
Migolska Gora;Mirna
Mihalovci;Ormož
Mihalovec;Brežice
Mihelca;Šmartno Pri Litiji
Mihele;Hrpelje-Kozina
Mihelja Vas;Črnomelj
Mihovce;Kidričevo
Mihovci Pri Vel. Nedelji;Ormož
Mihovec;Novo Mesto
Mihovica;Šentjernej
Mihovo;Šentjernej
Miklarji;Črnomelj
Miklavž Na Dravskem Polju;Miklavž Na Dravskem Polju
Miklavž Pri Ormožu;Ormož
Miklavž Pri Taboru;Tabor
Mikote;Krško
Milava;Cerknica
Miliči;Črnomelj
Milje;Šenčur
Miren;Miren-Kostanjevica
Mirke;Vrhnika
Mirna;Mirna
Mirna Peč;Mirna Peč
Mirna Vas;Mokronog-Trebelno
Mirtoviči;Osilnica
Misliče;Divača
Mislinja;Mislinja
Mislinjska Dobrava;Slovenj Gradec
Mišače;Radovljica
Mišji Dol;Šmartno Pri Litiji
Mizni Dol;Vrhnika
Mlače;Slovenske Konjice
Mladje;Krško
Mlajtinci;Moravske Toplice
Mlaka;Komenda
Mlaka;Radovljica
Mlaka Nad Lušo;Gorenja Vas-Poljane
Mlaka Pri Kočevju;Kočevje
Mlaka Pri Kočevski Reki;Kočevje
Mlaka Pri Kranju;Kranj
Mlake;Metlika
Mlake;Muta
Mleščevo;Ivančna Gorica
Mlinsko;Kobarid
Mlinše;Zagorje Ob Savi
Močila;Kanal
Močile;Črnomelj
Močilno;Radeče
Močle;Šmarje Pri Jelšah
Močna;Lenart
Močunigi;Koper
Močvirje;Škocjan
Modraže;Poljčane
Modrej;Tolmin
Modrejce;Tolmin
Modrič;Laško
Modrič;Slovenska Bistrica
Mohorje;Velike Lašče
Mojstrana;Kranjska Gora
Mokri Potok;Kočevje
Mokronog;Mokronog-Trebelno
Montinjan;Koper
Morava;Kočevje
Moravci V Slov. Goricah;Ljutomer
Moravče;Moravče
Moravče Pri Gabrovki;Litija
Moravske Toplice;Moravske Toplice
Moravška Gora;Litija
Morje;Rače-Fram
Morsko;Kanal
Most;Mokronog-Trebelno
Most Na Soči;Tolmin
Moste;Komenda
Moste;Žirovnica
Mostec;Brežice
Mostečno;Makole
Mostje;Juršinci
Mostje;Lendava
Moščanci;Puconci
Moše;Medvode
Mošenik;Moravče
Mošenik;Zagorje Ob Savi
Moškanjci;Gorišnica
Moškrin;Škofja Loka
Mošnje;Radovljica
Mota;Ljutomer
Motnik;Kamnik
Motovilci;Grad
Motvarjevci;Moravske Toplice
Moverna Vas;Semič
Movraž;Koper
Mozelj;Kočevje
Mozirje;Mozirje
Možjanca;Preddvor
Mramorovo Pri Lužarjih;Bloke
Mramorovo Pri Pajkovem;Bloke
Mrčna Sela;Krško
Mrše;Hrpelje-Kozina
Mršeča Vas;Šentjernej
Mrtovec;Sevnica
Mrtvice;Kočevje
Mrtvice;Krško
Mrzla Luža;Trebnje
Mrzla Planina;Sevnica
Mrzlava Vas;Brežice
Mrzli Log;Idrija
Mrzli Vrh;Idrija
Mrzli Vrh;Žiri
Mrzlo Polje;Ivančna Gorica
Mrzlo Polje;Laško
Muha Vas;Kočevje
Muhabran;Trebnje
Mulhe;Šmartno Pri Litiji
Muljava;Ivančna Gorica
Murave;Gorenja Vas-Poljane
Muretinci;Gorišnica
Murska Sobota;Murska Sobota
Murski Črnci;Tišina
Murski Petrovci;Tišina
Murski Vrh;Radenci
Murščak;Radenci
Muta;Muta
Na Logu;Škofja Loka
Nadanje Selo;Pivka
Nadbišec;Lenart
Nadgrad;Slovenska Bistrica
Nadlesk;Loška Dolina
Nadole;Žetale
Nadrožica;Komen
Naklo;Črnomelj
Naklo;Divača
Naklo;Naklo
Nanos;Vipava
Naraplje;Majšperk
Naredi;Velike Lašče
Narin;Pivka
Nasirec;Hrpelje-Kozina
Nasova;Apače
Nasovče;Komenda
Navrški Vrh;Ravne Na Koroškem
Nazarje;Nazarje
Neblo;Brda
Nebova;Maribor
Nedelica;Turnišče
Negastrn;Moravče
Negova;Gornja Radgona
Negovski Vrh;Benedikt
Nemci;Nova Gorica
Nemčavci;Murska Sobota
Nemilje;Kranj
Nemška Gora;Krško
Nemška Loka;Kočevje
Nemška Vas;Krško
Nemška Vas;Ribnica
Nemška Vas Na Blokah;Bloke
Nemški Rovt;Bohinj
Neradnovci;Gornji Petrovci
Nestoplja Vas;Semič
Neverke;Pivka
Nevlje;Kamnik
Nezbiše;Podčetrtek
Nimno;Rogaška Slatina
Nizka;Rečica Ob Savinji
Niževec;Borovnica
Njiverce;Kidričevo
Njivica;Kranj
Njivice;Radeče
Nomenj;Bohinj
Norički Vrh;Gornja Radgona
Noršinci;Moravske Toplice
Noršinci Pri Ljutomeru;Ljutomer
Noše;Radovljica
Notranje Gorice;Brezovica
Nova Cerkev;Vojnik
Nova Gora;Dolenjske Toplice
Nova Gora;Krško
Nova Gora;Litija
Nova Gora Nad Slovensko Bistrico;Slovenska Bistrica
Nova Gorica;Nova Gorica
Nova Lipa;Črnomelj
Nova Oselica;Gorenja Vas-Poljane
Nova Sela;Kostel
Nova Sušica;Pivka
Nova Štifta;Gornji Grad
Nova Štifta;Sodražica
Nova Vas;Bloke
Nova Vas;Ivančna Gorica
Nova Vas;Miren-Kostanjevica
Nova Vas;Preddvor
Nova Vas;Sežana
Nova Vas Nad Dragonjo;Piran
Nova Vas Ob Sotli;Brežice
Nova Vas Pri Jelšanah;Ilirska Bistrica
Nova Vas Pri Konjicah;Slovenske Konjice
Nova Vas Pri Lescah;Radovljica
Nova Vas Pri Markovcih;Markovci
Nova Vas Pri Mokricah;Brežice
Nova Vas Pri Šmarju;Šmarje Pri Jelšah
Novake;Poljčane
Novake;Tržič
Novake;Vojnik
Nove Ložine;Kočevje
Novelo;Miren-Kostanjevica
Novi Grad;Sevnica
Novi Kot;Loški Potok
Novi Lazi;Kočevje
Novi Pot;Sodražica
Novi Svet;Logatec
Novi Vrh;Apače
Novinci;Sveti Andraž V Slov. Goricah
Novo Celje;Žalec
Novo Mesto;Novo Mesto
Novo Tepanje;Slovenske Konjice
Novokračine;Ilirska Bistrica
Nozno;Brda
Nožed;Izola
Nožice;Domžale
Nunska Graba;Ljutomer
Nuskova;Rogašovci
Občice;Dolenjske Toplice
Občine;Trebnje
Obla Gorica;Šmartno Pri Litiji
Obloke;Tolmin
Obolno;Ivančna Gorica
Obrat;Benedikt
Obrež;Središče Ob Dravi
Obrežje;Brežice
Obrežje;Radeče
Obrežje Pri Zidanem Mostu;Laško
Obrh;Dolenjske Toplice
Obrh Pri Dragatušu;Črnomelj
Obrne;Bled
Obrov;Hrpelje-Kozina
Obrše;Lukovica
Ocinje;Rogašovci
Ocizla;Hrpelje-Kozina
Očeslavci;Gornja Radgona
Odolina;Hrpelje-Kozina
Odranci;Odranci
Odrga;Trebnje
Ogljenšak;Slovenska Bistrica
Ogorevc;Štore
Ograda;Bloke
Ograja;Kočevje
Ogulin;Črnomelj
Ohonica;Borovnica
Ojstri Vrh;Železniki
Ojstrica;Dravograd
Ojstriška Vas;Tabor
Ojstro;Laško
Ojstro;Trbovlje
Okljuka;Metlika
Oklukova Gora;Brežice
Okonina;Ljubno
Okoslavci;Radenci
Okoška Gora;Oplotnica
Okrog;Litija
Okrog;Šentjur
Okrog;Šentrupert
Okrog Pri Motniku;Kamnik
Okroglice;Sevnica
Okroglo;Kamnik
Okroglo;Naklo
Olešče;Laško
Olika;Koper
Olimje;Podčetrtek
Olševek;Šenčur
Omota;Semič
Onek;Kočevje
Onkraj Meže;Mežica
Opale;Žiri
Opalkovo;Velike Lašče
Opatje Selo;Miren-Kostanjevica
Oplotnica;Oplotnica
Orehek;Cerkno
Orehek;Postojna
Orehek Pri Materiji;Hrpelje-Kozina
Orehova Vas;Hoče-Slivnica
Orehovci;Gornja Radgona
Orehovec;Kostanjevica Na Krki
Orehovec;Šmarje Pri Jelšah
Orehovica;Šentjernej
Orehovica;Vipava
Orehovica;Zagorje Ob Savi
Orehovlje;Kranj
Orehovlje;Miren-Kostanjevica
Orehovo;Sevnica
Orehovski Vrh;Gornja Radgona
Orešje;Šmarješke Toplice
Orešje Na Bizeljskem;Brežice
Orešje Nad Sevnico;Sevnica
Orkljevec;Mirna Peč
Orla Vas;Braslovče
Orlaka;Trebnje
Orle;Škofljica
Orlek;Sežana
Ormož;Ormož
Ornuška Vas;Mokronog-Trebelno
Orova Vas;Polzela
Ortnek;Ribnica
Ortnice;Kozje
Osek;Nova Gorica
Osek;Sveta Trojica V Slov. Goricah
Osenca;Celje
Osilnica;Osilnica
Oskoršnica;Semič
Oskrt;Kostel
Oslica;Ivančna Gorica
Osluševci;Ormož
Osojnica;Žiri
Osojnik;Semič
Osojnik;Železniki
Osolnik;Medvode
Osp;Koper
Osrečje;Škocjan
Osredek;Cerknica
Osredek;Šentjur
Osredek;Velike Lašče
Osredek;Zagorje Ob Savi
Osredek Nad Stično;Ivančna Gorica
Osredek Pri Dobrovi;Dobrova-Polhov Gradec
Osredek Pri Hubajnici;Sevnica
Osredek Pri Krmelju;Sevnica
Osredek Pri Podsredi;Kozje
Osredek Pri Trški Gori;Krško
Osredek Pri Zrečah;Zreče
Osredke;Dol Pri Ljubljani
Ostenk;Trbovlje
Ostrog;Šentjernej
Ostrovica;Hrpelje-Kozina
Ostrožnik;Mokronog-Trebelno
Ostrožno Brdo;Ilirska Bistrica
Ostrožno Pri Ločah;Slovenske Konjice
Ostrožno Pri Ponikvi – Del;Šentjur
Ošelj;Slovenska Bistrica
Oševek;Kamnik
Oševljek;Renče-Vogrsko
Oštrc;Kostanjevica Na Krki
Otalež;Cerkno
Otavice;Ribnica
Otavnik;Sevnica
Otemna;Celje
Otiški Vrh;Dravograd
Otlica;Ajdovščina
Otoče;Radovljica
Otočec;Novo Mesto
Otok;Cerknica
Otok;Metlika
Otonica;Cerknica
Otošče;Divača
Otovci;Puconci
Otovec;Črnomelj
Ovsiše;Radovljica
Ozeljan;Nova Gorica
Ožbalt;Podvelka
Pacinje;Ptuj
Padeški Vrh;Zreče
Padež;Laško
Padež;Vrhnika
Padež;Zagorje Ob Savi
Padna;Piran
Padovo Pri Fari;Kostel
Padovo Pri Osilnici;Osilnica
Paha;Novo Mesto
Paka;Dobrepolje
Paka;Vitanje
Paka – Del;Mislinja
Paka Pri Predgradu;Kočevje
Paka Pri Velenju;Velenje
Pako;Borovnica
Palčje;Pivka
Paljevo;Kanal
Paloviče;Tržič
Pameče;Slovenj Gradec
Pance;Ljubljana
Paneče;Laško
Pangrč Grm;Novo Mesto
Pangršica;Kranj
Panovci;Gornji Petrovci
Papeži;Osilnica
Papirnica;Škofja Loka
Paradišče;Grosuplje
Paradiž;Cirkulane
Parecag;Piran
Paričjak;Radenci
Paridol;Šentjur
Parižlje;Braslovče
Parje;Pivka
Parož;Dobrna
Paška Vas;Šmartno Ob Paki
Paški Kozjak;Velenje
Paunoviči;Črnomelj
Pavičiči;Črnomelj
Pavla Vas;Sevnica
Pavlica;Ilirska Bistrica
Pavlova Vas;Brežice
Pavlovci;Ormož
Pavlovski Vrh;Ormož
Pece;Grosuplje
Pecelj;Podčetrtek
Peč;Grosuplje
Pečarovci;Puconci
Peče;Moravče
Pečica;Šmarje Pri Jelšah
Pečice;Brežice
Pečice;Litija
Pečine;Tolmin
Pečje;Sevnica
Pečke;Makole
Pečki;Velike Lašče
Pečnik;Idrija
Pečovje;Štore
Pečovnik;Celje
Pedrovo;Nova Gorica
Pekel;Maribor
Pekel;Trebnje
Pekre;Maribor
Penoje;Slovenske Konjice
Pepelno;Celje
Peračica;Radovljica
Peraji;Koper
Perati;Kobarid
Perišče;Brežice
Pernica;Pesnica
Pernice;Muta
Perniki;Gorje
Pernovo;Žalec
Perovec;Slovenske Konjice
Perovo;Ribnica
Pertoča;Rogašovci
Perudina;Črnomelj
Pesje;Krško
Peskovci;Gornji Petrovci
Pesnica;Kungota
Pesnica Pri Mariboru;Pesnica
Pesniški Dvor;Pesnica
Pestike;Zavrč
Peščeni Vrh;Cerkvenjak
Peščenik;Ivančna Gorica
Petane;Novo Mesto
Petanjci;Tišina
Petelinje;Dol Pri Ljubljani
Petelinje;Pivka
Petelinjek;Novo Mesto
Petelinjek Pri Ločah;Slovenske Konjice
Petišovci;Lendava
Petkovec;Logatec
Petrina;Kostel
Petrinci;Sodražica
Petrinje;Hrpelje-Kozina
Petrova Vas;Črnomelj
Petrovče;Žalec
Petrovo Brdo;Tolmin
Petrušnja Vas;Ivančna Gorica
Pevno;Škofja Loka
Pijana Gora;Krško
Pijava Gorica;Škofljica
Pijavice;Sevnica
Pijovci;Šmarje Pri Jelšah
Pikovnik;Cerknica
Pilštanj;Kozje
Pince;Lendava
Pince-Marof;Lendava
Piran;Piran
Pirče;Kostel
Pirešica;Velenje
Pirmane;Cerknica
Piršenbreg;Brežice
Pirševo;Kamnik
Pisari;Koper
Pišece;Brežice
Pivka;Pivka
Pivola;Hoče-Slivnica
Placar;Destrnik
Placerovci;Gorišnica
Plač;Kungota
Plače;Ajdovščina
Planica;Kranj
Planica;Rače-Fram
Planina;Ajdovščina
Planina;Ivančna Gorica
Planina;Kostel
Planina;Ljubno
Planina;Postojna
Planina;Semič
Planina Na Pohorju;Zreče
Planina Nad Horjulom;Dobrova-Polhov Gradec
Planina Pod Golico;Jesenice
Planina Pod Šumikom;Slovenska Bistrica
Planina Pri Cerknem;Cerkno
Planina Pri Raki;Krško
Planina Pri Sevnici;Šentjur
Planina V Podbočju;Krško
Planinca;Brezovica
Planinca;Šentjur
Planinska Vas;Šentjur
Planinska Vas;Trbovlje
Planinski Vrh;Šentjur
Planjsko;Majšperk
Plat;Mežica
Plat;Rogaška Slatina
Platinovec;Šmarje Pri Jelšah
Plave;Kanal
Plavje;Koper
Plavški Rovt;Jesenice
Plazovje;Laško
Plemberk;Novo Mesto
Ples;Bistrica Ob Sotli
Ples;Moravče
Plesko;Hrastnik
Pleš;Žužemberk
Pleše;Škofljica
Plešivec;Velenje
Plešivica;Brezovica
Plešivica;Ljutomer
Plešivica;Sežana
Plešivica;Žužemberk
Plešivica Pri Žalni;Grosuplje
Plešivo;Brda
Pleterje;Kidričevo
Pleterje;Krško
Pletovarje;Šentjur
Plintovec;Kungota
Pliskovica;Sežana
Plitvica;Apače
Plitvički Vrh;Gornja Radgona
Plodršnica;Šentilj
Plosovo;Velike Lašče
Pluska;Trebnje
Plužna;Bovec
Plužnje;Cerkno
Pobegi;Koper
Pobrež;Oplotnica
Pobrežje;Črnomelj
Pobrežje;Videm
Počakovo;Radeče
Poče;Cerkno
Počehova;Maribor
Počenik;Pesnica
Podbela;Kobarid
Podbeže;Ilirska Bistrica
Podblica;Kranj
Podboč;Poljčane
Podbočje;Krško
Podboršt;Ivančna Gorica
Podboršt;Sevnica
Podboršt Pri Komendi;Komenda
Podbrdo;Tolmin
Podbreg;Kamnik
Podbreg;Vipava
Podbrezje;Naklo
Podbreže;Sežana
Podbukovje;Ivančna Gorica
Podbukovje Pri Vačah;Litija
Podcerkev;Loška Dolina
Podčetrtek;Podčetrtek
Poden;Kostel
Podgaj;Šentjur
Podgora;Dobrepolje
Podgora;Gorenja Vas-Poljane
Podgora;Ravne Na Koroškem
Podgora;Straža
Podgora;Šmartno Ob Paki
Podgora Pri Dolskem;Dol Pri Ljubljani
Podgora Pri Ložu;Loška Dolina
Podgora Pri Zlatem Polju;Lukovica
Podgorci;Ormož
Podgorica;Dobrepolje
Podgorica;Sevnica
Podgorica Pri Pečah;Moravče
Podgorica Pri Podtaboru;Grosuplje
Podgorica Pri Šmarju;Grosuplje
Podgorje;Apače
Podgorje;Kamnik
Podgorje;Koper
Podgorje;Slovenj Gradec
Podgorje;Velenje
Podgorje Ob Sevnični;Sevnica
Podgorje Pod Čerinom;Vojnik
Podgorje Pri Letušu;Braslovče
Podgorje Pri Pišecah;Brežice
Podgozd;Ig
Podgozd;Nova Gorica
Podgozd;Žužemberk
Podgračeno;Brežice
Podgrad;Gornja Radgona
Podgrad;Ilirska Bistrica
Podgrad;Ljubljana
Podgrad;Novo Mesto
Podgrad;Šentjur
Podgrad Na Pohorju;Slovenska Bistrica
Podgrad Pri Vremah;Divača
Podgradje;Ljutomer
Podgraje;Ilirska Bistrica
Podgrič;Vipava
Podhojni Hrib;Velike Lašče
Podhom;Gorje
Podhosta;Dolenjske Toplice
Podhruška;Kamnik
Podigrac;Kungota
Podjelje;Bohinj
Podjelovo Brdo;Gorenja Vas-Poljane
Podjelše;Kamnik
Podklanc;Dravograd
Podklanec;Črnomelj
Podklanec;Sodražica
Podklanec;Žiri
Podkočna;Jesenice
Podkogelj;Velike Lašče
Podkoren;Kranjska Gora
Podkraj;Ajdovščina
Podkraj;Hrastnik
Podkraj;Ig
Podkraj;Ravne Na Koroškem
Podkraj;Velike Lašče
Podkraj;Žalec
Podkraj Pri Mežici;Mežica
Podkraj Pri Velenju;Velenje
Podkraj Pri Zagorju;Zagorje Ob Savi
Podkum;Zagorje Ob Savi
Podlanišče;Cerkno
Podlehnik;Podlehnik
Podlesje;Kočevje
Podlešje;Šentjur
Podlipa;Krško
Podlipa;Vrhnika
Podlipa;Žužemberk
Podlipoglav;Ljubljana
Podlipovica;Zagorje Ob Savi
Podlisec;Trebnje
Podljubelj;Tržič
Podlog;Črnomelj
Podlog;Velike Lašče
Podlog Pod Bohorjem;Šentjur
Podlog V Savinjski Dolini;Žalec
Podlom;Kamnik
Podlonk;Železniki
Podlož;Loška Dolina
Podlože;Majšperk
Podmelec;Tolmin
Podmilj;Lukovica
Podmolnik;Ljubljana
Podnanos;Vipava
Podnart;Radovljica
Podob;Slovenske Konjice
Podobeno;Gorenja Vas-Poljane
Podolnica;Horjul
Podolševa;Solčava
Podova;Rače-Fram
Podpeca;Črna Na Koroškem
Podpeč;Brezovica
Podpeč;Dobrepolje
Podpeč;Koper
Podpeč Nad Marofom;Šentjur
Podpeč Ob Dravinji;Slovenske Konjice
Podpeč Pod Skalo;Litija
Podpeč Pri Šentvidu;Šentjur
Podplanina;Loški Potok
Podplat;Rogaška Slatina
Podpleče;Cerkno
Podplešivica;Brezovica
Podporezen;Železniki
Podpreska;Loški Potok
Podpulfrca;Škofja Loka
Podraga;Vipava
Podreber;Dobrova-Polhov Gradec
Podreber;Semič
Podreča;Kranj
Podrečje;Domžale
Podroje;Šmartno Pri Litiji
Podsabotin;Brda
Podskrajnik;Cerknica
Podslivnica;Cerknica
Podsmrečje;Lukovica
Podsmreka;Dobrova-Polhov Gradec
Podsmreka Pri Velikih Laščah;Velike Lašče
Podsmreka Pri Višnji Gori;Ivančna Gorica
Podsreda;Kozje
Podstene;Kočevje
Podstene Pri Kostelu;Kostel
Podstenice;Dolenjske Toplice
Podstenje;Ilirska Bistrica
Podstenjšek;Ilirska Bistrica
Podstran;Moravče
Podstrm;Kostanjevica Na Krki
Podstrmec;Velike Lašče
Podstudenec;Kamnik
Podšentjur;Litija
Podtabor;Dobrepolje
Podtabor;Ilirska Bistrica
Podturn;Mokronog-Trebelno
Podturn;Rogaška Slatina
Podturn Pri Dol. Toplicah;Dolenjske Toplice
Podulaka;Velike Lašče
Podulce;Krško
Podvelka;Podvelka
Podveža;Luče
Podvin;Žalec
Podvin Pri Polzeli;Polzela
Podvinci;Ptuj
Podvine;Šentjur
Podvinje;Brežice
Podvolovljek;Luče
Podvrh;Braslovče
Podvrh;Gorenja Vas-Poljane
Podvrh;Osilnica
Podvrh;Sevnica
Podzemelj;Metlika
Podžaga;Velike Lašče
Pogled;Apače
Pogled;Moravče
Pogonik;Litija
Pohorje;Cirkulane
Poklek Nad Blanco;Sevnica
Poklek Pri Podsredi;Kozje
Pokojišče;Vrhnika
Pokojnica;Ivančna Gorica
Pokoše;Slovenska Bistrica
Polajna;Zreče
Polana;Hoče-Slivnica
Polana;Laško
Polana;Murska Sobota
Polenci;Dornava
Polene;Slovenske Konjice
Polenšak;Dornava
Poletiči;Koper
Polhov Gradec;Dobrova-Polhov Gradec
Polhovica;Šentjernej
Polica;Grosuplje
Polica;Naklo
Police;Cerkno
Police;Gornja Radgona
Polička Vas;Pesnica
Polički Vrh;Pesnica
Poljana;Kamnik
Poljana;Prevalje
Poljane;Cerkno
Poljane;Rečica Ob Savinji
Poljane Nad Blagovico;Lukovica
Poljane Nad Škofjo Loko;Gorenja Vas-Poljane
Poljane Pri Mirni Peči;Mirna Peč
Poljane Pri Podgradu;Hrpelje-Kozina
Poljane Pri Primskovem;Šmartno Pri Litiji
Poljane Pri Stični;Ivančna Gorica
Poljane Pri Štjaku;Sežana
Poljane Pri Žužemberku;Žužemberk
Poljčane;Poljčane
Poljče;Braslovče
Poljče;Radovljica
Polje;Bohinj
Polje;Tolmin
Polje Ob Sotli;Podčetrtek
Polje Pri Bistrici;Bistrica Ob Sotli
Polje Pri Tržišču;Sevnica
Polje Pri Višnji Gori;Ivančna Gorica
Polje Pri Vodicah;Vodice
Poljšica Pri Gorjah;Gorje
Poljšica Pri Podnartu;Radovljica
Poljubinj;Tolmin
Polom;Kočevje
Polšeče;Bloke
Polšina;Zagorje Ob Savi
Polšnik;Litija
Polzela;Polzela
Polzelo;Velike Lašče
Polžanska Gorca;Šmarje Pri Jelšah
Polžanska Vas;Šmarje Pri Jelšah
Polže;Vojnik
Pomjan;Koper
Pondor;Tabor
Pongrac;Žalec
Pongrce;Kidričevo
Ponikva;Šentjur
Ponikva Pri Žalcu;Žalec
Ponikve;Brežice
Ponikve;Cerknica
Ponikve;Dobrepolje
Ponikve;Sežana
Ponikve;Tolmin
Ponikve Pri Studencu;Sevnica
Ponkvica;Šentjur
Ponova Vas;Grosuplje
Ponoviče;Litija
Popetre;Koper
Popovci;Videm
Popovo;Tržič
Pordašinci;Moravske Toplice
Poreber;Kamnik
Poreče;Vipava
Porezen;Tolmin
Portorož;Piran
Posavec;Radovljica
Poslovna Cona Žeje Pri Komendi;Komenda
Postaja;Tolmin
Postojna;Postojna
Poštena Vas;Brežice
Potarje;Tržič
Potiskavec;Dobrepolje
Potoče;Ajdovščina
Potoče;Divača
Potoče;Preddvor
Potok;Idrija
Potok;Kamnik
Potok;Kostel
Potok;Nazarje
Potok;Straža
Potok;Trebnje
Potok;Železniki
Potok Pri Dornberku;Nova Gorica
Potok Pri Komendi;Komenda
Potok Pri Muljavi;Ivančna Gorica
Potok Pri Vačah;Litija
Potok V Črni;Kamnik
Potoki;Jesenice
Potoki;Kobarid
Potoki;Semič
Potoška Vas;Zagorje Ob Savi
Potov Vrh;Novo Mesto
Povčeno;Laško
Povir;Sežana
Povlje;Kranj
Povodje;Vodice
Površje;Krško
Povžane;Hrpelje-Kozina
Pozirno;Škofja Loka
Poznanovci;Puconci
Poznikovo;Velike Lašče
Požarje;Zagorje Ob Savi
Požeg;Rače-Fram
Poženik;Cerklje Na Gorenjskem
Požnica;Laško
Prade;Koper
Pragersko;Slovenska Bistrica
Prapetno;Tolmin
Prapetno Brdo;Tolmin
Prapreče;Vransko
Prapreče;Žužemberk
Prapreče – Del;Trbovlje
Prapreče – Del;Zagorje Ob Savi
Prapreče Pri Straži;Straža
Prapreče Pri Šentjerneju;Šentjernej
Prapretno;Radeče
Prapretno;Šentjur
Prapretno Pri Hrastniku – Del;Hrastnik
Praproče;Dobrova-Polhov Gradec
Praproče;Koper
Praproče;Ribnica
Praproče;Semič
Praproče Pri Grosupljem;Grosuplje
Praproče Pri Temenici;Ivančna Gorica
Praproče V Tuhinju;Kamnik
Praproše;Radovljica
Praprot;Semič
Praprotna Polica;Cerklje Na Gorenjskem
Praprotnica;Mirna
Praprotno;Škofja Loka
Praprotno Brdo;Logatec
Praše;Kranj
Prazniki;Velike Lašče
Prebačevo;Šenčur
Prebold;Prebold
Precetinci;Ljutomer
Preclava;Ormož
Prečna;Novo Mesto
Predanovci;Puconci
Preddvor;Preddvor
Predel;Šmarje Pri Jelšah
Predenca;Šmarje Pri Jelšah
Predgrad;Kočevje
Predgriže;Idrija
Predjama;Postojna
Predloka;Koper
Predmeja;Ajdovščina
Predmost;Gorenja Vas-Poljane
Predole;Grosuplje
Predoslje;Kranj
Predstruge;Dobrepolje
Pregara;Koper
Pregarje;Ilirska Bistrica
Prekopa;Vransko
Prekorje;Celje
Prelasko;Podčetrtek
Prelesje;Črnomelj
Prelesje;Gorenja Vas-Poljane
Prelesje;Litija
Prelesje;Šentrupert
Prelog;Domžale
Preloge;Semič
Preloge;Slovenska Bistrica
Preloge Pri Konjicah;Slovenske Konjice
Preloge Pri Šmarju;Šmarje Pri Jelšah
Preloka;Črnomelj
Prelože;Ilirska Bistrica
Prelože Pri Lokvi;Sežana
Prelska;Velenje
Prem;Ilirska Bistrica
Premagovce;Krško
Premančan;Koper
Prepolje;Starše
Prepuž;Slovenska Bistrica
Prerad;Dornava
Presečno;Dobje
Preserje;Braslovče
Preserje;Brezovica
Preserje;Nova Gorica
Preserje Pri Komnu;Komen
Preserje Pri Lukovici;Lukovica
Preserje Pri Radomljah;Domžale
Preserje Pri Zlatem Polju;Lukovica
Presika;Ljutomer
Preska;Sevnica
Preska;Sodražica
Preska Nad Kostrevnico;Šmartno Pri Litiji
Preska Pri Dobrniču;Trebnje
Presladol;Krško
Prestranek;Postojna
Preša;Majšperk
Preški Vrh;Ravne Na Koroškem
Prešna Loka;Sevnica
Prešnica;Hrpelje-Kozina
Pretrež;Slovenska Bistrica
Pretrž;Moravče
Prevale;Litija
Prevalje;Lukovica
Prevalje;Prevalje
Prevalje Pod Krimom;Brezovica
Preveg;Litija
Prevoje;Lukovica
Prevoje Pri Šentvidu;Lukovica
Prevole;Žužemberk
Prezid;Vrhnika
Prezrenje;Radovljica
Preža;Kočevje
Preženjske Njive;Litija
Prežganje;Ljubljana
Prežigal;Slovenske Konjice
Prhajevo;Velike Lašče
Pri Cerkvi-Struge;Dobrepolje
Pribinci;Črnomelj
Pribišje;Semič
Prigorica;Ribnica
Prihodi;Jesenice
Prihova;Nazarje
Prihova;Oplotnica
Prikrnica;Moravče
Prilesje;Lukovica
Prilesje;Velike Lašče
Prilesje Pri Plavah;Kanal
Prilipe;Brežice
Prilozje;Metlika
Primča Vas;Ivančna Gorica
Primostek;Metlika
Primož;Sevnica
Primož Pri Ljubnem;Ljubno
Primož Pri Šentjurju;Šentjur
Primoži;Kočevje
Primskovo;Šmartno Pri Litiji
Primštal;Trebnje
Pristava;Borovnica
Pristava;Cirkulane
Pristava;Ljutomer
Pristava;Nova Gorica
Pristava;Novo Mesto
Pristava;Sežana
Pristava;Tržič
Pristava;Vojnik
Pristava Nad Stično;Ivančna Gorica
Pristava Ob Krki;Krško
Pristava Pod Rako;Krško
Pristava Pri Lesičnem;Podčetrtek
Pristava Pri Leskovcu;Krško
Pristava Pri Mestinju;Podčetrtek
Pristava Pri Polh. Gradcu;Dobrova-Polhov Gradec
Pristava Pri Šentjerneju;Šentjernej
Pristava Pri Višnji Gori;Ivančna Gorica
Pristavica;Rogaška Slatina
Pristavica;Šentjernej
Pristavica Pri Vel. Gabru;Trebnje
Pristavlja Vas;Ivančna Gorica
Pristavo;Brda
Pristova;Dobrna
Prnek;Rogaška Slatina
Prosečka Vas;Puconci
Proseniško;Šentjur
Prosenjakovci;Moravske Toplice
Prožinska Vas;Štore
Pršetinci;Sveti Tomaž
Prtovč;Železniki
Prušnja Vas;Krško
Prvačina;Nova Gorica
Prvenci;Markovci
Prvine;Lukovica
Pšajnovica;Kamnik
Pšata;Cerklje Na Gorenjskem
Pšata;Domžale
Pšenična Polica;Cerklje Na Gorenjskem
Pševo;Kranj
Ptuj;Ptuj
Ptujska Cesta;Gornja Radgona
Ptujska Gora;Majšperk
Puc;Kostel
Puconci;Puconci
Puče;Koper
Pudob;Loška Dolina
Pugled;Semič
Pugled Pri Karlovici;Ribnica
Pugled Pri Mokronogu;Mokronog-Trebelno
Pugled Pri Starem Logu;Kočevje
Pungert;Ivančna Gorica
Pungert;Loški Potok
Pungert;Škofja Loka
Purga;Črnomelj
Purkače;Velike Lašče
Pusti Gradec;Črnomelj
Pusti Hrib;Ribnica
Pusti Javor;Ivančna Gorica
Pustike;Šmarje Pri Jelšah
Pusto Polje;Nazarje
Pušča;Murska Sobota
Puščava;Lovrenc Na Pohorju
Puščava;Mokronog-Trebelno
Pušče;Velike Lašče
Pušenci;Ormož
Puštal;Škofja Loka
Puževci;Puconci
Rača;Domžale
Rače;Rače-Fram
Račeva;Žiri
Račica;Sevnica
Račica;Šmartno Pri Litiji
Račice;Ilirska Bistrica
Račja Vas;Brežice
Račje Selo;Trebnje
Rački Vrh;Radenci
Račni Vrh;Domžale
Radana Vas;Zreče
Radanja Vas;Ivančna Gorica
Radeče;Radeče
Radegunda;Mozirje
Radehova;Lenart
Radelca;Radlje Ob Dravi
Radenci;Radenci
Radenski Vrh;Radenci
Radež;Sevnica
Radgonica;Litija
Radizel;Hoče-Slivnica
Radkovec;Slovenska Bistrica
Radlek;Bloke
Radlje Ob Dravi;Radlje Ob Dravi
Radmirje;Ljubno
Radmožanci;Lendava
Radna;Sevnica
Radna Vas;Mokronog-Trebelno
Radoblje;Laško
Radohova Vas;Ivančna Gorica
Radomerje;Ljutomer
Radomerščak;Ljutomer
Radomlje;Domžale
Radoslavci;Ljutomer
Radoši;Metlika
Radovci;Grad
Radovica;Metlika
Radoviči;Metlika
Radovlja;Šmarješke Toplice
Radovljica;Radovljica
Radovna;Gorje
Raduha;Luče
Raduše;Slovenj Gradec
Radvenci;Gornja Radgona
Rafolče;Lukovica
Rajec;Brežice
Rajhenav;Kočevje
Rajndol;Kočevje
Rajnkovec;Rogaška Slatina
Rajnovšče;Novo Mesto
Rajšele;Kostel
Raka;Krško
Rake;Kostel
Rakek;Cerknica
Rakičan;Murska Sobota
Rakitna;Brezovica
Rakitnica;Ribnica
Rakitnik;Postojna
Rakitovec;Koper
Rakitovec;Šentjur
Rakov Škocjan;Cerknica
Rakova Steza;Vojnik
Rakovci;Sveti Tomaž
Rakovec;Brežice
Rakovec;Metlika
Rakovec;Šmarje Pri Jelšah
Rakovica;Kranj
Rakovlje;Braslovče
Rakovnik;Medvode
Rakovnik;Šentjernej
Rakovnik Pri Birčni Vasi;Novo Mesto
Rakovnik Pri Šentrupertu;Šentrupert
Rakulik;Postojna
Ranca;Pesnica
Ranče;Rače-Fram
Rankovci;Tišina
Rapljevo;Dobrepolje
Raskovec;Oplotnica
Raša;Sežana
Rašica;Ljubljana
Rašica;Velike Lašče
Ratanska Vas;Rogaška Slatina
Rateče;Kranjska Gora
Ratečevo Brdo;Ilirska Bistrica
Ratež;Novo Mesto
Ratje;Žužemberk
Ratkovci;Moravske Toplice
Ravenska Vas;Zagorje Ob Savi
Ravna;Kanal
Ravnace;Metlika
Ravne;Ajdovščina
Ravne;Cerklje Na Gorenjskem
Ravne;Cerknica
Ravne;Litija
Ravne;Mirna
Ravne;Šoštanj
Ravne;Železniki
Ravne Na Blokah;Bloke
Ravne Na Koroškem;Ravne Na Koroškem
Ravne Nad Šentrupertom;Šentrupert
Ravne Pri Cerknem;Cerkno
Ravne Pri Mlinšah;Zagorje Ob Savi
Ravne Pri Šmartnem;Kamnik
Ravne Pri Zdolah;Krško
Ravne Pri Žireh;Žiri
Ravne V Bohinju;Bohinj
Ravni;Krško
Ravni Dol;Ivančna Gorica
Ravni Dol;Sodražica
Ravnica;Nova Gorica
Ravnica;Radovljica
Ravnik;Bloke
Ravnik;Šentrupert
Ravnik Pri Hotedršici;Logatec
Ravnje;Sežana
Ravno;Dobje
Ravno;Krško
Ravno Brdo;Ljubljana
Razbor;Sevnica
Razbor;Šentjur
Razbor Pri Čemšeniku;Zagorje Ob Savi
Razborca;Mislinja
Razbore;Trebnje
Razbore-K. O. Ježni Vrh;Šmartno Pri Litiji
Razdelj;Vojnik
Razdrto;Postojna
Razdrto;Šentjernej
Razgor;Vojnik
Razgor Pri Žabljeku;Slovenska Bistrica
Razgorce;Vojnik
Razguri;Sežana
Razkrižje;Razkrižje
Razori;Dobrova-Polhov Gradec
Razpotje;Idrija
Razpotje;Zagorje Ob Savi
Raztez;Krško
Razvanje;Maribor
Rdeči Breg – Del;Lovrenc Na Pohorju
Rdeči Breg – Del;Podvelka
Rdeči Kal;Ivančna Gorica
Rdeči Kal;Trebnje
Reber;Žužemberk
Reber Pri Škofljici;Škofljica
Recenjak;Lovrenc Na Pohorju
Rečica;Ilirska Bistrica
Rečica Ob Paki;Šmartno Ob Paki
Rečica Ob Savinji;Rečica Ob Savinji
Rejcov Grič;Idrija
Reka;Cerkno
Reka;Laško
Remšnik;Radlje Ob Dravi
Renče;Renče-Vogrsko
Renke;Litija
Renkovci;Turnišče
Rep;Slovenska Bistrica
Reparje;Cerknica
Repče;Ljubljana
Repče;Trebnje
Repišče;Videm
Replje;Trebnje
Repnje;Vodice
Repno;Šentjur
Repuš;Dobje
Resnik;Zreče
Reštanj;Krško
Reteče;Škofja Loka
Retje;Loški Potok
Retje Nad Trbovljami;Trbovlje
Retnje;Tržič
Reva;Trebnje
Ribče;Litija
Ribčev Laz;Bohinj
Ribjek;Mokronog-Trebelno
Ribjek;Osilnica
Ribnica;Brežice
Ribnica;Pivka
Ribnica;Ribnica
Ribnica Na Pohorju;Ribnica Na Pohorju
Ribniško Selo;Maribor
Ribno;Bled
Rifengozd;Laško
Rifnik;Šentjur
Rigelj Pri Ortneku;Ribnica
Rigonce;Brežice
Riharjevec;Šmartno Pri Litiji
Rihpovec;Trebnje
Rihtarovci;Radenci
Rim;Črnomelj
Rimske Toplice;Laško
Rinčetova Graba;Ljutomer
Ritmerk;Ormož
Ritomeče;Hrpelje-Kozina
Ritoznoj;Slovenska Bistrica
Rižana;Koper
Rjavci;Sveti Andraž V Slov. Goricah
Rjavče;Ilirska Bistrica
Rjavica;Rogaška Slatina
Rob;Velike Lašče
Robanov Kot;Solčava
Robič;Kobarid
Robidišče;Kobarid
Robidni Breg;Kanal
Robidnica;Gorenja Vas-Poljane
Roče;Tolmin
Ročevnica;Tržič
Ročica;Pesnica
Ročinj;Kanal
Rodež;Zagorje Ob Savi
Rodica;Domžale
Rodik;Hrpelje-Kozina
Rodine;Črnomelj
Rodine;Žirovnica
Rodine Pri Trebnjem;Trebnje
Rodmošci;Gornja Radgona
Rodni Vrh;Podlehnik
Rogačice;Sevnica
Rogaška Slatina;Rogaška Slatina
Rogašovci;Rogašovci
Rogatec;Rogatec
Rogatec Nad Želimljami;Ig
Rogati Hrib;Kočevje
Roginska Gorca;Podčetrtek
Rogla;Zreče
Rogoza;Hoče-Slivnica
Rogoznica;Lenart
Roje;Šentjernej
Roje Pri Čatežu;Trebnje
Roje Pri Trebelnem;Mokronog-Trebelno
Ropoča;Rogašovci
Rosalnice;Metlika
Rošnja;Starše
Rošpoh – Del;Kungota
Rošpoh – Del;Maribor
Rotman;Juršinci
Rova;Domžale
Rove;Vojnik
Rove;Zagorje Ob Savi
Rovišče;Zagorje Ob Savi
Rovišče Pri Studencu;Sevnica
Rovt;Dobrova-Polhov Gradec
Rovt Pod Menino;Nazarje
Rovtarske Žibrše;Logatec
Rovte;Logatec
Rovte;Radovljica
Rovte V Selški Dolini;Škofja Loka
Rožanče;Bloke
Rožanec;Črnomelj
Rožar;Koper
Roženberk;Šentrupert
Rožengrunt;Sveta Ana
Roženpelj;Trebnje
Rožice;Hrpelje-Kozina
Rožič Vrh;Črnomelj
Rožički Vrh;Sveti Jurij Ob Ščavnici
Rožično;Kamnik
Rožna Dolina;Nova Gorica
Rožni Dol;Semič
Rožni Vrh;Celje
Rožni Vrh;Trebnje
Rožnik;Grosuplje
Rožno;Krško
Rtiče;Zagorje Ob Savi
Rubije;Komen
Rucmanci;Sveti Tomaž
Ručetna Vas;Črnomelj
Rudna Vas;Radeče
Rudnica;Podčetrtek
Rudnik Pri Moravčah;Moravče
Rudnik Pri Radomljah;Kamnik
Rudno;Železniki
Rudolfovo;Cerknica
Ruhna Vas;Škocjan
Rumanja Vas;Straža
Runarsko;Bloke
Runeč;Ormož
Runtole;Celje
Rupe;Celje
Rupe;Velike Lašče
Ruperče;Maribor
Ruše;Ruše
Ruše;Žalec
Rut;Tolmin
Ruta;Lovrenc Na Pohorju
Ržišče;Kostanjevica Na Krki
Ržišče;Litija
Ržiše;Zagorje Ob Savi
Sabonje;Ilirska Bistrica
Sad;Ivančna Gorica
Sadinja Vas;Ljubljana
Sadinja Vas Pri Dvoru;Žužemberk
Sadni Hrib;Kočevje
Sajenice;Mirna
Sajevce;Kostanjevica Na Krki
Sajevče;Postojna
Sajevec;Ribnica
Saksid;Nova Gorica
Sakušak;Juršinci
Samotorica;Horjul
Sanabor;Vipava
Sapnik;Kostel
Sarsko;Ig
Satahovci;Murska Sobota
Sava;Litija
Savci;Sveti Tomaž
Savica;Bohinj
Savina;Ljubno
Savinsko;Makole
Sebeborci;Moravske Toplice
Sebenje;Tržič
Seč;Kočevje
Seča;Piran
Sečje Selo;Črnomelj
Sečovlje;Piran
Sedlarjevo;Podčetrtek
Sedlašek;Podlehnik
Sedlo;Kobarid
Sedraž;Laško
Segonje;Škocjan
Segovci;Apače
Sejanci;Sveti Tomaž
Sejenice;Trebnje
Sekirišče;Velike Lašče
Sela;Osilnica
Sela;Podčetrtek
Sela;Sežana
Sela;Šmarješke Toplice
Sela;Videm
Sela Na Krasu;Miren-Kostanjevica
Sela Nad Podmelcem;Tolmin
Sela Pri Ajdovcu;Žužemberk
Sela Pri Dobovi;Brežice
Sela Pri Dobu;Ivančna Gorica
Sela Pri Dol. Toplicah;Dolenjske Toplice
Sela Pri Dragatušu;Črnomelj
Sela Pri Hinjah;Žužemberk
Sela Pri Jugorju;Metlika
Sela Pri Kamniku;Kamnik
Sela Pri Otovcu;Črnomelj
Sela Pri Raki;Krško
Sela Pri Ratežu;Novo Mesto
Sela Pri Sobračah;Ivančna Gorica
Sela Pri Šentjerneju;Šentjernej
Sela Pri Šmarju;Grosuplje
Sela Pri Štravberku;Novo Mesto
Sela Pri Šumberku;Trebnje
Sela Pri Višnji Gori;Ivančna Gorica
Sela Pri Volčah;Tolmin
Sela Pri Vrčicah;Semič
Sela Pri Zajčjem Vrhu;Novo Mesto
Sela Pri Zburah;Šmarješke Toplice
Selca;Železniki
Selce;Lenart
Selce;Litija
Selce;Lukovica
Selce;Pivka
Selce;Tolmin
Selce;Vojnik
Selce Nad Blanco;Sevnica
Selce Pri Leskovcu;Krško
Selce Pri Moravčah;Moravče
Selce Pri Špeharjih;Črnomelj
Sele;Slovenj Gradec
Sele;Šentjur
Sele – Del;Ravne Na Koroškem
Sele Pri Polskavi;Slovenska Bistrica
Selišče;Dolenjske Toplice
Selišče;Tolmin
Selišči;Sveti Jurij Ob Ščavnici
Selnica Ob Dravi;Selnica Ob Dravi
Selnica Ob Muri;Šentilj
Selnik;Ig
Selo;Ajdovščina
Selo;Krško
Selo;Moravske Toplice
Selo;Sežana
Selo;Žiri
Selo Nad Laškim;Laško
Selo Nad Polhovim Gradcem;Dobrova-Polhov Gradec
Selo Pri Bledu;Bled
Selo Pri Ihanu;Domžale
Selo Pri Kostelu;Kostel
Selo Pri Mirni;Mirna
Selo Pri Moravčah;Moravče
Selo Pri Pancah;Ljubljana
Selo Pri Radohovi Vasi;Ivančna Gorica
Selo Pri Robu;Velike Lašče
Selo Pri Vodicah;Vodice
Selo Pri Vranskem;Vransko
Selo Pri Zagorici;Mirna Peč
Selo Pri Zagorju;Zagorje Ob Savi
Selo Pri Žirovnici;Žirovnica
Selovec;Dravograd
Selska Gora;Mirna
Selski Vrh;Slovenske Konjice
Selšček;Cerknica
Selšek;Šmartno Pri Litiji
Semič;Semič
Senadole;Divača
Senadolice;Sežana
Senčak;Sveti Tomaž
Senčak Pri Juršincih;Juršinci
Senešci;Ormož
Seničica;Medvode
Senično;Tržič
Senik;Brda
Senik;Sveti Tomaž
Seniški Breg;Kanal
Senovica;Šmarje Pri Jelšah
Senovo;Krško
Senožeče;Divača
Senožete;Krško
Senožete;Laško
Senožeti;Dol Pri Ljubljani
Senožeti;Zagorje Ob Savi
Senuše;Krško
Serdica;Rogašovci
Serjuče;Moravče
Sestrže;Majšperk
Setnica – Del;Dobrova-Polhov Gradec
Setnica – Del;Medvode
Setnik;Dobrova-Polhov Gradec
Sevce;Laško
Sevec;Slovenska Bistrica
Sevnica;Sevnica
Sevno;Novo Mesto
Sevno;Šmartno Pri Litiji
Sežana;Sežana
Sidol;Kamnik
Sidraž;Cerklje Na Gorenjskem
Silova;Velenje
Silovec;Brežice
Sinja Gorica;Vrhnika
Sinji Vrh;Črnomelj
Sinovica;Sodražica
Sirči;Koper
Sitarovci;Ljutomer
Sitež;Majšperk
Skadanščina;Hrpelje-Kozina
Skakovci;Cankova
Skaručna;Vodice
Skoke;Miklavž Na Dravskem Polju
Skomarje;Zreče
Skopo;Sežana
Skorba;Hajdina
Skorišnjak;Videm
Skorno;Šmartno Ob Paki
Skorno Pri Šoštanju;Šoštanj
Skrblje;Majšperk
Skrilje;Ajdovščina
Skrovnik;Sevnica
Sladka Gora;Šmarje Pri Jelšah
Sladki Vrh;Šentilj
Slamna Vas;Metlika
Slamniki;Bled
Slamnjak;Ljutomer
Slance;Celje
Slančji Vrh;Sevnica
Slap;Sevnica
Slap;Tržič
Slap;Vipava
Slap Ob Idrijci;Tolmin
Slape;Majšperk
Slapnik;Brda
Slaptinci;Sveti Jurij Ob Ščavnici
Slatenik;Pesnica
Slatina;Cirkulane
Slatina;Kungota
Slatina;Šmartno Ob Paki
Slatina Pri Dobjem;Dobje
Slatina Pri Ponikvi;Šentjur
Slatina V Rožni Dolini;Celje
Slatinski Dol;Kungota
Slatna;Radovljica
Slatnik;Ribnica
Slavče;Brda
Slavina;Litija
Slavina;Postojna
Slavinje;Postojna
Slavski Laz;Kostel
Slavšina;Sveti Andraž V Slov. Goricah
Sleme;Bloke
Slepšek;Mokronog-Trebelno
Slinovce;Kostanjevica Na Krki
Slivice;Cerknica
Slivje;Hrpelje-Kozina
Slivje;Krško
Slivna;Litija
Slivnica Pri Celju;Šentjur
Slivnica Pri Mariboru;Hoče-Slivnica
Slivniško Pohorje;Hoče-Slivnica
Slivno;Laško
Slogonsko;Brežice
Sloka Gora;Velike Lašče
Slomi;Dornava
Slope;Hrpelje-Kozina
Slovenj Gradec;Slovenj Gradec
Slovenja Vas;Hajdina
Slovenska Bistrica;Slovenska Bistrica
Slovenska Vas;Brežice
Slovenska Vas;Kočevje
Slovenska Vas;Pivka
Slovenska Vas;Šentrupert
Slovenske Konjice;Slovenske Konjice
Slovenski Javornik;Jesenice
Slugovo;Cerknica
Smast;Kobarid
Smečice;Krško
Smednik;Krško
Smlednik;Medvode
Smokuč;Žirovnica
Smokvica;Koper
Smoldno;Gorenja Vas-Poljane
Smolenja Vas;Novo Mesto
Smoleva;Železniki
Smolinci;Cerkvenjak
Smolnik;Dobrova-Polhov Gradec
Smolnik;Ruše
Smrečje;Vrhnika
Smrečje V Črni;Kamnik
Smrečno;Slovenska Bistrica
Smrje;Ilirska Bistrica
Smrjene;Škofljica
Smuka;Kočevje
Snežatno;Brda
Snežeče;Brda
Snežnik;Ilirska Bistrica
Snovik;Kamnik
Sobenja Vas;Brežice
Sobetinci;Markovci
Sobrače;Ivančna Gorica
Socerb;Koper
Socka;Vojnik
Soča;Bovec
Sočerga;Koper
Sodevci;Črnomelj
Sodinci;Ormož
Sodišinci;Tišina
Sodji Vrh;Semič
Sodna Vas;Podčetrtek
Sodražica;Sodražica
Sojek;Slovenske Konjice
Sokoliči;Koper
Solčava;Solčava
Solkan;Nova Gorica
Sopota;Litija
Sopota;Zagorje Ob Savi
Sopotnica;Škofja Loka
Sora;Medvode
Sotensko Pod Kalobjem;Šentjur
Sotensko Pri Šmarju;Šmarje Pri Jelšah
Soteska;Dolenjske Toplice
Soteska;Kamnik
Soteska Pri Moravčah;Moravče
Sotina;Rogašovci
Soviče;Videm
Sovinek;Semič
Sovinja Peč;Kamnik
Sovjak;Sveti Jurij Ob Ščavnici
Sovjak;Trnovska Vas
Sovodenj;Gorenja Vas-Poljane
Sovra;Žiri
Soze;Ilirska Bistrica
Spodnja Bačkova;Benedikt
Spodnja Bela;Preddvor
Spodnja Besnica;Kranj
Spodnja Bilpa;Kočevje
Spodnja Branica;Nova Gorica
Spodnja Brežnica;Poljčane
Spodnja Dobrava;Moravče
Spodnja Dobrava;Radovljica
Spodnja Draga;Ivančna Gorica
Spodnja Gorica;Rače-Fram
Spodnja Hajdina;Hajdina
Spodnja Idrija;Idrija
Spodnja Jablanica;Šmartno Pri Litiji
Spodnja Javoršica;Moravče
Spodnja Kanomlja;Idrija
Spodnja Kapla;Podvelka
Spodnja Korena;Duplek
Spodnja Kostrivnica;Rogaška Slatina
Spodnja Libna;Krško
Spodnja Lipnica;Radovljica
Spodnja Ložnica;Slovenska Bistrica
Spodnja Luša;Škofja Loka
Spodnja Nova Vas;Slovenska Bistrica
Spodnja Orlica;Radlje Ob Dravi
Spodnja Pohanca;Brežice
Spodnja Polskava;Slovenska Bistrica
Spodnja Ponkvica;Šmarje Pri Jelšah
Spodnja Pristava;Slovenske Konjice
Spodnja Rečica;Laško
Spodnja Rečica;Rečica Ob Savinji
Spodnja Ročica;Benedikt
Spodnja Selnica;Selnica Ob Dravi
Spodnja Senarska;Sveta Trojica V Slov. Goricah
Spodnja Senica;Medvode
Spodnja Slivnica;Grosuplje
Spodnja Sorica;Železniki
Spodnja Sveča;Majšperk
Spodnja Ščavnica;Gornja Radgona
Spodnja Velka;Šentilj
Spodnja Vižinga;Radlje Ob Dravi
Spodnja Voličina;Lenart
Spodnje Bitnje;Kranj
Spodnje Blato;Grosuplje
Spodnje Brezovo;Ivančna Gorica
Spodnje Danje;Železniki
Spodnje Dobrenje;Pesnica
Spodnje Dule;Krško
Spodnje Duplice;Grosuplje
Spodnje Duplje;Naklo
Spodnje Gameljne;Ljubljana
Spodnje Gorče;Braslovče
Spodnje Gorje;Gorje
Spodnje Gruškovje;Podlehnik
Spodnje Grušovje;Slovenske Konjice
Spodnje Grušovlje;Žalec
Spodnje Hlapje;Pesnica
Spodnje Hoče;Hoče-Slivnica
Spodnje Jablane;Kidričevo
Spodnje Jarše;Domžale
Spodnje Jelenje;Litija
Spodnje Jezersko;Jezersko
Spodnje Konjišče;Apače
Spodnje Koseze;Lukovica
Spodnje Kraše;Nazarje
Spodnje Laze;Gorje
Spodnje Laže;Slovenske Konjice
Spodnje Loke;Lukovica
Spodnje Mestinje;Šmarje Pri Jelšah
Spodnje Mladetiče;Sevnica
Spodnje Negonje;Rogaška Slatina
Spodnje Palovče;Kamnik
Spodnje Partinje;Lenart
Spodnje Pijavško;Krško
Spodnje Pirniče;Medvode
Spodnje Pobrežje;Rečica Ob Savinji
Spodnje Poljčane;Poljčane
Spodnje Prapreče;Lukovica
Spodnje Prebukovje;Slovenska Bistrica
Spodnje Preloge;Slovenske Konjice
Spodnje Roje;Žalec
Spodnje Sečovo;Rogaška Slatina
Spodnje Selce;Šmarje Pri Jelšah
Spodnje Slemene;Šentjur
Spodnje Stranice;Zreče
Spodnje Stranje;Kamnik
Spodnje Škofije;Koper
Spodnje Tinsko;Šmarje Pri Jelšah
Spodnje Verjane;Sveta Trojica V Slov. Goricah
Spodnje Vetrno;Tržič
Spodnje Vodale;Sevnica
Spodnje Vrtiče;Kungota
Spodnji Boč;Selnica Ob Dravi
Spodnji Brnik;Cerklje Na Gorenjskem
Spodnji Čačič;Osilnica
Spodnji Dolič;Vitanje
Spodnji Duplek;Duplek
Spodnji Gabernik;Rogaška Slatina
Spodnji Gaj Pri Pragerskem;Kidričevo
Spodnji Gasteraj;Sveti Jurij V Slov. Goricah
Spodnji Hotič;Litija
Spodnji Ivanjci;Gornja Radgona
Spodnji Jakobski Dol;Pesnica
Spodnji Jernej;Slovenske Konjice
Spodnji Kamenščak;Ljutomer
Spodnji Ključarovci;Ormož
Spodnji Kocjan;Radenci
Spodnji Leskovec;Videm
Spodnji Log;Kočevje
Spodnji Log;Litija
Spodnji Otok;Radovljica
Spodnji Petelinjek;Lukovica
Spodnji Porčič;Lenart
Spodnji Prekar;Moravče
Spodnji Razbor;Slovenj Gradec
Spodnji Slemen;Selnica Ob Dravi
Spodnji Stari Grad;Krško
Spodnji Šemnik;Zagorje Ob Savi
Spodnji Tuštanj;Moravče
Spodnji Velovlek;Ptuj
Spodnji Vrsnik;Idrija
Spodnji Žerjavci;Lenart
Spuhlja;Ptuj
Srakovlje;Kranj
Srebotje;Šentilj
Srebrniče;Novo Mesto
Srebrnik;Bistrica Ob Sotli
Sredgora;Semič
Središče;Moravske Toplice
Središče Ob Dravi;Središče Ob Dravi
Srednik;Sevnica
Srednja Bela;Preddvor
Srednja Bistrica;Črenšovci
Srednja Dobrava;Radovljica
Srednja Kanomlja;Idrija
Srednja Vas;Radovljica
Srednja Vas;Semič
Srednja Vas – Goriče;Kranj
Srednja Vas Pri Dragi;Loški Potok
Srednja Vas Pri Kamniku;Kamnik
Srednja Vas Pri Polh. Grad.;Dobrova-Polhov Gradec
Srednja Vas Pri Šenčurju;Šenčur
Srednja Vas V Bohinju;Bohinj
Srednja Vas-Loški Potok;Loški Potok
Srednja Vas-Poljane;Gorenja Vas-Poljane
Srednje;Maribor
Srednje Arto;Krško
Srednje Bitnje;Kranj
Srednje Brdo;Gorenja Vas-Poljane
Srednje Gameljne;Ljubljana
Srednje Grčevje;Novo Mesto
Srednje Jarše;Domžale
Srednje Laknice;Mokronog-Trebelno
Srednje Pijavško;Krško
Srednji Dolič;Mislinja
Srednji Gasteraj;Sveti Jurij V Slov. Goricah
Srednji Globodol;Mirna Peč
Srednji Lipovec;Žužemberk
Srednji Potok;Kostel
Srednji Radenci;Črnomelj
Srednji Vrh;Dobrova-Polhov Gradec
Srednji Vrh;Kranjska Gora
Sremič;Krško
Srgaši;Koper
Srnjak;Velike Lašče
Srobotnik Ob Kolpi;Kostel
Srobotnik Pri Vel. Laščah;Velike Lašče
Sromlje;Brežice
Srpenica;Bovec
Srževica;Šentjur
Stahovica;Kamnik
Staje;Ig
Stan;Mirna
Stanečka Vas;Majšperk
Stanetinci;Cerkvenjak
Stanetinci;Sveti Jurij Ob Ščavnici
Stanežiče;Ljubljana
Staniše;Škofja Loka
Stanjevci;Gornji Petrovci
Stankovo;Brežice
Stanošina;Podlehnik
Stanovišče;Kobarid
Stanovno;Ormož
Stanovsko;Poljčane
Stara Bučka;Škocjan
Stara Cerkev;Kočevje
Stara Cesta;Ljutomer
Stara Fužina;Bohinj
Stara Gora;Benedikt
Stara Gora;Mirna
Stara Gora;Nova Gorica
Stara Gora;Sveti Jurij Ob Ščavnici
Stara Gora Pri Šentilju;Šentilj
Stara Gora Pri Vel.Gabru;Šmartno Pri Litiji
Stara Lipa;Črnomelj
Stara Loka;Škofja Loka
Stara Nova Vas;Križevci
Stara Oselica;Gorenja Vas-Poljane
Stara Sela;Kamnik
Stara Sušica;Pivka
Stara Vas;Postojna
Stara Vas-Bizeljsko;Brežice
Stara Vrhnika;Vrhnika
Stare Slemene;Slovenske Konjice
Stare Žage;Dolenjske Toplice
Stari Breg;Kočevje
Stari Dvor;Radeče
Stari Grad;Krško
Stari Grad;Makole
Stari Grad V Podbočju;Krško
Stari Kot;Loški Potok
Stari Log;Kočevje
Stari Log;Slovenska Bistrica
Stari Trg;Ivančna Gorica
Stari Trg;Slovenj Gradec
Stari Trg Ob Kolpi;Črnomelj
Stari Trg Pri Ložu;Loška Dolina
Starihov Vrh;Semič
Staro Brezje;Kočevje
Staro Selo;Kobarid
Starod;Ilirska Bistrica
Starošince;Kidričevo
Starše;Starše
Stavča Vas;Žužemberk
Stavešinci;Gornja Radgona
Stavešinski Vrh;Gornja Radgona
Stebljevek;Kamnik
Stegne;Moravče
Stehanja Vas;Trebnje
Stelnik;Kostel
Stenica;Vitanje
Stepani;Koper
Steske;Nova Gorica
Stična;Ivančna Gorica
Stirpnik;Škofja Loka
Stiška Vas;Cerklje Na Gorenjskem
Stogovci;Apače
Stogovci;Majšperk
Stojanski Vrh;Brežice
Stojnci;Markovci
Stolnik;Kamnik
Stolovnik;Krško
Stomaž;Ajdovščina
Stomaž;Sežana
Stopce;Laško
Stopče;Šentjur
Stope;Velike Lašče
Stoperce;Majšperk
Stopiče;Novo Mesto
Stopnik;Tolmin
Stopnik;Vransko
Stopno;Makole
Stopno;Škocjan
Strahinj;Naklo
Strahomer;Ig
Strahovlje;Zagorje Ob Savi
Strajna;Podlehnik
Strane;Postojna
Stranice;Zreče
Stranje;Krško
Stranje;Šmarje Pri Jelšah
Stranje Pri Dobrniču;Trebnje
Stranje Pri Škocjanu;Škocjan
Stranje Pri Velikem Gabru;Trebnje
Stranska Vas;Dobrova-Polhov Gradec
Stranska Vas;Novo Mesto
Stranska Vas Ob Višnjici;Ivančna Gorica
Stranska Vas Pri Semiču;Semič
Stranske Makole;Makole
Stranski Vrh;Litija
Straška Gorca;Šentjur
Straža;Cerkno
Straža;Lukovica
Straža;Straža
Straža;Šentrupert
Straža Na Gori;Šentjur
Straža Pri Dolu;Vojnik
Straža Pri Krškem;Krško
Straža Pri Moravčah;Moravče
Straža Pri Novi Cerkvi;Vojnik
Straža Pri Oplotnici;Oplotnica
Straža Pri Raki;Krško
Straže;Lenart
Stražgonjca;Kidričevo
Stražica;Vojnik
Stražišče;Cerknica
Stražišče;Prevalje
Stražišče;Ravne Na Koroškem
Stražnji Vrh;Črnomelj
Strehovci;Dobrovnik
Strejaci;Dornava
Strelac;Šmarješke Toplice
Strelci;Markovci
Strensko;Laško
Strezetina;Ormož
Strjanci;Ormož
Strletje;Velike Lašče
Strmca;Bloke
Strmca;Laško
Strmca;Postojna
Strmec;Idrija
Strmec;Litija
Strmec;Luče
Strmec;Velike Lašče
Strmec Na Predelu;Bovec
Strmec Nad Dobrno;Dobrna
Strmec Pri Destrniku;Destrnik
Strmec Pri Leskovcu;Videm
Strmec Pri Ormožu;Ormož
Strmec Pri Polenšaku;Dornava
Strmec Pri Sv. Florijanu;Rogaška Slatina
Strmica;Škofja Loka
Strmica;Vrhnika
Strmo Rebro;Krško
Strnišče;Kidričevo
Stročja Vas;Ljutomer
Strojiči;Osilnica
Strojna;Ravne Na Koroškem
Strtenica;Šmarje Pri Jelšah
Strtenik;Slovenske Konjice
Strug;Makole
Strukovci;Puconci
Strunjan;Piran
Stružnica;Kostel
Stržišče;Sevnica
Stržišče;Tolmin
Studena Gora;Ilirska Bistrica
Studenca;Kamnik
Studence;Hrastnik
Studence;Žalec
Studenčice;Medvode
Studenčice;Radovljica
Studenec;Postojna
Studenec;Sevnica
Studenec;Trebnje
Studenec Na Blokah;Bloke
Studenec Pri Krtini;Domžale
Studenice;Poljčane
Studeno;Postojna
Studeno;Železniki
Studeno Na Blokah;Bloke
Studor;Gorenja Vas-Poljane
Studor V Bohinju;Bohinj
Suha;Škofja Loka
Suha Pri Predosljah;Kranj
Suhadol;Laško
Suhadol;Slovenske Konjice
Suhadole;Komenda
Suhadole;Litija
Suhi Potok;Kočevje
Suhi Vrh;Moravske Toplice
Suhi Vrh;Prevalje
Suho;Dobje
Suhor;Kostel
Suhor;Novo Mesto
Suhor Pri Dol. Toplicah;Dolenjske Toplice
Suhorje;Pivka
Suša;Gorenja Vas-Poljane
Suša;Ig
Suša;Lukovica
Sušak;Ilirska Bistrica
Sušica;Ivančna Gorica
Sušje;Ribnica
Sužid;Kobarid
Sv. Ana V Slov. Goricah;Sveta Ana
Sv. Andrej;Škofja Loka
Sv. Anton;Koper
Sv. Anton Na Pohorju;Radlje Ob Dravi
Sv. Barbara;Škofja Loka
Sv. Boštjan;Dravograd
Sv. Danijel;Dravograd
Sv. Duh;Dravograd
Sv. Duh;Škofja Loka
Sv. Duh Na Ostrem Vrhu;Selnica Ob Dravi
Sv. Ema;Podčetrtek
Sv. Florijan;Rogaška Slatina
Sv. Gregor;Ribnica
Sv. Jernej Nad Muto;Muta
Sv. Jurij;Rogatec
Sv. Lenart;Škofja Loka
Sv. Lovrenc;Prebold
Sv. Ožbolt;Škofja Loka
Sv. Peter;Piran
Sv. Petra Hrib;Škofja Loka
Sv. Primož Na Pohorju;Vuzenica
Sv. Primož Nad Muto;Muta
Sv. Tomaž;Škofja Loka
Sv. Trije Kralji;Radlje Ob Dravi
Sv. Trije Kralji V Slov. Gor.;Benedikt
Sv. Trojica;Domžale
Sv. Trojica V Slov. Goricah;Sveta Trojica V Slov. Goricah
Sv. Vid;Vuzenica
Sv. Vrh;Mokronog-Trebelno
Svečane;Šentilj
Svečina;Kungota
Sveta Ana Pri Ložu;Loška Dolina
Sveta Gora;Nova Gorica
Sveta Planina;Trbovlje
Sveta Trojica;Bloke
Svetelka;Šentjur
Sveti Andrej;Moravče
Sveti Duh;Bloke
Sveti Florijan Nad Škofjo Loko;Škofja Loka
Sveti Jernej;Slovenske Konjice
Sveti Jošt Nad Kranjem;Kranj
Sveti Jurij;Rogašovci
Sveti Jurij Ob Ščavnici;Sveti Jurij Ob Ščavnici
Sveti Lenart;Cerklje Na Gorenjskem
Sveti Štefan;Šmarje Pri Jelšah
Sveti Tomaž;Sveti Tomaž
Sveti Vid;Cerknica
Svetina;Štore
Svetinci;Destrnik
Svetinja;Trebnje
Svetinje;Ormož
Svetli Dol;Štore
Svetli Potok;Kočevje
Sveto;Komen
Svibnik;Črnomelj
Svibno;Radeče
Svinjsko;Sevnica
Svino;Kobarid
Svržaki;Metlika
Šafarsko;Razkrižje
Šahovec;Trebnje
Šalamenci;Puconci
Šalara;Koper
Šalinci;Ljutomer
Šalka Vas;Kočevje
Šalovci;Središče Ob Dravi
Šalovci;Šalovci
Šardinje;Ormož
Šared;Izola
Šavna Peč;Hrastnik
Ščit;Šmartno Pri Litiji
Ščurki;Velike Lašče
Ščurkovo;Cerknica
Šebrelje;Cerkno
Šedem;Krško
Šedina;Šentjur
Šegova Vas;Loški Potok
Šeki;Koper
Šembije;Ilirska Bistrica
Šemnik;Zagorje Ob Savi
Šempas;Nova Gorica
Šempeter Pri Gorici;Šempeter-Vrtojba
Šempeter V Savinj. Dolini;Žalec
Šenbric;Velenje
Šenčur;Šenčur
Šentanel;Prevalje
Šentgotard;Zagorje Ob Savi
Šentilj Pod Turjakom;Mislinja
Šentilj V Slov. Goricah;Šentilj
Šentjakob;Šentjernej
Šentjanž;Rečica Ob Savinji
Šentjanž;Sevnica
Šentjanž Nad Dravčami;Vuzenica
Šentjanž Nad Štorami;Štore
Šentjanž Pri Dravogradu;Dravograd
Šentjernej;Šentjernej
Šentjošt;Novo Mesto
Šentjošt Nad Horjulom;Dobrova-Polhov Gradec
Šentjungert;Celje
Šentjur;Šentjur
Šentjur Na Polju;Sevnica
Šentjurij Na Dolenjskem;Mirna Peč
Šentjurje;Ivančna Gorica
Šentlambert;Zagorje Ob Savi
Šentlovrenc;Trebnje
Šentovec;Slovenska Bistrica
Šentožbolt;Lukovica
Šentpavel;Ljubljana
Šentpavel Na Dolenjskem;Ivančna Gorica
Šentpavel Pri Domžalah;Domžale
Šentrupert;Braslovče
Šentrupert;Laško
Šentrupert;Šentrupert
Šenturška Gora;Cerklje Na Gorenjskem
Šentvid Pri Grobelnem;Šmarje Pri Jelšah
Šentvid Pri Lukovici;Lukovica
Šentvid Pri Planini;Šentjur
Šentvid Pri Stični;Ivančna Gorica
Šentvid Pri Zavodnju;Šoštanj
Šentviška Gora;Tolmin
Šepulje;Sežana
Šerovo;Šmarje Pri Jelšah
Šestdobe;Rače-Fram
Šešče Pri Preboldu;Prebold
Šetarova;Lenart
Ševlje;Škofja Loka
Ševnica;Mirna
Šibelji;Komen
Šibenik;Šentjur
Šikole;Kidričevo
Šilentabor;Pivka
Šinkov Turn;Vodice
Šipek;Črnomelj
Širje;Laško
Širmanski Hrib;Litija
Široka Set;Litija
Škalce;Slovenske Konjice
Škale;Velenje
Škalske Cirkovce;Velenje
Škamevec;Velike Lašče
Škarnice;Dobje
Škedenj;Slovenske Konjice
Škemljevec;Metlika
Šklendrovec;Zagorje Ob Savi
Škocjan;Divača
Škocjan;Domžale
Škocjan;Grosuplje
Škocjan;Koper
Škocjan;Škocjan
Škofce;Laško
Škofi;Komen
Škofija;Šmarje Pri Jelšah
Škofja Loka;Škofja Loka
Škofja Riža;Trbovlje
Škofja Vas;Celje
Škoflje;Divača
Škoflje;Ivančna Gorica
Škofljica;Škofljica
Škovec;Sevnica
Škovec;Trebnje
Škrabče;Bloke
Škrajnek;Ribnica
Škrbina;Komen
Škrilj;Kočevje
Škrilje;Ig
Škrilje;Metlika
Škrjanče;Ivančna Gorica
Škrjanče;Mirna
Škrjanče Pri Novem Mestu;Novo Mesto
Škrjančevo;Domžale
Škrljevo;Šentrupert
Škrlovica;Velike Lašče
Škufče;Bloke
Šlovrenc;Brda
Šmalčja Vas;Šentjernej
Šmarata;Loška Dolina
Šmarca;Kamnik
Šmarčna;Sevnica
Šmarje;Ajdovščina
Šmarje;Koper
Šmarje;Šentjernej
Šmarje Pri Jelšah;Šmarje Pri Jelšah
Šmarje Pri Sežani;Sežana
Šmarje-Sap;Grosuplje
Šmarješke Toplice;Šmarješke Toplice
Šmarjeta;Šmarješke Toplice
Šmarjeta Pri Celju;Celje
Šmartinske Cirkovce;Velenje
Šmartno;Brda
Šmartno;Cerklje Na Gorenjskem
Šmartno Na Pohorju;Slovenska Bistrica
Šmartno Ob Dreti;Nazarje
Šmartno Ob Paki;Šmartno Ob Paki
Šmartno Pri Litiji;Šmartno Pri Litiji
Šmartno Pri Slovenj Gradcu;Slovenj Gradec
Šmartno V Rožni Dolini;Celje
Šmartno V Tuhinju;Kamnik
Šmatevž;Braslovče
Šmaver;Nova Gorica
Šmaver;Trebnje
Šmihel;Laško
Šmihel;Nova Gorica
Šmihel;Pivka
Šmihel Nad Mozirjem;Mozirje
Šmihel Pod Nanosom;Postojna
Šmihel Pri Žužemberku;Žužemberk
Šmiklavž;Slovenj Gradec
Šmiklavž Pri Škofji Vasi;Celje
Šmohor;Laško
Šober;Maribor
Šomat;Šentilj
Šoštanj;Šoštanj
Špeharji;Črnomelj
Špičnik;Kungota
Špital;Zagorje Ob Savi
Špitalič;Kamnik
Špitalič Pri Slov. Konjicah;Slovenske Konjice
Šprinc;Razkrižje
Šratovci;Radenci
Št. Janž Pri Radljah;Radlje Ob Dravi
Št. Jurij;Grosuplje
Štajer;Kostel
Štajerska Vas;Slovenske Konjice
Štajngrob;Sevnica
Štajngrova;Benedikt
Štalcerji;Kočevje
Štangarske Poljane;Šmartno Pri Litiji
Štanjel;Komen
Štatenberg;Makole
Štatenberk;Mokronog-Trebelno
Štefan Pri Trebnjem;Trebnje
Štefanja Gora;Cerklje Na Gorenjskem
Štjak;Sežana
Štore;Štore
Štorje;Sežana
Štorovo;Bloke
Štravberk;Novo Mesto
Štrekljevec;Semič
Štrihovec;Šentilj
Štrit;Škocjan
Štrukljeva Vas;Cerknica
Šturmovci;Videm
Šujica;Dobrova-Polhov Gradec
Šulinci;Gornji Petrovci
Šumnik;Litija
Šutna;Kranj
Šutna;Krško
Tabor;Nova Gorica
Tabor;Sežana
Tabor;Tabor
Tajhte;Šentjur
Talčji Vrh;Črnomelj
Tanča Gora;Črnomelj
Tatinec;Kranj
Tatre;Hrpelje-Kozina
Tavžlje;Cerknica
Teharje;Celje
Tehovec;Medvode
Tekačevo;Rogaška Slatina
Telče;Sevnica
Telčice;Sevnica
Temenica;Ivančna Gorica
Temljine;Tolmin
Temnica;Miren-Kostanjevica
Tenetiše;Kranj
Tenetiše;Litija
Tepanje;Slovenske Konjice
Tepanjski Vrh;Slovenske Konjice
Tepe;Litija
Ter;Ljubno
Terbegovci;Sveti Jurij Ob Ščavnici
Tešanovci;Moravske Toplice
Tešova;Vransko
Tevče;Ajdovščina
Tevče;Laško
Tibolci;Gorišnica
Tihaboj;Litija
Tinjan;Koper
Tinjska Gora;Slovenska Bistrica
Tirna;Zagorje Ob Savi
Tisovec;Dobrepolje
Tišenpolj;Kostel
Tišina;Tišina
Tlaka;Litija
Tlake;Grosuplje
Tlake;Rogatec
Todraž;Gorenja Vas-Poljane
Tolčane;Ivančna Gorica
Tolmin;Tolmin
Tolminske Ravne;Tolmin
Tolminski Lom;Tolmin
Tolsti Vrh;Litija
Tolsti Vrh;Slovenske Konjice
Tolsti Vrh;Šentjernej
Tolsti Vrh P. R. Na K. – Del;Dravograd
Tolsti Vrh P. R. Na K. – Del;Ravne Na Koroškem
Tolsti Vrh Pri Mislinji;Mislinja
Tomačevica;Komen
Tomaj;Sežana
Tomaška Vas;Slovenj Gradec
Tomaž Nad Vojnikom;Vojnik
Tomažini;Velike Lašče
Tomažja Vas;Škocjan
Tominje;Ilirska Bistrica
Tomišelj;Ig
Topla;Črna Na Koroškem
Topla Reber;Kočevje
Topol;Bloke
Topol Pri Begunjah;Cerknica
Topol Pri Medvodah;Medvode
Topolc;Ilirska Bistrica
Topole;Mengeš
Topole;Rogaška Slatina
Topolje;Železniki
Topolovci;Cankova
Topolovec;Koper
Topolovec;Šmarje Pri Jelšah
Topolovo;Kozje
Topolšica;Šoštanj
Topovlje;Braslovče
Torka;Železniki
Torovo;Vodice
Toško Čelo;Ljubljana
Tovsto;Laško
Trata;Škofja Loka
Trata Pri Velesovem;Cerklje Na Gorenjskem
Trate;Šentilj
Tratna Ob Voglajni;Šentjur
Tratna Pri Grobelnem;Šentjur
Trava;Loški Potok
Travna Gora;Sodražica
Travni Dol;Novo Mesto
Travnik;Cerkno
Travnik;Loški Potok
Trbinc;Mirna
Trboje;Šenčur
Trbonje;Dravograd
Trbovlje;Trbovlje
Trčkov Grič;Vrhnika
Trčova;Maribor
Trdkova;Kuzma
Trdobojci;Videm
Trebanjski Vrh;Trebnje
Trebča Vas;Žužemberk
Trebče;Bistrica Ob Sotli
Trebelno;Mokronog-Trebelno
Trebelno Pri Palovčah;Kamnik
Trebenče;Cerkno
Trebeše;Koper
Trebež;Brežice
Trebež;Ivančna Gorica
Trebija;Gorenja Vas-Poljane
Trebižani;Komen
Trebnja Gorica;Ivančna Gorica
Trebnje;Trebnje
Trebnji Vrh;Semič
Tremerje;Celje
Trenta;Bovec
Trgovišče;Ormož
Triban;Koper
Tribej;Dravograd
Tribuče;Črnomelj
Trimlini;Lendava
Trlično;Rogatec
Trnava;Braslovče
Trniče;Starše
Trnjava;Lukovica
Trnje;Črenšovci
Trnje;Pivka
Trnje;Škofja Loka
Trnje;Trebnje
Trno;Šentjur
Trnov Hrib;Laško
Trnovci;Sveti Tomaž
Trnovče;Lukovica
Trnovec;Kočevje
Trnovec;Medvode
Trnovec;Metlika
Trnovec;Rečica Ob Savinji
Trnovec;Sevnica
Trnovec;Videm
Trnovec Pri Dramljah;Šentjur
Trnovec Pri Slovenski Bistrici;Slovenska Bistrica
Trnovica;Ivančna Gorica
Trnovlje Pri Celju;Celje
Trnovlje Pri Socki;Vojnik
Trnovo;Laško
Trnovo;Nova Gorica
Trnovo Ob Soči;Kobarid
Trnovska Vas;Trnovska Vas
Trnovski Vrh;Trnovska Vas
Trobelno;Kamnik
Troblje;Slovenj Gradec
Trobni Dol;Laško
Trojane;Lukovica
Trojno;Laško
Tropovci;Tišina
Troščine;Grosuplje
Trotkova;Benedikt
Trpčane;Ilirska Bistrica
Trsek;Koper
Trstenik;Benedikt
Trstenik;Kranj
Trstenik;Ormož
Trstenik;Šentrupert
Trščina;Sevnica
Trška Gora;Krško
Trška Gora;Novo Mesto
Trška Gorca;Šentjur
Trtnik;Tolmin
Truške;Koper
Trzin;Trzin
Tržec;Videm
Tržič;Dobrepolje
Tržič;Tržič
Tržišče;Rogaška Slatina
Tržišče;Sevnica
Tublje Pri Hrpeljah;Hrpelje-Kozina
Tublje Pri Komnu;Sežana
Tučna;Kamnik
Tuji Grm;Ljubljana
Tuljaki;Koper
Tuncovec;Rogaška Slatina
Tunjice;Kamnik
Tunjiška Mlaka;Kamnik
Tupaliče;Preddvor
Tupelče;Komen
Turiška Vas;Slovenj Gradec
Turiška Vas Na Pohorju;Slovenska Bistrica
Turjak;Velike Lašče
Turjanci;Radenci
Turjanski Vrh;Radenci
Turje;Hrastnik
Turnišče;Turnišče
Turno;Šentjur
Turnše;Domžale
Turški Vrh;Zavrč
Tušev Dol;Črnomelj
Učak;Lukovica
Učakovci;Črnomelj
Udje;Grosuplje
Udmat;Laško
Ugovec;Oplotnica
Ukanc;Bohinj
Ukanje;Kanal
Ulaka;Bloke
Ulaka;Velike Lašče
Unec;Cerknica
Unično;Hrastnik
Uniše;Šentjur
Urh;Slovenska Bistrica
Uršlja Gora;Ravne Na Koroškem
Uršna Sela;Novo Mesto
Ustje;Ajdovščina
Utik;Vodice
Utovlje;Sežana
Uzmani;Velike Lašče
V Zideh;Lukovica
Vače;Litija
Vadarci;Puconci
Vadiče;Tržič
Vajgen;Pesnica
Valburga;Medvode
Vale;Komen
Valična Vas;Ivančna Gorica
Valterski Vrh;Škofja Loka
Vanča Vas;Tišina
Vaneča;Puconci
Vanetina;Cerkvenjak
Vanganel;Koper
Varda;Sveti Jurij V Slov. Goricah
Vareja;Videm
Vareje;Divača
Varoš;Makole
Varpolje;Rečica Ob Savinji
Vas;Kostel
Vas;Radlje Ob Dravi
Vaseno;Kamnik
Vašca;Cerklje Na Gorenjskem
Vaše;Medvode
Vatovlje;Divača
Vavpča Vas Pri Dobrniču;Trebnje
Vavta Vas;Straža
Večeslavci;Rogašovci
Večje Brdo;Dobje
Večkoti;Komen
Vedrijan;Brda
Vejar;Trebnje
Vejice;Šentjur
Velenje;Velenje
Velesovo;Cerklje Na Gorenjskem
Veličane;Ormož
Velika Brda;Postojna
Velika Bukovica;Ilirska Bistrica
Velika Dobrava;Ivančna Gorica
Velika Dolina;Brežice
Velika Goba;Litija
Velika Hubajnica;Sevnica
Velika Ilova Gora;Grosuplje
Velika Kostrevnica;Šmartno Pri Litiji
Velika Lahinja;Črnomelj
Velika Lašna;Kamnik
Velika Ligojna;Vrhnika
Velika Loka;Grosuplje
Velika Loka;Trebnje
Velika Nedelja;Ormož
Velika Pirešica;Žalec
Velika Planina;Kamnik
Velika Polana;Velika Polana
Velika Preska;Litija
Velika Pristava;Pivka
Velika Račna;Grosuplje
Velika Raven;Vojnik
Velika Sela;Črnomelj
Velika Slevica;Velike Lašče
Velika Stara Vas;Grosuplje
Velika Strmica;Mokronog-Trebelno
Velika Ševnica;Trebnje
Velika Štanga;Šmartno Pri Litiji
Velika Varnica;Videm
Velika Vas;Moravče
Velika Vas Pri Krškem;Krško
Velike Bloke;Bloke
Velike Brusnice;Novo Mesto
Velike Češnjice;Ivančna Gorica
Velike Dole;Trebnje
Velike Dole Pri Temenici;Ivančna Gorica
Velike Gorelce;Laško
Velike Grahovše;Laško
Velike Kompolje;Ivančna Gorica
Velike Lašče;Velike Lašče
Velike Lese;Ivančna Gorica
Velike Lipljene;Grosuplje
Velike Loče;Hrpelje-Kozina
Velike Malence;Brežice
Velike Pece;Ivančna Gorica
Velike Poljane;Ribnica
Velike Poljane;Škocjan
Velike Rebrce;Ivančna Gorica
Velike Rodne;Rogaška Slatina
Velike Vodenice;Kostanjevica Na Krki
Velike Vrhe;Ivančna Gorica
Velike Žablje;Ajdovščina
Veliki Ban;Šentjernej
Veliki Boč;Selnica Ob Dravi
Veliki Brebrovnik;Ormož
Veliki Cerovec;Novo Mesto
Veliki Cirnik;Sevnica
Veliki Dol;Krško
Veliki Dol;Sežana
Veliki Gaber;Trebnje
Veliki Hrib;Kamnik
Veliki Jelnik;Lukovica
Veliki Kal;Ivančna Gorica
Veliki Kal;Mirna Peč
Veliki Kamen;Krško
Veliki Koren;Krško
Veliki Korinj;Ivančna Gorica
Veliki Lipoglav;Ljubljana
Veliki Lipovec;Žužemberk
Veliki Ločnik;Velike Lašče
Veliki Nerajec;Črnomelj
Veliki Obrež;Brežice
Veliki Okič;Videm
Veliki Orehek;Novo Mesto
Veliki Osolnik;Velike Lašče
Veliki Otok;Postojna
Veliki Podljuben;Novo Mesto
Veliki Podlog;Krško
Veliki Rakitovec;Kamnik
Veliki Rigelj;Dolenjske Toplice
Veliki Slatnik;Novo Mesto
Veliki Trn;Krško
Veliki Videm;Trebnje
Veliki Vrh;Bloke
Veliki Vrh;Cirkulane
Veliki Vrh;Šmartno Ob Paki
Veliki Vrh Pri Litiji;Litija
Veliki Vrh Pri Šmarju;Grosuplje
Veliko Brdo;Ilirska Bistrica
Veliko Črnelo;Ivančna Gorica
Veliko Globoko;Ivančna Gorica
Veliko Lipje;Žužemberk
Veliko Mlačevo;Grosuplje
Veliko Mraševo;Krško
Veliko Polje;Sežana
Veliko Širje;Laško
Veliko Tinje;Slovenska Bistrica
Veliko Trebeljevo;Ljubljana
Veliko Ubeljsko;Postojna
Velka;Dravograd
Veniše;Krško
Verače;Podčetrtek
Verd;Vrhnika
Verdun;Novo Mesto
Verdun Pri Uršnih Selih;Dolenjske Toplice
Verje;Medvode
Vernek;Litija
Verpete;Vojnik
Veržej;Veržej
Vesca;Vodice
Vesela Gora;Šentrupert
Veščica;Murska Sobota
Veščica;Razkrižje
Vešenik;Slovenske Konjice
Vešter;Škofja Loka
Vetrnik;Kozje
Vezovje;Šentjur
Vič;Dravograd
Vičanci;Ormož
Vidanovci;Ljutomer
Videm;Dobrepolje
Videm;Dol Pri Ljubljani
Videm;Krško
Videm Pri Lukovici;Lukovica
Videm Pri Ptuju;Videm
Videm Pri Temenici;Ivančna Gorica
Videž;Slovenska Bistrica
Vidonci;Grad
Vidošiči;Metlika
Vidovica;Podčetrtek
Vidrga;Zagorje Ob Savi
Vihre;Krško
Vikrče;Medvode
Vimolj;Kostel
Vimolj Pri Predgradu;Kočevje
Vinarje;Maribor
Vinarje;Slovenska Bistrica
Vincarje;Škofja Loka
Vine;Vojnik
Vine;Zagorje Ob Savi
Vinec;Rogaška Slatina
Vinharje;Gorenja Vas-Poljane
Vinica;Črnomelj
Vinica Pri Šmarjeti;Šmarješke Toplice
Vinice;Sodražica
Vinička Vas;Lenart
Vinja Vas;Novo Mesto
Vinje;Dol Pri Ljubljani
Vinje Pri Moravčah;Moravče
Vinji Vrh;Brežice
Vinji Vrh;Šmarješke Toplice
Vinji Vrh;Šmartno Pri Litiji
Vinji Vrh Pri Semiču;Semič
Vinkov Vrh;Žužemberk
Vino;Grosuplje
Vinska Gora;Velenje
Vinska Gorica;Dobrna
Vinski Vrh;Ormož
Vinski Vrh Pri Šmarju;Šmarje Pri Jelšah
Vintarjevec;Šmartno Pri Litiji
Vintarji;Ribnica
Vintarovci;Destrnik
Vipava;Vipava
Vipavski Križ;Ajdovščina
Vipolže;Brda
Vir;Domžale
Vir Pri Nevljah;Kamnik
Vir Pri Stični;Ivančna Gorica
Virlog;Škofja Loka
Virmaše;Škofja Loka
Virštanj;Podčetrtek
Visejec;Žužemberk
Visoče;Šentjur
Visoče;Tržič
Visoko;Ig
Visoko;Šenčur
Visoko Pri Poljanah;Škofja Loka
Visole;Slovenska Bistrica
Višelnica;Gorje
Viševca;Cerklje Na Gorenjskem
Viševek;Loška Dolina
Višnja Gora;Ivančna Gorica
Višnja Vas;Vojnik
Višnje;Ajdovščina
Višnje;Ivančna Gorica
Višnjevik;Brda
Višnji Grm;Šmartno Pri Litiji
Vitan;Ormož
Vitanje;Vitanje
Vitanjsko Skomarje;Vitanje
Vitna Vas;Brežice
Vitomarci;Sveti Andraž V Slov. Goricah
Vitovlje;Nova Gorica
Vizore;Vojnik
Vnajnarje;Ljubljana
Vnanje Gorice;Brezovica
Vodenovo;Šmarje Pri Jelšah
Vodice;Ajdovščina
Vodice;Dobrepolje
Vodice;Vodice
Vodice Nad Kamnikom;Kamnik
Vodice Pri Gabrovki;Litija
Vodice Pri Kalobju;Šentjur
Vodice Pri Slivnici;Šentjur
Vodiško;Laško
Vodole;Maribor
Vodranci;Ormož
Vodriž;Slovenj Gradec
Vodruž;Šentjur
Voduce;Šentjur
Vodule;Šentjur
Voglajna;Šentjur
Voglarji;Nova Gorica
Voglje;Sežana
Voglje;Šenčur
Vogričevci;Ljutomer
Vogrsko;Renče-Vogrsko
Vojna Vas;Črnomelj
Vojnik;Vojnik
Vojsko;Idrija
Vojsko;Kozje
Vojsko;Vodice
Vojščica;Miren-Kostanjevica
Voklo;Šenčur
Volaka;Gorenja Vas-Poljane
Volarje;Tolmin
Volavlje;Ljubljana
Volča;Gorenja Vas-Poljane
Volčanski Ruti;Tolmin
Volče;Pivka
Volče;Tolmin
Volčja Draga;Renče-Vogrsko
Volčja Jama;Šmartno Pri Litiji
Volčja Jama;Trebnje
Volčje;Bloke
Volčje;Brežice
Volčje Njive;Mirna
Volčji Grad;Komen
Volčji Potok;Kamnik
Volčkova Vas;Šentjernej
Volog;Nazarje
Vologa;Vransko
Volovnik;Krško
Vonarje;Podčetrtek
Vopovlje;Cerklje Na Gorenjskem
Vosek;Pesnica
Vošce;Lukovica
Vošče;Radovljica
Vovše;Litija
Vrabče;Sežana
Vranja Peč;Kamnik
Vranje;Sevnica
Vranji Vrh;Šentilj
Vranke;Lukovica
Vranoviči;Črnomelj
Vransko;Vransko
Vrata;Dravograd
Vrata;Šmartno Pri Litiji
Vratja Vas;Apače
Vratji Vrh;Apače
Vratno;Šentjernej
Vrba;Dobrna
Vrba;Lukovica
Vrba;Žirovnica
Vrbica;Ilirska Bistrica
Vrbičje;Grosuplje
Vrbina;Krško
Vrbje;Kostanjevica Na Krki
Vrbje;Žalec
Vrbljene;Ig
Vrbnje;Radovljica
Vrbno;Šentjur
Vrbovce;Šentjernej
Vrbovec;Kočevje
Vrbovec;Trebnje
Vrbovo;Ilirska Bistrica
Vrčice;Semič
Vremski Britof;Divača
Vrenska Gorca;Kozje
Vrh;Loška Dolina
Vrh;Šentrupert
Vrh;Šmarje Pri Jelšah
Vrh;Velike Lašče
Vrh;Zagorje Ob Savi
Vrh Nad Krašnjo;Lukovica
Vrh Nad Laškim;Laško
Vrh Nad Želimljami;Škofljica
Vrh Pri Boštanju;Sevnica
Vrh Pri Dolskem;Dol Pri Ljubljani
Vrh Pri Fari;Kostel
Vrh Pri Hinjah;Žužemberk
Vrh Pri Križu;Žužemberk
Vrh Pri Ljubnu;Novo Mesto
Vrh Pri Mlinšah;Zagorje Ob Savi
Vrh Pri Pahi;Novo Mesto
Vrh Pri Poljanah;Ribnica
Vrh Pri Površju;Krško
Vrh Pri Sobračah;Ivančna Gorica
Vrh Pri Šentjerneju;Šentjernej
Vrh Pri Trebelnem;Mokronog-Trebelno
Vrh Pri Višnji Gori;Ivančna Gorica
Vrh Sv. Treh Kraljev;Logatec
Vrhe;Celje
Vrhe;Novo Mesto
Vrhe;Slovenj Gradec
Vrhe – Del;Trbovlje
Vrhe – Del;Zagorje Ob Savi
Vrhek;Sevnica
Vrhje;Brežice
Vrhloga;Slovenska Bistrica
Vrhnika;Vrhnika
Vrhnika Pri Ložu;Loška Dolina
Vrhole Pri Laporju;Slovenska Bistrica
Vrhole Pri Slov. Konjicah;Slovenska Bistrica
Vrhov Dol;Maribor
Vrhovci;Črnomelj
Vrhovje;Cerklje Na Gorenjskem
Vrhovlje;Lukovica
Vrhovlje;Sežana
Vrhovlje Pri Kojskem;Brda
Vrhovlje Pri Kožbani;Brda
Vrhovo;Radeče
Vrhovo Pri Mirni Peči;Mirna Peč
Vrhovo Pri Šentlovrencu;Trebnje
Vrhovo Pri Žužemberku;Žužemberk
Vrhovska Vas;Brežice
Vrhpeč;Mirna Peč
Vrhpolje;Hrpelje-Kozina
Vrhpolje;Vipava
Vrhpolje Pri Kamniku;Kamnik
Vrhpolje Pri Moravčah;Moravče
Vrhpolje Pri Šentvidu;Ivančna Gorica
Vrhtrebnje;Trebnje
Vrhulje;Krško
Vrsno;Kobarid
Vršna Vas;Šmarje Pri Jelšah
Vršnik;Kungota
Vrt;Kočevje
Vrtača;Kostanjevica Na Krki
Vrtače;Trebnje
Vrtoče;Miren-Kostanjevica
Vrtojba;Šempeter-Vrtojba
Vrtovče;Ajdovščina
Vrtovin;Ajdovščina
Vrzdenec;Horjul
Vučja Gomila;Moravske Toplice
Vučja Vas;Križevci
Vuhred;Radlje Ob Dravi
Vukovci;Črnomelj
Vukovje;Pesnica
Vukovski Dol;Pesnica
Vukovski Vrh;Pesnica
Vurberk;Duplek
Vurmat – Del;Podvelka
Vurmat – Del;Selnica Ob Dravi
Vuzenica;Vuzenica
Vuzmetinci;Ormož
Za Kalvarijo;Maribor
Zabava;Zagorje Ob Savi
Zabavlje;Koper
Zabiče;Ilirska Bistrica
Zabočevo;Borovnica
Zabork;Zreče
Zaboršt;Domžale
Zaboršt;Kostanjevica Na Krki
Zaboršt;Škocjan
Zaboršt Pri Dolu;Dol Pri Ljubljani
Zaboršt Pri Šentvidu;Ivančna Gorica
Zabovci;Markovci
Zabrdje;Mirna
Zabrdo;Železniki
Zabrekve;Železniki
Zabreznica;Žirovnica
Zabreznik;Zagorje Ob Savi
Zabrež;Laško
Zabrežnik;Žiri
Zabukovica;Žalec
Zabukovje;Kranj
Zabukovje;Šentrupert
Zabukovje;Vojnik
Zabukovje Nad Sevnico;Sevnica
Zabukovje Pri Raki;Krško
Začret;Celje
Zadlaz-Čadrg;Tolmin
Zadlaz-Žabče;Tolmin
Zadlog;Idrija
Zadniki;Ribnica
Zadnja Vas;Radovljica
Zadobje;Gorenja Vas-Poljane
Zadobrova;Celje
Zadolje;Ribnica
Zadraga;Naklo
Zadrže;Šmarje Pri Jelšah
Zafara;Žužemberk
Zagaj;Bistrica Ob Sotli
Zagaj Pod Bočem;Rogaška Slatina
Zagaj Pri Ponikvi;Šentjur
Zagajski Vrh;Gornja Radgona
Zagojiči;Gorišnica
Zagomila;Kanal
Zagon;Postojna
Zagora;Kanal
Zagorci;Juršinci
Zagorica;Dobrepolje
Zagorica;Litija
Zagorica;Mirna
Zagorica Nad Kamnikom;Kamnik
Zagorica Pri Čatežu;Trebnje
Zagorica Pri Dobrniču;Trebnje
Zagorica Pri Dolskem;Dol Pri Ljubljani
Zagorica Pri Rovah;Domžale
Zagorica Pri Velikem Gabru;Trebnje
Zagorje;Kozje
Zagorje;Pivka
Zagorje;Sveti Tomaž
Zagorje Ob Savi;Zagorje Ob Savi
Zagozd;Litija
Zagozdac;Črnomelj
Zagrad;Prevalje
Zagrad;Radeče
Zagrad;Škocjan
Zagrad Pri Otočcu;Novo Mesto
Zagradec;Ivančna Gorica
Zagradec Pri Grosupljem;Grosuplje
Zagradišče;Ljubljana
Zagrajec;Komen
Zagrič;Šmartno Pri Litiji
Zahomce;Vransko
Zahrib;Cerknica
Zajasovnik – Del;Kamnik
Zajasovnik – Del;Vransko
Zajčje Polje;Kočevje
Zajčji Vrh;Črnomelj
Zajčji Vrh Pri Stopičah;Novo Mesto
Zajelše;Dol Pri Ljubljani
Zajelšje;Ilirska Bistrica
Zakal;Kamnik
Zakl;Braslovče
Zakl;Podlehnik
Zaklanec;Horjul
Zakobiljek;Gorenja Vas-Poljane
Zakojca;Cerkno
Zakraj;Bloke
Zakraj;Tolmin
Zakriž;Cerkno
Zala;Cerknica
Zala;Železniki
Zalči;Ilirska Bistrica
Zales;Bloke
Zali Breg;Brda
Zali Log;Železniki
Zalisec;Žužemberk
Zalog;Kranj
Zalog;Straža
Zalog Pod Sv. Trojico;Domžale
Zalog Pod Uršulo;Šentjur
Zalog Pri Cerkljah;Cerklje Na Gorenjskem
Zalog Pri Kresnicah;Moravče
Zalog Pri Moravčah;Moravče
Zalog Pri Šempetru;Žalec
Zalog Pri Škocjanu;Škocjan
Zalog Pri Škofljici;Škofljica
Zaloka;Šentrupert
Zaloke;Krško
Zalošče;Nova Gorica
Zaloše;Radovljica
Zaloška Gorica;Žalec
Založe;Polzela
Zamarkova;Lenart
Zameško;Šentjernej
Zamostec;Sodražica
Zamušani;Gorišnica
Zanigrad;Koper
Zaplana;Vrhnika
Zaplana – Del;Logatec
Zaplanina;Vransko
Zapodje;Litija
Zapoge;Vodice
Zapotok;Ig
Zapotok;Kanal
Zapotok;Sodražica
Zapreval;Gorenja Vas-Poljane
Zapudje;Črnomelj
Zapuže;Radovljica
Zapuže;Šentjernej
Zapuže Pri Kostelu;Kostel
Zapuže Pri Ribnici;Ribnica
Zarečica;Ilirska Bistrica
Zarečje;Ilirska Bistrica
Zasadi;Destrnik
Zasadi;Križevci
Zasap;Brežice
Zasavci;Ormož
Zasip;Bled
Zastava;Črnomelj
Zastranje;Šmarje Pri Jelšah
Zatolmin;Tolmin
Zavine;Zagorje Ob Savi
Zavinek;Škocjan
Zavino;Ajdovščina
Zavodice;Nazarje
Zavodnje;Šoštanj
Zavrate;Radeče
Zavratec;Idrija
Zavratec;Sevnica
Zavrč;Zavrč
Zavrh;Bloke
Zavrh;Lenart
Zavrh;Litija
Zavrh;Trebnje
Zavrh Nad Dobrno;Dobrna
Zavrh Pod Šmarno Goro;Medvode
Zavrh Pri Borovnici;Vrhnika
Zavrh Pri Črnivcu;Kamnik
Zavrh Pri Galiciji;Žalec
Zavrh Pri Trojanah;Lukovica
Zavrhek;Divača
Zavrstnik;Šmartno Pri Litiji
Završe;Mislinja
Završe Pri Dobjem;Dobje
Završe Pri Grobelnem;Šmarje Pri Jelšah
Završje;Trbovlje
Zavrtače;Ivančna Gorica
Zazid;Koper
Zbelovo;Slovenske Konjice
Zbelovska Gora;Slovenske Konjice
Zbigovci;Gornja Radgona
Zbilje;Medvode
Zbure;Šmarješke Toplice
Zdenska Vas;Dobrepolje
Zdihovo;Kočevje
Zdole;Kozje
Zdole;Krško
Zduša;Kamnik
Zeče;Slovenske Konjice
Zeče Pri Bučah;Kozje
Zelen Breg;Ravne Na Koroškem
Zelše;Cerknica
Zemelj;Metlika
Zemono;Vipava
Zenkovci;Puconci
Zglavnica;Litija
Zgonče;Velike Lašče
Zgornja Bačkova;Sveta Ana
Zgornja Bela;Preddvor
Zgornja Besnica;Kranj
Zgornja Besnica;Ljubljana
Zgornja Bistrica;Slovenska Bistrica
Zgornja Brežnica;Slovenska Bistrica
Zgornja Dobrava;Moravče
Zgornja Dobrava;Radovljica
Zgornja Draga;Ivančna Gorica
Zgornja Gorica;Rače-Fram
Zgornja Hajdina;Hajdina
Zgornja Jablanica;Šmartno Pri Litiji
Zgornja Javoršica;Moravče
Zgornja Jevnica;Litija
Zgornja Kapla;Podvelka
Zgornja Korena;Duplek
Zgornja Kostrivnica;Rogaška Slatina
Zgornja Kungota;Kungota
Zgornja Lipnica;Radovljica
Zgornja Ložnica;Slovenska Bistrica
Zgornja Luša;Škofja Loka
Zgornja Nova Vas;Slovenska Bistrica
Zgornja Orlica;Ribnica Na Pohorju
Zgornja Pohanca;Brežice
Zgornja Polskava;Slovenska Bistrica
Zgornja Pristava;Slovenske Konjice
Zgornja Pristava;Videm
Zgornja Radovna;Kranjska Gora
Zgornja Rečica;Laško
Zgornja Ročica;Sveta Ana
Zgornja Selnica;Selnica Ob Dravi
Zgornja Senarska;Sveta Trojica V Slov. Goricah
Zgornja Senica;Medvode
Zgornja Slivnica;Grosuplje
Zgornja Sorica;Železniki
Zgornja Sveča;Majšperk
Zgornja Ščavnica;Sveta Ana
Zgornja Velka;Šentilj
Zgornja Vižinga;Radlje Ob Dravi
Zgornja Voličina;Lenart
Zgornje Bitnje;Kranj
Zgornje Danje;Železniki
Zgornje Dobrenje;Šentilj
Zgornje Duplice;Grosuplje
Zgornje Duplje;Naklo
Zgornje Gameljne;Ljubljana
Zgornje Gorče;Braslovče
Zgornje Gorje;Gorje
Zgornje Gradišče;Šentilj
Zgornje Gruškovje;Podlehnik
Zgornje Grušovje;Oplotnica
Zgornje Grušovlje;Žalec
Zgornje Hlapje;Pesnica
Zgornje Hoče;Hoče-Slivnica
Zgornje Jablane;Kidričevo
Zgornje Jarše;Domžale
Zgornje Jezersko;Jezersko
Zgornje Konjišče;Apače
Zgornje Koseze;Moravče
Zgornje Laze;Gorje
Zgornje Laže;Slovenske Konjice
Zgornje Loke;Lukovica
Zgornje Mladetiče;Sevnica
Zgornje Negonje;Rogaška Slatina
Zgornje Palovče;Kamnik
Zgornje Partinje;Sveti Jurij V Slov. Goricah
Zgornje Pirniče;Medvode
Zgornje Pobrežje;Rečica Ob Savinji
Zgornje Poljčane;Poljčane
Zgornje Prapreče;Lukovica
Zgornje Prebukovje;Slovenska Bistrica
Zgornje Roje;Žalec
Zgornje Sečovo;Rogaška Slatina
Zgornje Selce;Šentjur
Zgornje Slemene;Šentjur
Zgornje Stranje;Kamnik
Zgornje Škofije;Koper
Zgornje Tinsko;Šmarje Pri Jelšah
Zgornje Verjane;Sveta Trojica V Slov. Goricah
Zgornje Vetrno;Tržič
Zgornje Vodale;Sevnica
Zgornje Vrtiče;Kungota
Zgornji Boč;Selnica Ob Dravi
Zgornji Brnik;Cerklje Na Gorenjskem
Zgornji Čačič;Osilnica
Zgornji Dražen Vrh;Šentilj
Zgornji Duplek;Duplek
Zgornji Gabernik;Rogaška Slatina
Zgornji Gasteraj;Sveti Jurij V Slov. Goricah
Zgornji Hotič;Litija
Zgornji Jakobski Dol;Pesnica
Zgornji Janževski Vrh;Ribnica Na Pohorju
Zgornji Kamenščak;Ljutomer
Zgornji Kocjan;Radenci
Zgornji Kozji Vrh;Radlje Ob Dravi
Zgornji Lehen Na Pohorju;Ribnica Na Pohorju
Zgornji Leskovec;Videm
Zgornji Log;Litija
Zgornji Motnik;Kamnik
Zgornji Obrež;Brežice
Zgornji Otok;Radovljica
Zgornji Petelinjek;Lukovica
Zgornji Porčič;Sveta Trojica V Slov. Goricah
Zgornji Prekar;Moravče
Zgornji Prhovec;Zagorje Ob Savi
Zgornji Razbor;Slovenj Gradec
Zgornji Slemen – Del;Maribor
Zgornji Slemen – Del;Selnica Ob Dravi
Zgornji Tuhinj;Kamnik
Zgornji Tuštanj;Moravče
Zgornji Velovlek;Destrnik
Zgornji Žerjavci;Lenart
Zgoša;Radovljica
Zibika;Šmarje Pri Jelšah
Zibiška Vas;Šmarje Pri Jelšah
Zibovnik;Cerknica
Zidani Most;Laško
Zidani Most;Trebnje
Zilje;Črnomelj
Zimica;Duplek
Zlakova;Zreče
Zlateče;Vojnik
Zlateče Pri Šentjurju;Šentjur
Zlatenek;Lukovica
Zlati Rep;Ribnica
Zlato Polje;Lukovica
Zlatoličje;Starše
Zloganje;Škocjan
Zlogona Gora;Oplotnica
Zlogona Vas;Oplotnica
Zminec;Škofja Loka
Znojile;Kamnik
Znojile;Tolmin
Znojile;Zagorje Ob Savi
Znojile Pri Krki;Ivančna Gorica
Znojile Pri Studencu;Sevnica
Zorenci;Črnomelj
Zreče;Zreče
Zrkovci;Maribor
Zvirče;Tržič
Zvodno;Celje
Žabče;Tolmin
Žabja Vas;Gorenja Vas-Poljane
Žabjek;Trebnje
Žabjek V Podbočju;Krško
Žablje;Kranj
Žabljek;Slovenska Bistrica
Žabnica;Brezovica
Žabnica;Kranj
Žadovinek;Krško
Žaga;Bovec
Žaga;Kamnik
Žaga;Velike Lašče
Žagolič;Ajdovščina
Žahenberc;Rogatec
Žalec;Žalec
Žalna;Grosuplje
Žaloviče;Šmarješke Toplice
Žamenci;Dornava
Žapuže;Ajdovščina
Žažar;Horjul
Ždinja Vas;Novo Mesto
Žebnik;Radeče
Žegar;Šentjur
Žeje;Domžale
Žeje;Naklo
Žeje;Postojna
Žeje Pri Komendi;Komenda
Žejno;Brežice
Želče;Vojnik
Želebej;Metlika
Železne Dveri;Ljutomer
Železnica;Grosuplje
Železniki;Metlika
Železniki;Železniki
Železno;Trebnje
Železno;Žalec
Želimlje;Škofljica
Željne;Kočevje
Želodnik;Domžale
Ženavlje;Gornji Petrovci
Ženik;Sveti Jurij Ob Ščavnici
Ženje;Krško
Žepina;Celje
Žepovci;Apače
Žerjav;Črna Na Koroškem
Žerjavin;Šentjernej
Žerjavka;Šenčur
Žerovinci;Ormož
Žerovnica;Cerknica
Žetale;Žetale
Žiberci;Apače
Žibrše;Logatec
Žice;Sveta Ana
Žiče;Domžale
Žiče;Slovenske Konjice
Žiganja Vas;Tržič
Žigon;Laško
Žigrski Vrh;Sevnica
Žihlava;Sveti Jurij Ob Ščavnici
Žihovo Selo;Novo Mesto
Žikarce;Duplek
Žimarice;Sodražica
Žiri;Žiri
Žirje;Sežana
Žirovnica;Idrija
Žirovnica;Sevnica
Žirovnica;Žirovnica
Žirovski Vrh;Žiri
Žirovski Vrh Sv. Antona;Gorenja Vas-Poljane
Žirovski Vrh Sv. Urbana;Gorenja Vas-Poljane
Žirovše;Lukovica
Žitence;Sveti Jurij V Slov. Goricah
Žitkovci;Dobrovnik
Žižki;Črenšovci
Žlabor;Nazarje
Žlan;Bohinj
Žlebe;Medvode
Žlebič;Ribnica
Žrnova;Radenci
Žubejevo;Kamnik
Žubina;Trebnje
Žukovo;Ribnica
Žuniči;Črnomelj
Župa;Trbovlje
Župančiči;Koper
Županje Njive;Kamnik
Župeča Vas;Brežice
Župečja Vas;Kidričevo
Župelevec;Brežice
Župeno;Cerknica
Župetinci;Cerkvenjak
Žurge;Osilnica
Žurkov Dol;Sevnica
Žužemberk;Žužemberk
Žvab;Ormož
Žvabovo;Šentjernej
Žvarulje;Zagorje Ob Savi
Žvirče;Žužemberk